entry_number,gulper_id,task,subtask,entry_start_time,entry_end_time,duration_seconds,job_id
1,5,Fluidizing,Adding water,08:46:26,08:48:07,101.5,2026-05-08_01
2,17,Fluidizing,Adding water,08:46:31,08:47:52,80.6,2026-05-08_01
3,17,Fluidizing,Mixing,08:47:52,08:50:30,158.3,2026-05-08_01
4,5,Communication,With other gulper(s),08:48:07,08:50:27,140.2,2026-05-08_01
5,5,Fluidizing,Mixing,08:50:35,08:51:50,75.2,2026-05-08_01
6,17,Rest,,08:50:40,08:52:53,133.8,2026-05-08_01
7,5,Rest,,08:51:50,08:51:55,4.9,2026-05-08_01
8,5,Fluidizing,Mixing,08:52:02,08:55:26,203.6,2026-05-08_01
9,17,Fluidizing,Adding water,08:52:53,08:54:26,92.2,2026-05-08_01
10,17,Rest,,08:54:26,08:55:31,65.8,2026-05-08_01
11,5,Communication,With other gulper(s),08:55:26,08:56:43,77.4,2026-05-08_01
12,17,Fluidizing,Mixing,08:55:31,09:05:32,600.4,2026-05-08_01
13,5,Fluidizing,Mixing,08:56:43,08:58:41,117.5,2026-05-08_01
14,5,Fluidizing,Adding water,08:58:41,08:58:54,13.6,2026-05-08_01
15,5,Rest,,08:58:54,08:59:58,63.3,2026-05-08_01
16,5,Fluidizing,Mixing,08:59:58,09:01:34,96.2,2026-05-08_01
17,5,Communication,With other gulper(s),09:01:34,09:01:57,23.1,2026-05-08_01
18,5,Fluidizing,Mixing,09:01:57,09:05:34,216.9,2026-05-08_01
19,17,Extraction,Removing sludge,09:05:32,09:08:07,154.7,2026-05-08_01
20,5,Extraction,Removing sludge,09:05:34,09:08:19,165.1,2026-05-08_01
21,17,Rest,,09:08:07,09:08:17,10.2,2026-05-08_01
22,17,Extraction,Removing sludge,09:08:17,09:09:00,43.6,2026-05-08_01
23,5,Communication,With other gulper(s),09:08:19,09:09:12,53,2026-05-08_01
24,17,Extraction,Removing sludge,09:09:04,09:11:25,140.5,2026-05-08_01
25,5,Extraction,Removing sludge,09:09:12,09:10:41,89,2026-05-08_01
26,5,Sludge handling,Container transport,09:10:41,09:11:17,36.2,2026-05-08_01
27,5,Sludge handling,Filling containers,09:11:17,09:11:45,28.3,2026-05-08_01
28,17,Rest,,09:11:25,09:11:41,15.8,2026-05-08_01
29,17,Extraction,Removing sludge,09:11:41,09:12:50,69.3,2026-05-08_01
30,5,Sludge handling,Container transport,09:11:45,09:12:20,34.6,2026-05-08_01
31,5,Sludge handling,Filling containers,09:12:20,09:13:18,58.5,2026-05-08_01
32,17,Sludge handling,Container transport,09:12:50,09:13:55,65.4,2026-05-08_01
33,5,Sludge handling,Filling containers,09:13:18,09:13:50,32.1,2026-05-08_01
34,5,Sludge handling,Container transport,09:13:50,09:15:01,70.4,2026-05-08_01
35,17,Extraction,Removing sludge,09:13:55,09:15:25,89.6,2026-05-08_01
36,5,Sludge handling,Filling containers,09:15:01,09:15:30,29.4,2026-05-08_01
37,17,Rest,,09:15:25,09:15:36,10.6,2026-05-08_01
38,5,Rest,,09:15:30,09:15:49,18.4,2026-05-08_01
39,17,Extraction,Removing sludge,09:15:36,09:17:01,85.3,2026-05-08_01
40,5,Sludge handling,Filling containers,09:15:49,09:16:58,69.2,2026-05-08_01
41,5,Fluidizing,Mixing,09:16:58,09:18:13,75.4,2026-05-08_01
42,17,Fluidizing,Mixing,09:17:01,09:21:12,251.5,2026-05-08_01
43,5,Communication,With other gulper(s),09:18:13,09:18:56,43.2,2026-05-08_01
44,5,Fluidizing,Adding water,09:18:56,09:19:16,19.9,2026-05-08_01
45,5,Rest,,09:19:16,09:20:02,45.8,2026-05-08_01
46,5,Fluidizing,Adding water,09:20:02,09:20:57,54.6,2026-05-08_01
47,5,Rest,,09:20:57,09:21:09,12.3,2026-05-08_01
48,5,Fluidizing,Mixing,09:21:09,09:27:20,370.9,2026-05-08_01
49,17,Rest,,09:21:12,09:22:32,79.6,2026-05-08_01
50,17,Fluidizing,Mixing,09:22:32,09:22:57,25.2,2026-05-08_01
51,17,Rest,,09:22:57,09:23:26,28.6,2026-05-08_01
52,17,Fluidizing,Mixing,09:23:26,09:25:16,110.2,2026-05-08_01
53,17,Communication,With other gulper(s),09:25:16,09:25:31,15,2026-05-08_01
54,17,Fluidizing,Mixing,09:25:31,09:26:34,63.1,2026-05-08_01
55,17,Rest,,09:26:34,09:26:50,16,2026-05-08_01
56,17,Fluidizing,Mixing,09:26:50,09:27:22,31.4,2026-05-08_01
57,5,Rest,,09:27:31,09:28:26,54.9,2026-05-08_01
58,17,Rest,,09:27:32,09:28:10,37.8,2026-05-08_01
59,17,Fluidizing,Adding water,09:28:10,09:28:35,25.1,2026-05-08_01
60,5,Fluidizing,Adding water,09:28:26,09:29:15,48.9,2026-05-08_01
61,17,Fluidizing,Mixing,09:28:35,09:31:06,151.4,2026-05-08_01
62,5,Communication,With client(s),09:29:15,09:29:32,17.8,2026-05-08_01
63,5,Fluidizing,Mixing,09:29:32,09:29:38,5.5,2026-05-08_01
64,5,Rest,,09:29:38,09:29:50,12.4,2026-05-08_01
65,5,Fluidizing,Mixing,09:29:50,09:30:57,66.8,2026-05-08_01
66,5,Extraction,Removing sludge,09:30:57,09:31:36,39.2,2026-05-08_01
67,17,Extraction,Removing sludge,09:31:06,09:35:42,276.3,2026-05-08_01
68,5,Sludge handling,Filling containers,09:31:36,09:32:55,78.4,2026-05-08_01
69,5,Extraction,Removing sludge,09:32:55,09:34:12,77.2,2026-05-08_01
70,5,Sludge handling,Filling containers,09:34:12,09:34:57,44.9,2026-05-08_01
71,5,Sludge handling,Container transport,09:34:57,09:35:35,38,2026-05-08_01
72,5,Sludge handling,Filling containers,09:35:35,09:35:50,15,2026-05-08_01
73,17,Rest,,09:35:42,09:35:56,13.7,2026-05-08_01
74,5,Sludge handling,Container transport,09:35:50,09:37:27,97.6,2026-05-08_01
75,17,Extraction,Removing sludge,09:35:56,09:39:43,227.3,2026-05-08_01
76,5,Sludge handling,Filling containers,09:37:27,09:39:34,126.7,2026-05-08_01
77,5,Communication,With other gulper(s),09:39:34,09:39:39,5.3,2026-05-08_01
78,5,Fluidizing,Adding water,09:39:39,09:41:05,85.7,2026-05-08_01
79,17,Fluidizing,Mixing,09:39:43,09:41:43,119.5,2026-05-08_01
80,5,Fluidizing,Mixing,09:41:05,09:44:12,186.5,2026-05-08_01
81,17,Rest,,09:41:43,09:41:50,7.3,2026-05-08_01
82,17,Fluidizing,Mixing,09:41:50,09:42:37,47.5,2026-05-08_01
83,17,Rest,,09:42:37,09:43:43,65.2,2026-05-08_01
84,17,Fluidizing,Mixing,09:43:43,09:53:31,588.1,2026-05-08_01
85,5,Rest,,09:44:12,09:44:51,39.6,2026-05-08_01
86,5,Extraction,Pulling out trash,09:44:51,09:46:32,101.2,2026-05-08_01
87,5,Rest,,09:46:32,09:46:39,7,2026-05-08_01
88,5,Extraction,Pulling out trash,09:46:39,09:46:51,12.1,2026-05-08_01
89,5,Rest,,09:46:51,09:47:20,28.4,2026-05-08_01
90,5,Extraction,Pulling out trash,09:47:20,09:47:25,5.2,2026-05-08_01
91,5,Fluidizing,Adding water,09:47:25,09:48:43,78,2026-05-08_01
92,5,Rest,,09:48:43,09:50:16,93,2026-05-08_01
93,5,Extraction,Pulling out trash,09:50:16,09:50:29,13,2026-05-08_01
94,5,Communication,With other gulper(s),09:50:29,09:51:27,58.3,2026-05-08_01
95,5,Extraction,Pulling out trash,09:51:27,09:52:11,43.9,2026-05-08_01
96,5,Rest,,09:52:11,09:52:34,22.9,2026-05-08_01
97,5,Communication,With client(s),09:52:34,09:53:06,32.3,2026-05-08_01
98,5,Rest,,09:53:56,09:56:54,178.4,2026-05-08_01
99,17,Rest,,09:54:25,09:57:03,158.6,2026-05-08_01
100,5,Fluidizing,Adding water,09:56:54,09:58:19,84.9,2026-05-08_01
101,17,Fluidizing,Adding water,09:57:03,09:57:22,18.5,2026-05-08_01
102,17,Extraction,Pulling out trash,09:57:22,09:59:35,133.4,2026-05-08_01
103,5,Rest,,09:58:19,09:58:50,30.8,2026-05-08_01
104,5,Extraction,Pulling out trash,09:58:50,09:59:34,43.5,2026-05-08_01
105,5,Extraction,Removing sludge,09:59:34,10:00:18,44.5,2026-05-08_01
106,17,Extraction,Removing sludge,09:59:35,10:03:10,215,2026-05-08_01
107,5,Sludge handling,Filling containers,10:00:18,10:01:29,71.3,2026-05-08_01
108,5,Sludge handling,Container transport,10:01:29,10:01:35,5.7,2026-05-08_01
109,5,Sludge handling,Filling containers,10:01:35,10:01:41,6.2,2026-05-08_01
110,5,Sludge handling,Container transport,10:01:41,10:02:39,57.5,2026-05-08_01
111,5,Communication,With client(s),10:02:39,10:04:02,83,2026-05-08_01
112,17,Equipment,Cleaning,10:03:10,10:03:19,8.9,2026-05-08_01
113,17,Sludge handling,Container transport,10:03:19,10:04:10,50.8,2026-05-08_01
114,5,Equipment,Maneuvering,10:04:02,10:04:18,16.6,2026-05-08_01
115,17,Equipment,Repair,10:04:10,10:07:42,212.3,2026-05-08_01
116,5,Equipment,Repair,10:04:33,10:06:36,123.2,2026-05-08_01
117,5,Equipment,Repair,10:06:58,10:07:15,17.1,2026-05-08_01
118,5,Sludge handling,Container transport,10:07:15,10:08:25,70,2026-05-08_01
119,17,Sludge handling,Container transport,10:07:42,10:08:28,46.2,2026-05-08_01
120,5,Sludge handling,Filling containers,10:08:25,10:09:06,40.6,2026-05-08_01
121,17,Extraction,Removing sludge,10:08:28,10:10:04,95.1,2026-05-08_01
122,5,Sludge handling,Container transport,10:09:06,10:09:09,2.9,2026-05-08_01
123,5,Sludge handling,Filling containers,10:09:09,10:09:56,47.2,2026-05-08_01
124,5,Sludge handling,Container transport,10:09:56,10:11:17,81.5,2026-05-08_01
125,17,Rest,,10:10:04,10:11:15,71.8,2026-05-08_01
126,17,Extraction,Removing sludge,10:11:15,10:13:29,133.8,2026-05-08_01
127,5,Sludge handling,Filling containers,10:11:17,10:13:26,128.8,2026-05-08_01
128,5,Equipment,Maneuvering,10:13:26,10:13:48,21.7,2026-05-08_01
129,17,Equipment,Maneuvering,10:13:29,10:15:30,120.8,2026-05-08_01
130,5,Rest,,10:13:48,10:14:00,11.9,2026-05-08_01
131,5,Equipment,Maneuvering,10:14:00,10:14:16,15.8,2026-05-08_01
132,5,Communication,With client(s),10:14:16,10:14:50,34.8,2026-05-08_01
133,5,Extraction,Pulling out trash,10:14:50,10:14:57,6.9,2026-05-08_01
134,5,Disposal,,10:14:57,10:15:00,2.9,2026-05-08_01
135,5,Sludge handling,Container transport,10:15:06,10:15:25,19.3,2026-05-08_01
136,5,Fluidizing,Adding water,10:15:25,10:16:09,44.3,2026-05-08_01
137,17,Rest,,10:15:30,10:16:13,43.3,2026-05-08_01
138,17,Equipment,Cleaning,10:16:13,10:17:48,94.6,2026-05-08_01
139,5,Equipment,Cleaning,10:16:57,10:20:21,204.1,2026-05-08_01
140,17,Rest,,10:17:48,10:18:09,21.4,2026-05-08_01
141,17,Equipment,Cleaning,10:18:27,10:19:57,90.4,2026-05-08_01
142,17,Sludge handling,Container transport,10:19:57,10:21:32,94.5,2026-05-08_01
143,5,Sludge handling,Container transport,10:20:21,10:21:25,63.6,2026-05-08_01
144,5,Equipment,Cleaning,10:21:25,10:23:28,123.6,2026-05-08_01
145,17,Communication,With other gulper(s),10:21:32,10:21:38,5.9,2026-05-08_01
146,17,Equipment,Cleaning,10:21:38,10:23:31,113,2026-05-08_01
147,5,Equipment,Maneuvering,10:23:28,10:28:53,324.6,2026-05-08_01
148,17,Equipment,Maneuvering,10:23:31,10:28:03,272.3,2026-05-08_01
149,17,Rest,,10:28:03,10:28:22,18.9,2026-05-08_01
150,17,Equipment,Maneuvering,10:28:22,10:28:55,33.4,2026-05-08_01
151,5,Travel,Travel to disposal site,10:28:53,10:29:59,66.1,2026-05-08_01
152,17,Travel,Travel to disposal site,10:28:55,10:30:02,66.9,2026-05-08_01
153,5,Superstructure,Repair,10:29:59,10:32:06,127.3,2026-05-08_01
154,17,Superstructure,Repair,10:30:02,10:32:09,127.5,2026-05-08_01
155,5,Travel,Travel to disposal site,10:32:06,11:00:14,1687.8,2026-05-08_01
156,17,Travel,Travel to disposal site,10:32:09,11:00:18,1688.7,2026-05-08_01
157,5,Equipment,Maneuvering,11:00:14,11:03:06,171.6,2026-05-08_01
158,17,Equipment,Maneuvering,11:00:18,11:03:08,169.9,2026-05-08_01
159,17,Disposal,,11:03:08,11:11:13,485.1,2026-05-08_01
160,5,Disposal,,11:03:11,11:15:39,747.9,2026-05-08_01
161,17,Rest,,11:11:13,11:11:27,13.8,2026-05-08_01
162,17,Disposal,,11:11:32,11:15:39,247.3,2026-05-08_01
1,4,Earthworks,Dig trench,10:29:07,10:31:58,171.3,2026-05-21_01
2,15,Earthworks,Dig trench,10:29:27,10:30:11,44.7,2026-05-21_01
3,15,Rest,,10:30:11,10:31:55,103.4,2026-05-21_01
4,15,Earthworks,Dig trench,10:31:55,10:32:25,30.7,2026-05-21_01
5,4,Rest,,10:31:58,10:34:13,134.2,2026-05-21_01
6,15,Rest,,10:32:25,10:32:31,6,2026-05-21_01
7,15,Earthworks,Dig trench,10:32:31,10:34:42,130.3,2026-05-21_01
8,4,Equipment,Repairing,10:34:13,10:34:45,32.7,2026-05-21_01
9,15,Rest,,10:34:42,10:34:49,7,2026-05-21_01
10,4,Rest,,10:34:45,10:35:02,16.9,2026-05-21_01
11,15,Earthworks,Dig trench,10:34:49,10:35:29,39.9,2026-05-21_01
12,4,Earthworks,Dig trench,10:35:02,10:35:12,9.6,2026-05-21_01
13,4,Rest,,10:35:12,10:35:25,13.2,2026-05-21_01
14,4,Earthworks,Dig trench,10:35:25,10:36:39,73.7,2026-05-21_01
15,15,Rest,,10:35:37,10:39:21,224,2026-05-21_01
16,4,Rest,,10:36:39,10:36:52,12.9,2026-05-21_01
17,4,Earthworks,Dig trench,10:37:00,10:40:21,201.4,2026-05-21_01
18,15,Communication,With client(s),10:39:21,10:39:54,32.8,2026-05-21_01
19,15,Rest,,10:39:59,10:40:39,40.3,2026-05-21_01
20,4,Rest,,10:40:28,10:40:32,4.4,2026-05-21_01
21,4,Earthworks,Dig trench,10:40:32,10:44:08,215.3,2026-05-21_01
22,15,Communication,With other gulper(s),10:40:39,10:40:46,6.3,2026-05-21_01
23,15,Rest,,10:40:46,10:41:43,57.4,2026-05-21_01
24,15,Communication,With client(s),10:41:43,10:41:50,6.7,2026-05-21_01
25,15,Rest,,10:41:50,10:42:34,44,2026-05-21_01
26,15,Earthworks,Dig trench,10:42:34,10:42:56,21.9,2026-05-21_01
27,15,Rest,,10:42:56,10:43:56,60.5,2026-05-21_01
28,4,Communication,With other gulper(s),10:44:08,10:44:20,12,2026-05-21_01
29,15,Earthworks,Dig trench,10:44:41,10:46:19,98.1,2026-05-21_01
30,4,Rest,,10:45:11,10:46:00,48.2,2026-05-21_01
31,4,Communication,With client(s),10:46:00,10:46:15,15.4,2026-05-21_01
32,4,Communication,With other gulper(s),10:46:15,10:46:25,9.7,2026-05-21_01
33,15,Communication,With other gulper(s),10:46:19,10:46:45,26.6,2026-05-21_01
34,4,Earthworks,Dig trench,10:46:25,10:47:34,69,2026-05-21_01
35,15,Rest,,10:46:45,10:47:29,43.4,2026-05-21_01
36,15,Earthworks,Dig trench,10:47:29,10:48:23,54.3,2026-05-21_01
37,4,Rest,,10:47:34,10:48:21,46.9,2026-05-21_01
38,4,Communication,With other gulper(s),10:48:21,10:49:04,43.9,2026-05-21_01
39,15,Communication,With other gulper(s),10:48:23,10:48:43,19.5,2026-05-21_01
40,15,Earthworks,Dig trench,10:48:43,10:54:45,362,2026-05-21_01
41,4,Rest,,10:49:04,10:52:45,220.8,2026-05-21_01
42,4,Communication,With other gulper(s),10:52:45,10:53:12,27.3,2026-05-21_01
43,4,Rest,,10:53:12,10:53:37,24.2,2026-05-21_01
44,4,Communication,With other gulper(s),10:53:37,10:53:51,14,2026-05-21_01
45,4,Communication,With client(s),10:53:51,10:55:05,74,2026-05-21_01
46,15,Earthworks,Put hole in pit liner,10:54:45,10:55:23,38.4,2026-05-21_01
47,4,Communication,With other gulper(s),10:55:05,10:55:44,39.8,2026-05-21_01
48,15,Earthworks,Dig trench,10:55:23,10:55:34,11.1,2026-05-21_01
49,15,Earthworks,Put hole in pit liner,10:55:34,10:56:51,76.8,2026-05-21_01
50,4,Rest,,10:56:22,11:00:09,226.9,2026-05-21_01
51,15,Earthworks,Dig trench,10:57:29,11:00:35,185.3,2026-05-21_01
52,4,Communication,With client(s),11:00:09,11:00:12,3.1,2026-05-21_01
53,4,Communication,With other gulper(s),11:00:12,11:00:17,4.5,2026-05-21_01
54,4,Rest,,11:00:17,11:00:31,14.3,2026-05-21_01
55,4,Communication,With other gulper(s),11:00:31,11:00:47,15.6,2026-05-21_01
56,15,Communication,With other gulper(s),11:00:35,11:00:50,14.8,2026-05-21_01
57,4,Earthworks,Dig trench,11:00:47,11:05:25,278.5,2026-05-21_01
58,15,Rest,,11:00:50,11:02:34,104.3,2026-05-21_01
59,15,Superstructure,Inspection,11:02:34,11:02:48,14.4,2026-05-21_01
60,15,Rest,,11:02:48,11:02:56,7.6,2026-05-21_01
61,15,Communication,With client(s),11:02:56,11:03:00,4,2026-05-21_01
62,15,Rest,,11:03:00,11:03:21,21,2026-05-21_01
63,15,Communication,With other gulper(s),11:03:21,11:03:56,34.6,2026-05-21_01
64,15,Rest,,11:03:56,11:04:47,51.5,2026-05-21_01
65,15,Communication,With other gulper(s),11:04:47,11:05:02,15,2026-05-21_01
66,15,Superstructure,Inspection,11:05:02,11:05:21,18.6,2026-05-21_01
67,15,Earthworks,Put hole in pit liner,11:06:09,11:07:47,97.3,2026-05-21_01
68,4,Rest,,11:06:12,11:07:59,107,2026-05-21_01
69,15,Communication,With other gulper(s),11:07:47,11:08:07,20.3,2026-05-21_01
70,4,Equipment,Maneuvering,11:07:59,11:08:14,15.7,2026-05-21_01
71,15,Earthworks,Put hole in pit liner,11:08:07,11:09:33,86.5,2026-05-21_01
72,4,Rest,,11:08:14,11:13:47,332.6,2026-05-21_01
73,15,Earthworks,Put hole in pit liner,11:09:33,11:12:17,163.6,2026-05-21_01
74,15,Earthworks,Dig trench,11:12:17,11:12:46,29.2,2026-05-21_01
75,15,Earthworks,Put hole in pit liner,11:12:46,11:14:08,81.6,2026-05-21_01
76,4,Communication,With other gulper(s),11:13:47,11:15:30,102.8,2026-05-21_01
77,15,Earthworks,Dig trench,11:14:08,11:15:36,88.3,2026-05-21_01
78,4,Rest,,11:15:30,11:15:41,10.9,2026-05-21_01
79,15,Rest,,11:15:36,11:16:07,31,2026-05-21_01
80,4,Equipment,Maneuvering,11:15:41,11:16:04,23.7,2026-05-21_01
81,4,Rest,,11:16:04,11:17:46,101.3,2026-05-21_01
82,15,Communication,With other gulper(s),11:16:07,11:16:15,7.8,2026-05-21_01
83,15,Extraction,Removing sludge,11:18:06,11:25:11,424.5,2026-05-21_01
84,4,Fluidizing,Mixing,11:18:12,11:19:32,80.6,2026-05-21_01
85,4,Rest,,11:19:32,11:19:39,7.2,2026-05-21_01
86,4,Fluidizing,Mixing,11:19:39,11:20:55,76,2026-05-21_01
87,4,Fluidizing,Mixing,11:20:55,11:23:06,130.5,2026-05-21_01
88,4,Rest,,11:24:29,11:27:20,171.1,2026-05-21_01
89,15,Earthworks,Repair pit liner,11:26:11,11:30:11,240.5,2026-05-21_01
90,4,Equipment,Cleaning,11:27:25,11:28:02,36.8,2026-05-21_01
91,4,Rest,,11:28:30,11:31:30,180.1,2026-05-21_01
92,15,Earthworks,Fill trench,11:30:24,11:36:14,350.6,2026-05-21_01
93,4,Earthworks,Fill trench,11:31:37,11:40:17,519.9,2026-05-21_01
94,15,Rest,,11:36:14,11:36:52,37.7,2026-05-21_01
95,15,Earthworks,Fill trench,11:36:52,11:37:30,38.3,2026-05-21_01
96,15,Earthworks,Fill trench,11:37:55,11:38:51,55.6,2026-05-21_01
97,15,Rest,,11:38:51,11:39:16,25.1,2026-05-21_01
98,15,Earthworks,Fill trench,11:39:16,11:43:08,232.2,2026-05-21_01
99,4,Rest,,11:40:17,11:40:35,18.3,2026-05-21_01
100,4,Rest,,11:40:38,11:41:15,37.5,2026-05-21_01
101,4,Equipment,Maneuvering,11:41:15,11:42:04,48.9,2026-05-21_01
102,4,Equipment,Cleaning,11:42:04,11:42:15,10.4,2026-05-21_01
103,4,Equipment,Cleaning,11:42:15,11:42:49,34,2026-05-21_01
104,4,Rest,,11:42:49,11:43:19,30.1,2026-05-21_01
105,15,Rest,,11:43:08,11:44:21,73.4,2026-05-21_01
106,4,Equipment,Cleaning,11:43:19,11:44:10,51.1,2026-05-21_01
107,4,Equipment,Maneuvering,11:44:10,11:44:28,17.9,2026-05-21_01
108,15,Equipment,Cleaning,11:44:21,11:50:13,351.9,2026-05-21_01
109,4,Equipment,Maneuvering,11:44:28,11:44:30,2.7,2026-05-21_01
110,4,Equipment,Cleaning,11:44:30,11:46:14,104.2,2026-05-21_01
111,4,Equipment,Maneuvering,11:46:14,11:46:38,23.9,2026-05-21_01
112,4,Rest,,11:46:38,11:46:47,8.5,2026-05-21_01
113,4,Equipment,Maneuvering,11:46:47,11:47:06,19,2026-05-21_01
114,4,Equipment,Cleaning,11:47:06,11:49:45,159.1,2026-05-21_01
115,4,Equipment,Maneuvering,11:49:45,11:50:52,66.7,2026-05-21_01
116,15,Equipment,Maneuvering,11:50:13,11:50:48,35.1,2026-05-21_01
117,15,Equipment,Cleaning,11:50:49,11:51:40,51.3,2026-05-21_01
118,4,Equipment,Cleaning,11:50:52,11:50:57,5.4,2026-05-21_01
119,4,Equipment,Maneuvering,11:50:57,11:51:48,50.7,2026-05-21_01
120,4,Equipment,Cleaning,11:52:03,11:58:09,365.8,2026-05-21_01
121,15,Equipment,Cleaning,11:58:09,11:58:09,0,2026-05-21_01
1,15,Communication,With client(s),13:08:58,13:10:04,65.8,2026-05-31_01
2,15,Superstructure,Inspection,13:10:15,13:11:53,98.6,2026-05-31_01
3,15,Communication,With client(s),13:11:55,13:13:18,82.2,2026-05-31_01
4,15,Rest,,13:13:18,13:13:38,20.5,2026-05-31_01
5,15,Equipment,Maneuvering,13:13:38,13:13:57,19.4,2026-05-31_01
6,15,Communication,With client(s),13:13:57,13:15:34,96.9,2026-05-31_01
7,15,Earthworks,Dig trench,13:15:34,13:15:45,10.2,2026-05-31_01
8,15,Earthworks,Dig trench,13:15:49,13:16:34,44.9,2026-05-31_01
9,15,Equipment,Maneuvering,13:16:34,13:16:50,15.5,2026-05-31_01
10,15,Rest,,13:16:50,13:17:33,43.4,2026-05-31_01
11,15,Superstructure,Inspection,13:17:33,13:17:39,5.5,2026-05-31_01
12,15,Rest,,13:17:39,13:18:45,66,2026-05-31_01
13,15,Earthworks,Dig trench,13:18:47,13:29:55,668.2,2026-05-31_01
14,15,Communication,With client(s),13:29:55,13:30:02,6.9,2026-05-31_01
15,15,Earthworks,Dig trench,13:30:02,13:30:10,7.5,2026-05-31_01
16,15,Communication,With client(s),13:30:10,13:30:45,35,2026-05-31_01
17,15,Earthworks,Dig trench,13:30:54,13:55:38,1483.6,2026-05-31_01
18,15,Rest,,13:55:38,13:55:55,17.5,2026-05-31_01
19,15,Earthworks,Dig trench,13:55:55,14:04:15,499.4,2026-05-31_01
20,15,Rest,,14:04:15,14:04:28,13.6,2026-05-31_01
21,15,Equipment,Maneuvering,14:04:28,14:04:38,9.3,2026-05-31_01
22,15,Rest,,14:04:38,14:04:52,14.7,2026-05-31_01
23,15,Superstructure,Inspection,14:04:52,14:05:04,11.8,2026-05-31_01
24,15,Rest,,14:05:04,14:05:12,8.4,2026-05-31_01
25,15,Communication,With client(s),14:05:12,14:05:41,28.4,2026-05-31_01
26,15,Rest,,14:05:41,14:06:28,47.3,2026-05-31_01
27,15,Earthworks,Put hole in pit liner,14:06:28,14:21:01,873,2026-05-31_01
28,15,Extraction,Removing sludge,14:21:01,14:22:17,75.7,2026-05-31_01
29,15,Rest,,14:22:17,14:22:25,7.9,2026-05-31_01
30,15,Extraction,Removing sludge,14:22:25,14:22:40,15.5,2026-05-31_01
31,15,Rest,,14:22:40,14:22:46,5.4,2026-05-31_01
32,15,Superstructure,Inspection,14:22:46,14:23:01,15,2026-05-31_01
33,15,Equipment,Maneuvering,14:23:01,14:23:19,18.5,2026-05-31_01
34,15,Fluidizing,Mixing,14:23:19,14:24:40,81.1,2026-05-31_01
35,15,Extraction,Removing sludge,14:24:40,14:24:55,14.9,2026-05-31_01
36,15,Communication,With client(s),14:24:55,14:25:07,12.2,2026-05-31_01
37,15,Fluidizing,Mixing,14:25:07,14:25:45,37.2,2026-05-31_01
38,15,Communication,With client(s),14:25:45,14:25:51,6.1,2026-05-31_01
39,15,Fluidizing,Mixing,14:25:51,14:26:26,35,2026-05-31_01
40,15,Extraction,Removing sludge,14:26:26,14:27:55,88.9,2026-05-31_01
41,15,Fluidizing,Mixing,14:27:55,14:29:12,77,2026-05-31_01
42,15,Extraction,Removing sludge,14:29:12,14:29:26,14,2026-05-31_01
43,15,Communication,With client(s),14:29:26,14:29:30,4,2026-05-31_01
44,15,Extraction,Removing sludge,14:29:30,14:30:59,89.8,2026-05-31_01
45,15,Rest,,14:30:59,14:31:25,25.7,2026-05-31_01
46,15,Fluidizing,Mixing,14:31:25,14:33:33,128.3,2026-05-31_01
47,15,Extraction,Removing sludge,14:33:33,14:33:59,25.1,2026-05-31_01
48,15,Extraction,Pulling out trash,14:33:59,14:35:15,76.6,2026-05-31_01
49,15,Extraction,Removing sludge,14:36:23,14:36:58,35,2026-05-31_01
50,15,Fluidizing,Mixing,14:36:58,14:38:07,68.6,2026-05-31_01
51,15,Extraction,Removing sludge,14:38:07,14:41:22,195.4,2026-05-31_01
52,15,Fluidizing,Mixing,14:41:22,14:42:29,66.7,2026-05-31_01
53,15,Extraction,Removing sludge,14:42:29,14:45:38,189,2026-05-31_01
54,15,Fluidizing,Mixing,14:45:38,14:47:38,120.2,2026-05-31_01
55,15,Extraction,Removing sludge,14:47:38,14:48:42,64.3,2026-05-31_01
56,15,Rest,,14:48:42,14:48:47,4.7,2026-05-31_01
57,15,Extraction,Removing sludge,14:48:47,14:51:16,149,2026-05-31_01
58,15,Rest,,14:51:16,14:52:07,51.2,2026-05-31_01
59,15,Fluidizing,Mixing,14:52:07,14:55:09,181.5,2026-05-31_01
60,15,Extraction,Removing sludge,14:55:09,14:55:31,22.7,2026-05-31_01
61,15,Extraction,Pulling out trash,14:55:31,14:56:00,28.7,2026-05-31_01
62,15,Extraction,Removing sludge,14:56:00,14:58:44,163.9,2026-05-31_01
63,15,Fluidizing,Mixing,14:58:44,15:02:21,217,2026-05-31_01
64,15,Extraction,Removing sludge,15:02:21,15:05:25,184.1,2026-05-31_01
65,15,Extraction,Pulling out trash,15:05:25,15:06:25,59.6,2026-05-31_01
66,15,Extraction,Removing sludge,15:06:25,15:07:29,64.5,2026-05-31_01
67,15,Fluidizing,Mixing,15:07:29,15:09:33,123.7,2026-05-31_01
68,15,Extraction,Removing sludge,15:09:33,15:13:18,224.8,2026-05-31_01
69,15,Fluidizing,Mixing,15:13:18,15:15:11,113.3,2026-05-31_01
70,15,Extraction,Removing sludge,15:15:11,15:19:04,232.7,2026-05-31_01
71,15,Communication,With client(s),15:19:04,15:19:42,38.2,2026-05-31_01
72,15,Extraction,Removing sludge,15:19:42,15:19:52,9.7,2026-05-31_01
73,15,Communication,With client(s),15:19:52,15:20:05,13.6,2026-05-31_01
74,15,Fluidizing,Mixing,15:20:05,15:20:36,30.8,2026-05-31_01
75,15,Communication,With client(s),15:20:36,15:21:40,63.9,2026-05-31_01
76,15,Fluidizing,Mixing,15:21:40,15:25:03,202.9,2026-05-31_01
77,15,Extraction,Removing sludge,15:25:03,15:26:46,103.3,2026-05-31_01
78,15,Extraction,Pulling out trash,15:26:46,15:27:04,17.8,2026-05-31_01
79,15,Extraction,Removing sludge,15:27:04,15:28:23,78.6,2026-05-31_01
80,15,Fluidizing,Mixing,15:28:23,15:29:18,55.2,2026-05-31_01
81,15,Fluidizing,Adding water,15:29:18,15:30:06,47.6,2026-05-31_01
82,15,Fluidizing,Mixing,15:30:06,15:30:52,46,2026-05-31_01
83,15,Extraction,Removing sludge,15:30:52,15:35:22,270.2,2026-05-31_01
84,15,Fluidizing,Adding water,15:35:22,15:35:34,12.7,2026-05-31_01
85,15,Fluidizing,Mixing,15:35:34,15:36:31,56.9,2026-05-31_01
86,15,Fluidizing,Adding water,15:36:31,15:36:56,25,2026-05-31_01
87,15,Extraction,Removing sludge,15:36:56,15:37:51,55,2026-05-31_01
88,15,Earthworks,Repair pit liner,15:37:51,15:40:19,147.6,2026-05-31_01
89,15,Earthworks,Fill trench,15:40:24,15:53:39,794.9,2026-05-31_01
90,15,Superstructure,Cleaning,15:53:39,15:55:20,101,2026-05-31_01
91,15,Equipment,Cleaning,15:55:21,16:00:23,301.5,2026-05-31_01
1,1,Earthworks,Dig trench,11:41:15,11:45:00,225.4,2026-06-12_01
2,11,Rest,,11:41:20,11:47:21,361.8,2026-06-12_01
3,3,Rest,,11:41:22,11:43:55,153.7,2026-06-12_01
4,18,Rest,,11:41:24,11:43:45,140.8,2026-06-12_01
5,18,Earthworks,Dig trench,11:43:45,11:45:52,127.1,2026-06-12_01
6,3,Earthworks,Dig trench,11:43:55,11:45:29,94.2,2026-06-12_01
7,1,Rest,,11:45:00,11:45:38,37.3,2026-06-12_01
8,3,Rest,,11:45:29,11:46:11,41.2,2026-06-12_01
9,1,Earthworks,Dig trench,11:45:38,11:47:39,121.4,2026-06-12_01
10,18,Rest,,11:45:52,11:46:53,61.4,2026-06-12_01
11,3,Communication,With other gulper(s),11:46:11,11:46:17,5.9,2026-06-12_01
12,3,Rest,,11:46:17,11:47:27,70.6,2026-06-12_01
13,18,Communication,With other gulper(s),11:46:53,11:46:59,6.2,2026-06-12_01
14,18,Rest,,11:46:59,11:48:59,119.1,2026-06-12_01
15,11,Communication,With other gulper(s),11:47:21,11:47:43,21.3,2026-06-12_01
16,3,Communication,With other gulper(s),11:47:27,11:47:35,8.1,2026-06-12_01
17,3,Earthworks,Dig trench,11:47:35,11:49:10,94.8,2026-06-12_01
18,1,Rest,,11:47:39,11:47:54,14.9,2026-06-12_01
19,11,Rest,,11:47:43,11:49:07,84.2,2026-06-12_01
20,1,Communication,With other gulper(s),11:47:54,11:48:06,12.1,2026-06-12_01
21,1,Rest,,11:48:06,11:50:30,144.2,2026-06-12_01
22,18,Earthworks,Dig trench,11:48:59,11:50:26,87.5,2026-06-12_01
23,11,Earthworks,Dig trench,11:49:07,11:49:58,50.8,2026-06-12_01
24,3,Rest,,11:49:10,11:49:49,38.6,2026-06-12_01
25,3,Earthworks,Dig trench,11:49:49,11:50:22,33.3,2026-06-12_01
26,11,Rest,,11:49:58,11:50:51,53.7,2026-06-12_01
27,3,Rest,,11:50:22,11:54:32,250,2026-06-12_01
28,18,Rest,,11:50:26,11:53:35,188.9,2026-06-12_01
29,1,Earthworks,Dig trench,11:50:30,11:51:17,46.3,2026-06-12_01
30,11,Communication,With other gulper(s),11:50:51,11:51:08,16.3,2026-06-12_01
31,11,Rest,,11:51:08,11:55:18,249.9,2026-06-12_01
32,1,Rest,,11:51:17,11:51:24,7.1,2026-06-12_01
33,1,Earthworks,Dig trench,11:51:24,11:53:24,120.6,2026-06-12_01
34,1,Communication,With other gulper(s),11:53:24,11:53:32,7.6,2026-06-12_01
35,1,Earthworks,Dig trench,11:53:32,11:54:27,55.4,2026-06-12_01
36,18,Earthworks,Dig trench,11:53:35,11:59:02,327.3,2026-06-12_01
37,1,Rest,,11:54:27,11:58:25,237.7,2026-06-12_01
38,3,Earthworks,Dig trench,11:54:32,11:55:12,40,2026-06-12_01
39,3,Rest,,11:55:12,11:56:01,49.3,2026-06-12_01
40,11,Earthworks,Dig trench,11:55:18,11:57:53,155.7,2026-06-12_01
41,3,Earthworks,Dig trench,11:56:01,11:57:25,83.7,2026-06-12_01
42,3,Rest,,11:57:25,11:57:50,24.7,2026-06-12_01
43,3,Earthworks,Dig trench,11:57:50,11:58:29,39.4,2026-06-12_01
44,11,Rest,,11:57:53,11:59:21,87.5,2026-06-12_01
45,1,Earthworks,Dig trench,11:58:25,12:02:53,268.3,2026-06-12_01
46,3,Rest,,11:58:29,12:03:02,273.1,2026-06-12_01
47,18,Rest,,11:59:02,11:59:29,27.3,2026-06-12_01
48,11,Earthworks,Dig trench,11:59:21,11:59:26,4.9,2026-06-12_01
49,11,Rest,,11:59:26,12:03:46,260.8,2026-06-12_01
50,18,Earthworks,Dig trench,11:59:29,11:59:41,11.4,2026-06-12_01
51,18,Rest,,11:59:41,12:01:07,86,2026-06-12_01
52,18,Communication,With other gulper(s),12:01:07,12:01:15,8.3,2026-06-12_01
53,18,Rest,,12:01:15,12:03:08,113,2026-06-12_01
54,1,Rest,,12:02:53,12:04:36,103,2026-06-12_01
55,3,Earthworks,Dig trench,12:03:02,12:04:41,99,2026-06-12_01
56,18,Earthworks,Dig trench,12:03:08,12:03:41,33.2,2026-06-12_01
57,18,Rest,,12:03:41,12:08:18,276.4,2026-06-12_01
58,11,Earthworks,Dig trench,12:03:46,12:05:21,94.6,2026-06-12_01
59,1,Earthworks,Dig trench,12:04:36,12:07:51,194.8,2026-06-12_01
60,3,Rest,,12:04:41,12:05:16,35,2026-06-12_01
61,3,Earthworks,Dig trench,12:05:16,12:08:23,186.8,2026-06-12_01
62,11,Communication,With other gulper(s),12:05:21,12:05:30,8.6,2026-06-12_01
63,11,Rest,,12:05:30,12:08:52,202,2026-06-12_01
64,1,Communication,With other gulper(s),12:07:51,12:07:59,8.3,2026-06-12_01
65,1,Rest,,12:07:59,12:08:55,55.5,2026-06-12_01
66,18,Earthworks,Dig trench,12:08:18,12:11:56,217.7,2026-06-12_01
67,3,Rest,,12:08:23,12:09:26,63.4,2026-06-12_01
68,11,Communication,With other gulper(s),12:08:52,12:09:15,22.9,2026-06-12_01
69,1,Communication,With other gulper(s),12:08:55,12:09:19,24.2,2026-06-12_01
70,11,Rest,,12:09:15,12:10:35,80.5,2026-06-12_01
71,1,Rest,,12:09:19,12:09:45,25.7,2026-06-12_01
72,3,Earthworks,Dig trench,12:09:26,12:10:30,63.2,2026-06-12_01
73,1,Communication,With other gulper(s),12:09:45,12:09:53,8.1,2026-06-12_01
74,1,Rest,,12:09:53,12:11:29,96.3,2026-06-12_01
75,3,Rest,,12:10:30,12:12:17,107.3,2026-06-12_01
76,11,Earthworks,Dig trench,12:10:35,12:12:19,104.2,2026-06-12_01
77,1,Communication,With other gulper(s),12:11:29,12:11:40,10.9,2026-06-12_01
78,1,Rest,,12:11:40,12:11:50,10.4,2026-06-12_01
79,1,Earthworks,Dig trench,12:11:50,12:14:06,136,2026-06-12_01
80,18,Rest,,12:11:56,12:15:20,204.1,2026-06-12_01
81,3,Earthworks,Dig trench,12:12:17,12:15:27,190.6,2026-06-12_01
82,11,Rest,,12:12:19,12:14:19,119.5,2026-06-12_01
83,1,Rest,,12:14:06,12:18:42,275.8,2026-06-12_01
84,11,Earthworks,Dig trench,12:14:19,12:17:09,170.3,2026-06-12_01
85,18,Earthworks,Dig trench,12:15:20,12:17:57,156.9,2026-06-12_01
86,3,Rest,,12:15:27,12:17:14,106.2,2026-06-12_01
87,11,Rest,,12:17:09,12:23:27,377.6,2026-06-12_01
88,3,Earthworks,Dig trench,12:17:14,12:18:36,82.9,2026-06-12_01
89,18,Rest,,12:17:57,12:18:07,10.5,2026-06-12_01
90,18,Earthworks,Dig trench,12:18:07,12:21:47,219.4,2026-06-12_01
91,3,Rest,,12:18:36,12:22:00,203.8,2026-06-12_01
92,1,Earthworks,Dig trench,12:18:42,12:22:27,224.6,2026-06-12_01
93,18,Rest,,12:21:47,12:22:05,18.7,2026-06-12_01
94,3,Earthworks,Dig trench,12:22:00,12:22:58,58.1,2026-06-12_01
95,18,Earthworks,Dig trench,12:22:05,12:22:19,13.5,2026-06-12_01
96,18,Communication,With other gulper(s),12:22:21,12:22:32,11.3,2026-06-12_01
97,1,Rest,,12:22:27,12:22:53,26.6,2026-06-12_01
98,18,Rest,,12:22:32,12:22:45,13.2,2026-06-12_01
99,18,Communication,With other gulper(s),12:22:45,12:23:17,31.8,2026-06-12_01
100,1,Communication,With other gulper(s),12:22:53,12:23:04,11,2026-06-12_01
101,3,Rest,,12:22:58,12:28:23,324.3,2026-06-12_01
102,1,Earthworks,Dig trench,12:23:04,12:23:24,20,2026-06-12_01
103,18,Rest,,12:23:17,12:23:37,20,2026-06-12_01
104,1,Communication,With other gulper(s),12:23:24,12:23:44,19.2,2026-06-12_01
105,11,Communication,With other gulper(s),12:23:27,12:24:03,36.5,2026-06-12_01
106,18,Communication,With other gulper(s),12:23:37,12:23:47,10,2026-06-12_01
107,1,Earthworks,Dig trench,12:23:44,12:25:15,91.4,2026-06-12_01
108,18,Earthworks,Dig trench,12:23:47,12:25:52,124.7,2026-06-12_01
109,11,Rest,,12:24:03,12:30:34,390.2,2026-06-12_01
110,1,Communication,With other gulper(s),12:25:15,12:25:47,32.1,2026-06-12_01
111,1,Earthworks,Dig trench,12:25:47,12:28:33,165.6,2026-06-12_01
112,18,Rest,,12:25:52,12:28:28,155.9,2026-06-12_01
113,3,Earthworks,Dig trench,12:28:23,12:33:13,290.4,2026-06-12_01
114,18,Earthworks,Dig trench,12:28:28,12:30:27,119.1,2026-06-12_01
115,1,Communication,With other gulper(s),12:28:33,12:29:00,26.9,2026-06-12_01
116,1,Earthworks,Dig trench,12:29:00,12:30:58,118.3,2026-06-12_01
117,18,Rest,,12:30:27,12:33:17,170.3,2026-06-12_01
118,11,Earthworks,Dig trench,12:30:34,12:36:00,326.2,2026-06-12_01
119,1,Communication,With other gulper(s),12:30:58,12:31:06,7.6,2026-06-12_01
120,1,Earthworks,Dig trench,12:31:06,12:32:27,81.6,2026-06-12_01
121,1,Communication,With other gulper(s),12:32:27,12:32:32,5,2026-06-12_01
122,1,Earthworks,Dig trench,12:32:32,12:34:39,126.4,2026-06-12_01
123,3,Rest,,12:33:13,12:43:04,591.3,2026-06-12_01
124,18,Earthworks,Dig trench,12:33:17,12:36:14,176.9,2026-06-12_01
125,1,Communication,With other gulper(s),12:34:39,12:34:48,9.5,2026-06-12_01
126,1,Earthworks,Dig trench,12:34:48,12:36:07,79.2,2026-06-12_01
127,11,Rest,,12:36:00,12:39:05,185.3,2026-06-12_01
128,1,Communication,With other gulper(s),12:36:07,12:36:26,18.2,2026-06-12_01
129,18,Rest,,12:36:14,12:36:42,28.1,2026-06-12_01
130,1,Earthworks,Dig trench,12:36:26,12:36:55,29.3,2026-06-12_01
131,18,Communication,With other gulper(s),12:36:42,12:36:48,5.7,2026-06-12_01
132,18,Earthworks,Dig trench,12:36:48,12:37:01,13.1,2026-06-12_01
133,1,Communication,With other gulper(s),12:36:55,12:37:29,34.6,2026-06-12_01
134,18,Communication,With other gulper(s),12:37:01,12:37:33,32.6,2026-06-12_01
135,1,Equipment,Maneuvering,12:37:29,12:38:07,37.6,2026-06-12_01
136,18,Equipment,Maneuvering,12:37:33,12:38:11,37.5,2026-06-12_01
137,1,Communication,With other gulper(s),12:38:07,12:38:22,15.4,2026-06-12_01
138,18,Rest,,12:38:11,12:39:14,62.8,2026-06-12_01
139,1,Equipment,Maneuvering,12:38:22,12:38:56,33.3,2026-06-12_01
140,1,Communication,With other gulper(s),12:38:56,12:39:49,53.7,2026-06-12_01
141,11,Communication,With other gulper(s),12:39:05,12:39:30,24.4,2026-06-12_01
142,18,Communication,With other gulper(s),12:39:14,12:39:22,7.8,2026-06-12_01
143,18,Equipment,Maneuvering,12:39:22,12:39:46,24.2,2026-06-12_01
144,11,Rest,,12:39:30,12:45:05,335.8,2026-06-12_01
145,18,Rest,,12:39:46,12:40:24,38.1,2026-06-12_01
146,1,Equipment,Maneuvering,12:39:49,12:40:15,25.5,2026-06-12_01
147,1,Earthworks,Dig trench,12:40:15,12:41:12,57.3,2026-06-12_01
148,18,Equipment,Maneuvering,12:40:24,12:41:04,39.9,2026-06-12_01
149,18,Rest,,12:41:04,12:42:54,110.2,2026-06-12_01
150,1,Equipment,Maneuvering,12:41:12,12:41:26,14.1,2026-06-12_01
151,1,Communication,With other gulper(s),12:41:26,12:41:32,5.7,2026-06-12_01
152,1,Earthworks,Dig trench,12:41:32,12:41:59,26.6,2026-06-12_01
153,1,Communication,With other gulper(s),12:42:00,12:42:16,15.5,2026-06-12_01
154,1,Earthworks,Dig trench,12:42:16,12:42:33,17.7,2026-06-12_01
155,1,Communication,With other gulper(s),12:42:33,12:43:00,26.2,2026-06-12_01
156,18,Communication,With other gulper(s),12:42:54,12:43:17,23,2026-06-12_01
157,1,Earthworks,Dig trench,12:43:00,12:43:07,7.7,2026-06-12_01
158,3,Communication,With other gulper(s),12:43:04,12:43:14,9.1,2026-06-12_01
159,1,Communication,With other gulper(s),12:43:07,12:43:27,19.9,2026-06-12_01
160,3,Rest,,12:43:14,12:45:39,145.8,2026-06-12_01
161,18,Rest,,12:43:17,12:49:05,347.6,2026-06-12_01
162,1,Earthworks,Dig trench,12:43:27,12:44:37,69.8,2026-06-12_01
163,1,Equipment,Maneuvering,12:44:37,12:45:20,43.6,2026-06-12_01
164,11,Communication,With other gulper(s),12:45:05,12:45:10,4.4,2026-06-12_01
165,11,Rest,,12:45:10,13:12:40,1650.5,2026-06-12_01
166,1,Rest,,12:45:20,12:45:28,7.1,2026-06-12_01
167,1,Earthworks,Dig trench,12:45:28,12:47:41,132.9,2026-06-12_01
168,3,Earthworks,Dig trench,12:45:39,12:47:45,125.5,2026-06-12_01
169,1,Communication,With other gulper(s),12:47:41,12:49:51,130.5,2026-06-12_01
170,3,Rest,,12:47:45,12:48:41,56,2026-06-12_01
171,3,Earthworks,Dig trench,12:48:41,12:50:00,79,2026-06-12_01
172,18,Earthworks,Dig trench,12:49:05,12:49:40,34.9,2026-06-12_01
173,18,Rest,,12:49:40,13:12:44,1383.8,2026-06-12_01
174,1,Earthworks,Dig trench,12:49:51,12:50:27,35.7,2026-06-12_01
175,3,Rest,,12:50:00,13:16:06,1566.2,2026-06-12_01
176,1,Earthworks,Dig trench,12:50:27,12:50:38,11.7,2026-06-12_01
177,1,Earthworks,Put hole in pit liner,12:50:38,12:51:34,55.5,2026-06-12_01
178,1,Rest,,12:51:34,12:52:58,84.1,2026-06-12_01
179,1,Earthworks,Put hole in pit liner,12:52:58,12:54:40,102.3,2026-06-12_01
180,1,Rest,,12:54:40,12:55:42,62.2,2026-06-12_01
181,1,Communication,With client(s),12:55:42,12:55:59,16.2,2026-06-12_01
182,1,Communication,With other gulper(s),12:55:59,12:56:02,3.5,2026-06-12_01
183,1,Rest,,12:56:02,12:56:45,43.3,2026-06-12_01
184,1,Communication,With other gulper(s),12:56:45,12:57:32,46.6,2026-06-12_01
185,1,Rest,,12:57:32,12:59:27,115.1,2026-06-12_01
186,1,Earthworks,Put hole in pit liner,12:59:27,13:03:23,236,2026-06-12_01
187,1,Rest,,13:03:23,13:04:40,77.3,2026-06-12_01
188,1,Communication,With other gulper(s),13:04:40,13:05:26,45.3,2026-06-12_01
189,1,Earthworks,Dig trench,13:05:26,13:12:52,446.7,2026-06-12_01
190,11,Earthworks,Dig trench,13:12:40,13:16:15,214.7,2026-06-12_01
191,18,Earthworks,Dig trench,13:12:44,13:23:00,617,2026-06-12_01
192,1,Extraction,Removing sludge,13:12:52,13:15:56,184.2,2026-06-12_01
193,1,Communication,With other gulper(s),13:15:56,13:16:27,30.7,2026-06-12_01
194,3,Earthworks,Dig trench,13:16:06,13:22:54,407.4,2026-06-12_01
195,11,Rest,,13:16:15,13:16:38,22.6,2026-06-12_01
196,1,Extraction,Removing sludge,13:16:27,13:18:06,98.4,2026-06-12_01
197,11,Communication,With other gulper(s),13:16:38,13:16:51,13.1,2026-06-12_01
198,11,Earthworks,Dig trench,13:16:51,13:17:14,23.4,2026-06-12_01
199,11,Communication,With other gulper(s),13:17:14,13:18:41,86.8,2026-06-12_01
200,1,Communication,With other gulper(s),13:18:06,13:21:24,198.1,2026-06-12_01
201,11,Earthworks,Dig trench,13:18:41,13:21:05,144.2,2026-06-12_01
202,11,Rest,,13:21:05,13:21:37,31.5,2026-06-12_01
203,1,Extraction,Removing sludge,13:21:24,13:22:50,86.1,2026-06-12_01
204,11,Earthworks,Dig trench,13:21:37,13:22:03,26.6,2026-06-12_01
205,11,Rest,,13:22:03,13:26:18,254.8,2026-06-12_01
206,1,Earthworks,Dig trench,13:22:50,13:33:01,611.2,2026-06-12_01
207,3,Rest,,13:22:54,13:26:15,201.9,2026-06-12_01
208,18,Rest,,13:23:00,13:23:28,27.6,2026-06-12_01
209,18,Earthworks,Dig trench,13:23:28,13:29:30,361.6,2026-06-12_01
210,3,Earthworks,Dig trench,13:26:15,13:52:28,1572.5,2026-06-12_01
211,11,Earthworks,Dig trench,13:26:18,13:26:42,23.9,2026-06-12_01
212,11,Rest,,13:26:42,13:26:55,13.1,2026-06-12_01
213,11,Earthworks,Dig trench,13:26:55,13:28:49,114,2026-06-12_01
214,11,Rest,,13:28:49,13:29:00,11.3,2026-06-12_01
215,11,Earthworks,Dig trench,13:29:00,13:29:34,33.2,2026-06-12_01
216,18,Rest,,13:29:30,13:30:36,66.7,2026-06-12_01
217,11,Rest,,13:29:34,13:30:52,78,2026-06-12_01
218,18,Earthworks,Dig trench,13:30:36,13:31:07,31.2,2026-06-12_01
219,11,Earthworks,Dig trench,13:30:52,13:31:49,57.8,2026-06-12_01
220,18,Rest,,13:31:07,13:33:04,116.8,2026-06-12_01
221,11,Rest,,13:31:49,13:32:35,45.4,2026-06-12_01
222,11,Earthworks,Dig trench,13:32:35,13:34:08,93.5,2026-06-12_01
223,1,Rest,,13:33:01,13:38:19,318.4,2026-06-12_01
224,18,Communication,With other gulper(s),13:33:04,13:33:15,11.2,2026-06-12_01
225,18,Rest,,13:33:15,13:33:54,38.5,2026-06-12_01
226,18,Earthworks,Dig trench,13:33:54,13:39:24,329.9,2026-06-12_01
227,11,Rest,,13:34:08,13:35:47,98.2,2026-06-12_01
228,11,Earthworks,Dig trench,13:35:47,13:37:22,95.6,2026-06-12_01
229,11,Rest,,13:37:22,13:38:25,62.5,2026-06-12_01
230,1,Earthworks,Dig trench,13:38:19,13:39:30,70.3,2026-06-12_01
231,11,Communication,With other gulper(s),13:38:25,13:39:17,52.2,2026-06-12_01
232,11,Earthworks,Dig trench,13:39:17,13:41:34,137.6,2026-06-12_01
233,18,Rest,,13:39:24,13:39:33,9.5,2026-06-12_01
234,1,Communication,With other gulper(s),13:39:30,13:39:50,20.1,2026-06-12_01
235,18,Earthworks,Dig trench,13:39:33,13:50:10,636.7,2026-06-12_01
236,1,Equipment,Maneuvering,13:39:50,13:39:54,3.8,2026-06-12_01
237,1,Earthworks,Dig trench,13:39:54,13:49:34,580.5,2026-06-12_01
238,11,Rest,,13:41:34,13:41:40,5.3,2026-06-12_01
239,11,Earthworks,Dig trench,13:41:40,13:46:46,306,2026-06-12_01
240,11,Rest,,13:46:46,13:47:12,25.7,2026-06-12_01
241,11,Earthworks,Dig trench,13:47:12,13:48:24,72.8,2026-06-12_01
242,11,Rest,,13:48:24,13:49:48,83.6,2026-06-12_01
243,1,Communication,With other gulper(s),13:49:34,13:52:44,189.7,2026-06-12_01
244,11,Communication,With other gulper(s),13:49:48,13:49:56,7.9,2026-06-12_01
245,11,Earthworks,Dig trench,13:49:56,13:50:01,5,2026-06-12_01
246,11,Rest,,13:50:01,13:50:07,6,2026-06-12_01
247,11,Earthworks,Dig trench,13:50:07,13:50:26,19.3,2026-06-12_01
248,18,Rest,,13:50:10,13:50:23,12.4,2026-06-12_01
249,18,Earthworks,Dig trench,13:50:23,13:52:21,118.5,2026-06-12_01
250,11,Rest,,13:50:26,13:51:37,71.1,2026-06-12_01
251,11,Earthworks,Dig trench,13:51:37,13:52:37,59.5,2026-06-12_01
252,18,Rest,,13:52:21,13:53:57,96.2,2026-06-12_01
253,3,Rest,,13:52:28,13:54:08,100.3,2026-06-12_01
254,11,Rest,,13:52:37,13:53:21,44,2026-06-12_01
255,1,Earthworks,Dig trench,13:52:44,14:02:53,609.6,2026-06-12_01
256,11,Communication,With other gulper(s),13:53:21,13:53:33,11.9,2026-06-12_01
257,11,Earthworks,Dig trench,13:53:33,13:55:50,137.5,2026-06-12_01
258,18,Earthworks,Dig trench,13:53:57,13:55:45,107.4,2026-06-12_01
259,3,Earthworks,Dig trench,13:54:08,13:55:12,63.9,2026-06-12_01
260,3,Rest,,13:55:12,13:55:25,13.1,2026-06-12_01
261,3,Earthworks,Dig trench,13:55:25,13:55:47,22.1,2026-06-12_01
262,18,Rest,,13:55:45,13:56:18,33.1,2026-06-12_01
263,3,Rest,,13:55:47,13:55:53,6,2026-06-12_01
264,11,Rest,,13:55:50,13:56:03,13.1,2026-06-12_01
265,3,Earthworks,Dig trench,13:55:53,13:56:53,59.5,2026-06-12_01
266,11,Earthworks,Dig trench,13:56:03,13:56:56,53.1,2026-06-12_01
267,18,Earthworks,Dig trench,13:56:18,13:56:39,21.2,2026-06-12_01
268,18,Rest,,13:56:39,13:57:17,37.8,2026-06-12_01
269,3,Rest,,13:56:53,13:57:06,12.9,2026-06-12_01
270,11,Rest,,13:56:56,13:57:11,14.4,2026-06-12_01
271,3,Earthworks,Dig trench,13:57:06,13:57:50,44.5,2026-06-12_01
272,11,Earthworks,Dig trench,13:57:11,13:58:33,82.3,2026-06-12_01
273,18,Earthworks,Dig trench,13:57:17,13:57:46,29.6,2026-06-12_01
274,18,Rest,,13:57:46,13:58:19,32.4,2026-06-12_01
275,3,Rest,,13:57:50,13:57:58,7.8,2026-06-12_01
276,3,Earthworks,Dig trench,13:57:58,14:00:13,134.4,2026-06-12_01
277,18,Earthworks,Dig trench,13:58:19,13:58:53,34.1,2026-06-12_01
278,11,Rest,,13:58:33,13:58:47,14.2,2026-06-12_01
279,11,Earthworks,Dig trench,13:58:47,13:59:11,23.3,2026-06-12_01
280,18,Rest,,13:58:53,13:59:27,33.9,2026-06-12_01
281,11,Rest,,13:59:11,13:59:54,42.9,2026-06-12_01
282,18,Earthworks,Dig trench,13:59:27,14:00:07,40.2,2026-06-12_01
283,11,Earthworks,Dig trench,13:59:54,14:00:38,44.8,2026-06-12_01
284,18,Rest,,14:00:07,14:00:32,25,2026-06-12_01
285,3,Rest,,14:00:13,14:00:36,23.3,2026-06-12_01
286,18,Earthworks,Dig trench,14:00:32,14:00:53,21.4,2026-06-12_01
287,3,Earthworks,Dig trench,14:00:36,14:04:03,206.7,2026-06-12_01
288,11,Rest,,14:00:38,14:01:11,32.1,2026-06-12_01
289,18,Rest,,14:00:53,14:01:02,8.7,2026-06-12_01
290,18,Earthworks,Dig trench,14:01:02,14:02:10,67.6,2026-06-12_01
291,11,Earthworks,Dig trench,14:01:11,14:02:43,92,2026-06-12_01
292,18,Communication,With other gulper(s),14:02:10,14:02:16,5.8,2026-06-12_01
293,18,Earthworks,Dig trench,14:02:16,14:03:49,93.3,2026-06-12_01
294,11,Rest,,14:02:43,14:02:47,4.5,2026-06-12_01
295,11,Earthworks,Dig trench,14:02:47,14:04:06,78.8,2026-06-12_01
296,1,Communication,With other gulper(s),14:02:53,14:02:57,3.7,2026-06-12_01
297,1,Earthworks,Dig trench,14:02:57,14:06:16,198.7,2026-06-12_01
298,18,Rest,,14:03:49,14:05:10,81.3,2026-06-12_01
299,3,Rest,,14:04:03,14:04:35,32.2,2026-06-12_01
300,11,Rest,,14:04:06,14:04:14,8.5,2026-06-12_01
301,11,Communication,With other gulper(s),14:04:14,14:05:20,65.8,2026-06-12_01
302,3,Communication,With other gulper(s),14:04:35,14:05:24,49.6,2026-06-12_01
303,18,Communication,With other gulper(s),14:05:10,14:05:27,16.5,2026-06-12_01
304,11,Earthworks,Dig trench,14:05:20,14:06:23,62.7,2026-06-12_01
305,3,Rest,,14:05:24,14:05:49,24.7,2026-06-12_01
306,18,Rest,,14:05:27,14:19:37,850.5,2026-06-12_01
307,3,Communication,With other gulper(s),14:05:49,14:06:19,30,2026-06-12_01
308,1,Communication,With other gulper(s),14:06:16,14:08:03,106.8,2026-06-12_01
309,3,Rest,,14:06:19,14:10:02,223.4,2026-06-12_01
310,11,Rest,,14:06:23,14:06:51,28,2026-06-12_01
311,11,Communication,With other gulper(s),14:06:51,14:07:47,55.9,2026-06-12_01
312,11,Rest,,14:07:47,14:09:33,106.7,2026-06-12_01
313,1,Earthworks,Dig trench,14:08:03,14:09:15,72.7,2026-06-12_01
314,1,Earthworks,Put hole in pit liner,14:09:15,14:10:24,68.8,2026-06-12_01
315,11,Communication,With client(s),14:09:33,14:09:55,21.5,2026-06-12_01
316,11,Earthworks,Dig trench,14:09:55,14:11:12,77.1,2026-06-12_01
317,3,Equipment,Maneuvering,14:10:02,14:10:31,28.6,2026-06-12_01
318,1,Superstructure,Inspection,14:10:24,14:10:52,28.2,2026-06-12_01
319,3,Superstructure,Inspection,14:10:31,14:11:15,44.4,2026-06-12_01
320,1,Rest,,14:10:52,14:16:16,324.1,2026-06-12_01
321,11,Rest,,14:11:12,14:21:55,642.6,2026-06-12_01
322,3,Rest,,14:11:15,14:19:48,512.6,2026-06-12_01
323,1,Communication,With other gulper(s),14:16:16,14:16:42,25.6,2026-06-12_01
324,1,Earthworks,Dig trench,14:16:42,14:19:43,180.9,2026-06-12_01
325,18,Earthworks,Dig trench,14:19:37,14:21:47,130,2026-06-12_01
326,1,Rest,,14:19:43,14:23:09,205.9,2026-06-12_01
327,3,Communication,With other gulper(s),14:19:48,14:20:11,23,2026-06-12_01
328,3,Rest,,14:20:11,14:23:35,204.2,2026-06-12_01
329,18,Rest,,14:21:47,14:22:04,16.9,2026-06-12_01
330,11,Communication,With other gulper(s),14:21:55,14:22:24,29.2,2026-06-12_01
331,18,Equipment,Maneuvering,14:22:04,14:22:30,25.8,2026-06-12_01
332,11,Rest,,14:22:24,14:28:29,365.4,2026-06-12_01
333,18,Rest,,14:22:30,14:35:39,788.9,2026-06-12_01
334,1,Earthworks,Put hole in pit liner,14:23:09,14:24:41,92.4,2026-06-12_01
335,3,Equipment,Maneuvering,14:23:35,14:24:13,37.9,2026-06-12_01
336,3,Communication,With other gulper(s),14:24:13,14:24:47,33.7,2026-06-12_01
337,1,Communication,With other gulper(s),14:24:41,14:26:50,128.5,2026-06-12_01
338,3,Rest,,14:24:47,14:27:06,139.5,2026-06-12_01
339,1,Rest,,14:26:50,14:27:52,62.1,2026-06-12_01
340,3,Equipment,Maneuvering,14:27:06,14:27:46,39.2,2026-06-12_01
341,3,Rest,,14:27:46,14:30:37,170.9,2026-06-12_01
342,1,Communication,With other gulper(s),14:27:52,14:29:47,114.9,2026-06-12_01
343,11,Communication,With other gulper(s),14:28:29,14:29:17,47.9,2026-06-12_01
344,11,Rest,,14:29:17,14:30:33,75.7,2026-06-12_01
345,1,Rest,,14:29:47,14:30:31,44,2026-06-12_01
346,1,Communication,With other gulper(s),14:30:31,14:31:16,45.9,2026-06-12_01
347,11,Communication,With other gulper(s),14:30:33,14:31:38,65,2026-06-12_01
348,3,Communication,With other gulper(s),14:30:37,14:31:03,26.8,2026-06-12_01
349,3,Superstructure,Inspection,14:31:03,14:31:24,20.5,2026-06-12_01
350,1,Rest,,14:31:16,14:34:06,169.6,2026-06-12_01
351,3,Rest,,14:31:24,14:35:10,226.6,2026-06-12_01
352,11,Rest,,14:31:38,14:35:16,217.9,2026-06-12_01
353,1,Communication,With other gulper(s),14:34:06,14:34:14,8,2026-06-12_01
354,1,Rest,,14:34:14,14:35:05,51.2,2026-06-12_01
355,1,Superstructure,Inspection,14:35:05,14:35:28,22.9,2026-06-12_01
356,3,Superstructure,Inspection,14:35:10,14:35:43,32.4,2026-06-12_01
357,11,Superstructure,Inspection,14:35:16,14:36:15,59.5,2026-06-12_01
358,18,Superstructure,Inspection,14:35:39,14:36:03,24.1,2026-06-12_01
359,3,Communication,With other gulper(s),14:35:43,14:36:09,26.4,2026-06-12_01
360,1,Communication,With client(s),14:35:47,14:37:37,110.1,2026-06-12_01
361,18,Rest,,14:36:03,14:36:47,43.7,2026-06-12_01
362,3,Communication,With client(s),14:36:19,14:37:29,70.3,2026-06-12_01
363,11,Communication,With client(s),14:36:45,14:37:48,63.4,2026-06-12_01
364,18,Communication,With client(s),14:37:16,14:39:18,122.5,2026-06-12_01
365,3,Communication,With other gulper(s),14:37:29,14:37:33,4.1,2026-06-12_01
366,3,Communication,With client(s),14:37:33,14:39:23,109.8,2026-06-12_01
367,1,Communication,With client(s),14:37:37,14:39:39,122.5,2026-06-12_01
368,11,Rest,,14:37:48,14:37:53,5.2,2026-06-12_01
369,11,Communication,With client(s),14:37:53,14:39:58,124.4,2026-06-12_01
370,1,Communication,With other gulper(s),14:43:27,14:44:11,43.9,2026-06-12_01
371,1,Equipment,Cleaning,14:45:34,14:48:38,184.2,2026-06-12_01
372,18,Rest,,14:46:25,14:47:30,65,2026-06-12_01
373,18,Equipment,Cleaning,14:47:31,14:48:38,66.6,2026-06-12_01
374,3,Rest,,14:47:38,14:48:38,60,2026-06-12_01
375,11,Communication,With other gulper(s),14:48:12,14:48:38,25.6,2026-06-12_01
1,1,Earthworks,Dig trench,08:49:12,08:52:46,213.4,2026-06-13_01
1,6,Equipment,Maneuvering,07:41:53,07:43:03,70,2026-06-13_01
2,18,Rest,,08:49:41,08:51:27,106.5,2026-06-13_01
2,19,Equipment,Maneuvering,07:41:57,07:42:26,29.6,2026-06-13_01
3,11,Rest,,08:49:46,08:51:11,85.1,2026-06-13_01
3,14,Communication,With other gulper(s),07:42:00,07:42:46,46,2026-06-13_01
4,3,Rest,,08:49:54,08:53:05,191,2026-06-13_01
4,10,Equipment,Maneuvering,07:42:05,07:42:41,36,2026-06-13_01
5,11,Earthworks,Dig trench,08:51:11,08:52:33,81.7,2026-06-13_01
5,19,Rest,,07:42:26,07:44:15,108.6,2026-06-13_01
6,18,Earthworks,Dig trench,08:51:27,08:52:03,35.6,2026-06-13_01
6,10,Rest,,07:42:41,07:45:10,149.5,2026-06-13_01
7,18,Rest,,08:52:03,08:52:18,15,2026-06-13_01
7,14,Equipment,Maneuvering,07:42:46,07:44:11,84.8,2026-06-13_01
8,18,Earthworks,Dig trench,08:52:18,08:56:41,263.7,2026-06-13_01
8,6,Communication,With other gulper(s),07:43:03,07:43:07,4.3,2026-06-13_01
9,11,Rest,,08:52:33,08:52:39,6.5,2026-06-13_01
9,6,Rest,,07:43:07,07:43:17,10.2,2026-06-13_01
10,11,Rest,,08:52:39,08:56:21,222.2,2026-06-13_01
10,6,Equipment,Maneuvering,07:43:17,07:43:29,11.3,2026-06-13_01
11,1,Rest,,08:52:46,08:54:08,81.7,2026-06-13_01
11,6,Rest,,07:43:29,07:43:49,20.7,2026-06-13_01
12,3,Rest,,08:53:05,08:54:12,67.8,2026-06-13_01
12,6,Equipment,Maneuvering,07:43:49,07:44:20,31,2026-06-13_01
13,1,Communication,With other gulper(s),08:54:08,08:54:43,35.7,2026-06-13_01
13,14,Communication,With other gulper(s),07:44:11,07:47:35,203.8,2026-06-13_01
14,3,Communication,With other gulper(s),08:54:12,08:54:40,27.9,2026-06-13_01
14,19,Communication,With other gulper(s),07:44:15,07:45:07,51.9,2026-06-13_01
15,3,Rest,,08:54:40,08:55:19,38.6,2026-06-13_01
15,6,Communication,With other gulper(s),07:44:20,07:47:28,188.2,2026-06-13_01
16,1,Rest,,08:54:43,08:56:04,81.3,2026-06-13_01
16,19,Rest,,07:45:07,07:45:57,50.5,2026-06-13_01
17,3,Earthworks,Dig trench,08:55:19,08:55:54,34.6,2026-06-13_01
17,10,Communication,With other gulper(s),07:45:10,07:47:18,127.5,2026-06-13_01
18,3,Rest,,08:55:54,08:57:40,106.2,2026-06-13_01
18,19,Communication,With other gulper(s),07:45:57,07:47:31,93.9,2026-06-13_01
19,1,Earthworks,Dig trench,08:56:04,08:58:55,170.6,2026-06-13_01
19,10,Fluidizing,Fetching water,07:47:18,07:50:12,174.1,2026-06-13_01
20,11,Earthworks,Dig trench,08:56:21,08:57:24,63,2026-06-13_01
20,6,Superstructure,Inspection,07:47:28,07:50:46,197.3,2026-06-13_01
21,18,Earthworks,Dig trench,08:56:41,08:57:47,65.6,2026-06-13_01
21,19,Superstructure,Inspection,07:47:31,07:50:22,170.6,2026-06-13_01
22,11,Rest,,08:57:24,09:01:44,259.8,2026-06-13_01
22,14,Superstructure,Inspection,07:47:35,07:47:52,16.6,2026-06-13_01
23,3,Rest,,08:57:40,08:59:01,81.4,2026-06-13_01
23,14,Communication,With other gulper(s),07:47:52,07:48:39,47.6,2026-06-13_01
24,18,Rest,,08:57:47,09:00:21,154.5,2026-06-13_01
24,14,Communication,With client(s),07:48:39,07:52:16,216.6,2026-06-13_01
25,1,Communication,With other gulper(s),08:58:55,08:59:07,11.5,2026-06-13_01
25,10,Fluidizing,Adding water,07:50:12,07:50:37,24.7,2026-06-13_01
26,3,Communication,With other gulper(s),08:59:01,08:59:13,11.7,2026-06-13_01
26,19,Equipment,Maneuvering,07:50:22,07:51:26,63.8,2026-06-13_01
27,1,Earthworks,Dig trench,08:59:07,09:06:23,436.7,2026-06-13_01
27,10,Fluidizing,Fetching water,07:50:37,07:52:00,83.3,2026-06-13_01
28,3,Rest,,08:59:13,08:59:46,33.3,2026-06-13_01
28,6,Rest,,07:50:46,07:52:23,97.2,2026-06-13_01
29,3,Earthworks,Dig trench,08:59:46,09:01:30,103.9,2026-06-13_01
29,19,Fluidizing,Mixing,07:51:26,08:09:35,1088.9,2026-06-13_01
30,18,Communication,With other gulper(s),09:00:21,09:00:35,13.4,2026-06-13_01
30,10,Fluidizing,Adding water,07:52:00,07:52:39,39,2026-06-13_01
31,18,Earthworks,Dig trench,09:00:35,09:02:58,143.2,2026-06-13_01
31,14,Rest,,07:52:16,07:52:20,4.6,2026-06-13_01
32,3,Earthworks,Dig trench,09:01:30,09:06:48,317.7,2026-06-13_01
32,14,Communication,With client(s),07:52:20,07:53:04,43.8,2026-06-13_01
33,11,Earthworks,Dig trench,09:01:44,09:02:51,66.8,2026-06-13_01
33,6,Communication,With other gulper(s),07:52:23,07:53:09,45.7,2026-06-13_01
34,11,Rest,,09:02:51,09:03:49,58.2,2026-06-13_01
34,10,Fluidizing,Fetching water,07:52:39,07:53:42,63.6,2026-06-13_01
35,18,Rest,,09:02:58,09:03:30,31.7,2026-06-13_01
35,14,Equipment,Maneuvering,07:53:04,07:53:39,35.1,2026-06-13_01
36,18,Earthworks,Dig trench,09:03:30,09:05:48,138.1,2026-06-13_01
36,6,Superstructure,Inspection,07:53:09,07:53:35,26,2026-06-13_01
37,11,Rest,,09:03:49,09:13:42,592.7,2026-06-13_01
37,6,Communication,With other gulper(s),07:53:35,07:53:57,22.4,2026-06-13_01
38,18,Rest,,09:05:48,09:07:58,129.6,2026-06-13_01
38,14,Communication,With other gulper(s),07:53:39,07:54:15,36.1,2026-06-13_01
39,1,Rest,,09:06:23,09:07:49,86.2,2026-06-13_01
39,10,Fluidizing,Adding water,07:53:42,07:53:50,8,2026-06-13_01
40,3,Rest,,09:06:48,09:08:06,78.4,2026-06-13_01
40,10,Fluidizing,Fetching water,07:53:50,07:56:12,142,2026-06-13_01
41,1,Communication,With other gulper(s),09:07:49,09:10:07,137.9,2026-06-13_01
41,6,Rest,,07:53:57,07:54:10,12.6,2026-06-13_01
42,18,Communication,With other gulper(s),09:07:58,09:10:15,137.6,2026-06-13_01
42,6,Equipment,Maneuvering,07:54:10,07:55:18,68,2026-06-13_01
43,3,Earthworks,Dig trench,09:08:06,09:11:21,195.2,2026-06-13_01
43,14,Equipment,Maneuvering,07:54:15,07:55:16,60.5,2026-06-13_01
44,1,Communication,With client(s),09:10:07,09:11:07,60,2026-06-13_01
44,14,Communication,With other gulper(s),07:55:16,07:55:45,29,2026-06-13_01
45,18,Communication,With client(s),09:10:15,09:10:40,24.9,2026-06-13_01
45,6,Communication,With other gulper(s),07:55:18,07:56:10,52.3,2026-06-13_01
46,18,Rest,,09:10:40,09:12:12,91.9,2026-06-13_01
46,14,Equipment,Maneuvering,07:55:45,07:56:36,51.1,2026-06-13_01
47,1,Earthworks,Dig trench,09:11:07,09:13:20,132.7,2026-06-13_01
47,6,Equipment,Maneuvering,07:56:10,07:56:38,27.6,2026-06-13_01
48,3,Rest,,09:11:21,09:15:12,230.3,2026-06-13_01
48,10,Fluidizing,Adding water,07:56:12,07:56:28,15.9,2026-06-13_01
49,18,Earthworks,Dig trench,09:12:12,09:13:01,48.8,2026-06-13_01
49,10,Fluidizing,Fetching water,07:56:28,07:58:11,102.2,2026-06-13_01
50,18,Rest,,09:13:01,09:13:48,47.1,2026-06-13_01
50,6,Equipment,Repairing,07:56:38,08:01:30,291.9,2026-06-13_01
51,1,Communication,With other gulper(s),09:13:20,09:14:05,44.8,2026-06-13_01
51,14,Equipment,Repairing,07:57:38,08:01:27,228.3,2026-06-13_01
52,11,Earthworks,Dig trench,09:13:42,09:14:14,31.7,2026-06-13_01
52,10,Fluidizing,Adding water,07:58:11,07:58:26,16,2026-06-13_01
53,18,Earthworks,Dig trench,09:13:48,09:14:00,11.7,2026-06-13_01
53,10,Fluidizing,Fetching water,07:58:26,07:58:57,30.8,2026-06-13_01
54,18,Rest,,09:14:00,09:17:10,190.3,2026-06-13_01
54,10,Fluidizing,Adding water,07:58:57,07:59:17,19.2,2026-06-13_01
55,1,Communication,With other gulper(s),09:14:05,09:16:02,117.4,2026-06-13_01
55,10,Fluidizing,Fetching water,07:59:17,08:00:29,72.9,2026-06-13_01
56,11,Rest,,09:14:14,09:14:16,2.8,2026-06-13_01
56,10,Fluidizing,Adding water,08:00:29,08:00:55,25.6,2026-06-13_01
57,11,Rest,,09:14:16,09:14:32,15.4,2026-06-13_01
57,10,Fluidizing,Fetching water,08:00:55,08:01:37,41.5,2026-06-13_01
58,11,Travel,On errand,09:14:32,09:15:28,56.6,2026-06-13_01
58,14,Equipment,Maneuvering,08:01:27,08:01:44,17.3,2026-06-13_01
59,3,Travel,On errand,09:15:12,09:16:12,60.4,2026-06-13_01
59,6,Equipment,Maneuvering,08:01:30,08:01:46,16,2026-06-13_01
60,11,Rest,,09:15:28,09:16:29,60.3,2026-06-13_01
60,10,Fluidizing,Adding water,08:01:37,08:01:41,4.6,2026-06-13_01
61,1,Earthworks,Dig trench,09:16:02,09:23:15,432.6,2026-06-13_01
61,10,Fluidizing,Fetching water,08:01:41,08:04:29,167.4,2026-06-13_01
62,3,Rest,,09:16:12,09:18:48,156.2,2026-06-13_01
62,14,Equipment,Repairing,08:01:44,08:03:51,126.8,2026-06-13_01
63,11,Communication,With other gulper(s),09:16:29,09:18:06,97.1,2026-06-13_01
63,6,Equipment,Repairing,08:01:46,08:03:38,112,2026-06-13_01
64,18,Communication,With other gulper(s),09:17:10,09:17:16,6.5,2026-06-13_01
64,6,Equipment,Maneuvering,08:03:38,08:04:45,67,2026-06-13_01
65,18,Rest,,09:17:16,09:17:39,23,2026-06-13_01
65,14,Communication,With other gulper(s),08:03:51,08:04:05,14.9,2026-06-13_01
66,18,Earthworks,Dig trench,09:17:39,09:19:22,102.7,2026-06-13_01
66,14,Equipment,Maneuvering,08:04:05,08:05:12,66.8,2026-06-13_01
67,11,Rest,,09:18:06,09:18:42,35.9,2026-06-13_01
67,10,Fluidizing,Adding water,08:04:29,08:05:00,31.5,2026-06-13_01
68,11,Earthworks,Dig trench,09:18:42,09:24:25,343.8,2026-06-13_01
68,6,Equipment,Repairing,08:04:45,08:08:09,204.1,2026-06-13_01
69,3,Earthworks,Dig trench,09:18:48,09:20:19,90.3,2026-06-13_01
69,10,Fluidizing,Fetching water,08:05:00,08:05:18,18.3,2026-06-13_01
70,18,Rest,,09:19:22,09:23:03,220.8,2026-06-13_01
70,14,Equipment,Repairing,08:05:12,08:07:33,140.9,2026-06-13_01
71,3,Rest,,09:20:19,09:24:19,240.2,2026-06-13_01
71,10,Fluidizing,Adding water,08:05:18,08:05:27,8.7,2026-06-13_01
72,18,Rest,,09:23:03,09:27:19,256.2,2026-06-13_01
72,10,Communication,With other gulper(s),08:05:27,08:05:32,5.3,2026-06-13_01
73,1,Rest,,09:23:15,09:24:16,60.8,2026-06-13_01
73,10,Fluidizing,Adding water,08:05:32,08:05:51,18.5,2026-06-13_01
74,1,Communication,With other gulper(s),09:24:16,09:28:32,255.9,2026-06-13_01
74,10,Fluidizing,Fetching water,08:05:51,08:06:20,29,2026-06-13_01
75,3,Communication,With other gulper(s),09:24:19,09:24:38,19.6,2026-06-13_01
75,10,Rest,,08:06:20,08:06:43,23,2026-06-13_01
76,11,Rest,,09:24:25,09:27:08,163,2026-06-13_01
76,10,Fluidizing,Fetching water,08:06:43,08:07:08,24.9,2026-06-13_01
77,3,Earthworks,Dig trench,09:24:38,09:28:24,225.8,2026-06-13_01
77,10,Communication,With other gulper(s),08:07:08,08:07:13,4.9,2026-06-13_01
78,11,Communication,With other gulper(s),09:27:08,09:30:42,213.9,2026-06-13_01
78,10,Fluidizing,Adding water,08:07:13,08:07:19,6.6,2026-06-13_01
79,18,Communication,With other gulper(s),09:27:19,09:28:40,80.5,2026-06-13_01
79,10,Fluidizing,Fetching water,08:07:19,08:09:04,104.9,2026-06-13_01
80,3,Travel,On errand,09:28:24,09:30:30,125.9,2026-06-13_01
80,14,Communication,With other gulper(s),08:07:33,08:07:40,7,2026-06-13_01
81,1,Travel,On errand,09:28:32,09:30:09,97.5,2026-06-13_01
81,14,Equipment,Repairing,08:07:40,08:08:15,35,2026-06-13_01
82,18,Communication,With other gulper(s),09:28:40,09:31:29,169.7,2026-06-13_01
82,6,Equipment,Maneuvering,08:08:09,08:08:58,49.2,2026-06-13_01
83,1,Extraction,Removing sludge,09:30:09,09:30:19,10,2026-06-13_01
83,14,Equipment,Maneuvering,08:08:15,08:09:01,46.1,2026-06-13_01
84,1,Extraction,Pulling out trash,09:30:19,09:36:38,379.2,2026-06-13_01
84,6,Communication,With other gulper(s),08:08:58,08:10:00,62,2026-06-13_01
85,3,Extraction,Pulling out trash,09:30:30,09:36:43,373,2026-06-13_01
85,14,Communication,With other gulper(s),08:09:01,08:09:46,44.3,2026-06-13_01
86,11,Extraction,Pulling out trash,09:30:42,09:31:20,37.4,2026-06-13_01
86,10,Fluidizing,Adding water,08:09:04,08:09:09,4.8,2026-06-13_01
87,11,Extraction,Pulling out trash,09:31:20,09:37:27,367.3,2026-06-13_01
87,10,Fluidizing,Fetching water,08:09:09,08:10:09,60.4,2026-06-13_01
88,18,Extraction,Pulling out trash,09:31:29,09:36:50,320.5,2026-06-13_01
88,19,Communication,With other gulper(s),08:09:35,08:10:05,30.5,2026-06-13_01
89,1,Communication,With other gulper(s),09:36:38,09:39:14,156.2,2026-06-13_01
89,14,Superstructure,Modification,08:09:46,08:09:56,10.8,2026-06-13_01
90,3,Communication,With other gulper(s),09:36:43,09:39:20,157.2,2026-06-13_01
90,14,Rest,,08:09:56,08:10:57,60.2,2026-06-13_01
91,18,Communication,With other gulper(s),09:36:50,09:39:25,154.7,2026-06-13_01
91,6,Superstructure,Modification,08:10:00,08:13:30,210.2,2026-06-13_01
92,11,Travel,On errand,09:37:27,09:39:43,135.9,2026-06-13_01
92,19,Fluidizing,Mixing,08:10:05,08:10:29,24,2026-06-13_01
93,1,Rest,,09:39:14,09:40:13,58.9,2026-06-13_01
93,10,Fluidizing,Adding water,08:10:09,08:11:07,58,2026-06-13_01
94,3,Rest,,09:39:20,09:40:18,57.3,2026-06-13_01
94,19,Extraction,Pulling out trash,08:10:29,08:11:38,68.9,2026-06-13_01
95,18,Rest,,09:39:25,09:42:59,214.5,2026-06-13_01
95,14,Superstructure,Modification,08:10:57,08:13:26,149.6,2026-06-13_01
96,11,Disposal,,09:39:43,09:39:55,11.8,2026-06-13_01
96,10,Fluidizing,Fetching water,08:11:07,08:16:11,303.2,2026-06-13_01
97,11,Superstructure,Repair,09:39:55,09:40:07,12.6,2026-06-13_01
97,19,Fluidizing,Mixing,08:11:38,08:14:23,164.6,2026-06-13_01
98,11,Communication,With other gulper(s),09:40:07,09:45:14,306.8,2026-06-13_01
98,14,Communication,With other gulper(s),08:13:26,08:14:05,38.3,2026-06-13_01
99,1,Communication,With other gulper(s),09:40:13,09:42:43,149.7,2026-06-13_01
99,6,Communication,With other gulper(s),08:13:30,08:13:46,16.1,2026-06-13_01
100,3,Communication,With other gulper(s),09:40:18,09:42:50,152.2,2026-06-13_01
100,6,Fluidizing,Adding water,08:13:46,08:13:59,13.2,2026-06-13_01
101,1,Extraction,Pulling out trash,09:42:43,09:49:20,397.1,2026-06-13_01
101,6,Communication,With other gulper(s),08:13:59,08:14:52,52.2,2026-06-13_01
102,3,Extraction,Pulling out trash,09:42:50,09:49:51,420.9,2026-06-13_01
102,14,Rest,,08:14:05,08:14:13,8.2,2026-06-13_01
103,18,Extraction,Pulling out trash,09:42:59,09:48:15,315.7,2026-06-13_01
103,14,Communication,With other gulper(s),08:14:13,08:15:09,55.9,2026-06-13_01
104,11,Rest,,09:45:14,09:45:20,5.4,2026-06-13_01
104,19,Extraction,Pulling out trash,08:14:23,08:15:18,54.8,2026-06-13_01
105,11,Extraction,Pulling out trash,09:45:20,09:56:57,697.8,2026-06-13_01
105,6,Equipment,Maneuvering,08:14:52,08:16:26,94.4,2026-06-13_01
106,18,Travel,On errand,09:48:15,09:49:38,83.1,2026-06-13_01
106,14,Rest,,08:15:09,08:15:23,14.5,2026-06-13_01
107,1,Earthworks,Fill trench,09:49:20,09:51:51,150.6,2026-06-13_01
107,19,Fluidizing,Mixing,08:15:18,08:15:49,31.2,2026-06-13_01
108,18,Earthworks,Fill trench,09:49:38,09:51:38,119.8,2026-06-13_01
108,14,Communication,With other gulper(s),08:15:23,08:16:32,69,2026-06-13_01
109,3,Earthworks,Fill trench,09:49:51,09:51:44,113.4,2026-06-13_01
109,19,Extraction,Pulling out trash,08:15:49,08:16:58,69,2026-06-13_01
110,18,Communication,With other gulper(s),09:51:38,09:53:35,117.1,2026-06-13_01
110,10,Rest,,08:16:11,08:17:39,88.4,2026-06-13_01
111,3,Communication,With other gulper(s),09:51:44,09:53:43,118.4,2026-06-13_01
111,6,Fluidizing,Mixing,08:16:26,08:17:50,84.1,2026-06-13_01
112,1,Communication,With other gulper(s),09:51:51,09:53:23,91.9,2026-06-13_01
112,14,Equipment,Maneuvering,08:16:32,08:16:52,19.7,2026-06-13_01
113,1,Earthworks,Fill trench,09:53:23,09:55:11,108,2026-06-13_01
113,14,Fluidizing,Mixing,08:16:52,08:19:41,168.8,2026-06-13_01
114,18,Earthworks,Fill trench,09:53:35,10:05:05,690.5,2026-06-13_01
114,19,Fluidizing,Mixing,08:16:58,08:19:50,172,2026-06-13_01
115,3,Rest,,09:53:43,09:53:49,6,2026-06-13_01
115,10,Fluidizing,Adding water,08:17:39,08:17:45,6.1,2026-06-13_01
116,3,Travel,On errand,09:53:49,09:55:17,88.6,2026-06-13_01
116,10,Fluidizing,Fetching water,08:17:45,08:19:11,85.8,2026-06-13_01
117,1,Communication,With other gulper(s),09:55:11,09:55:25,14.2,2026-06-13_01
117,6,Fluidizing,Adding water,08:17:50,08:18:16,26.1,2026-06-13_01
118,3,Communication,With other gulper(s),09:55:17,09:56:42,85,2026-06-13_01
118,6,Extraction,Removing sludge,08:18:16,08:19:15,58.8,2026-06-13_01
119,1,Earthworks,Fill trench,09:55:25,10:04:38,553.6,2026-06-13_01
119,10,Equipment,Maneuvering,08:19:11,08:19:27,15.9,2026-06-13_01
120,3,Earthworks,Fill trench,09:56:42,10:04:22,459.8,2026-06-13_01
120,6,Extraction,Removing sludge,08:19:15,08:26:45,449.7,2026-06-13_01
121,11,Earthworks,Fill trench,09:56:57,10:10:27,809.8,2026-06-13_01
121,10,Sludge handling,Container transport,08:19:27,08:20:16,48.7,2026-06-13_01
122,3,Rest,,10:04:22,10:08:02,220,2026-06-13_01
122,14,Communication,With other gulper(s),08:19:41,08:20:50,69.2,2026-06-13_01
123,1,Earthworks,Dig trench,10:04:38,10:12:42,484.1,2026-06-13_01
123,19,Extraction,Pulling out trash,08:19:50,08:20:23,32.8,2026-06-13_01
124,18,Communication,With other gulper(s),10:05:05,10:05:24,19.3,2026-06-13_01
124,10,Equipment,Maneuvering,08:20:16,08:21:23,67.7,2026-06-13_01
125,18,Communication,With other gulper(s),10:05:24,10:07:00,95.4,2026-06-13_01
125,19,Fluidizing,Mixing,08:20:23,08:24:20,237.4,2026-06-13_01
126,18,Superstructure,Modification,10:07:00,10:07:47,47.3,2026-06-13_01
126,14,Equipment,Maneuvering,08:20:50,08:21:12,21.8,2026-06-13_01
127,18,Earthworks,Fill trench,10:07:47,10:12:50,303.2,2026-06-13_01
127,14,Superstructure,Modification,08:21:12,08:30:53,580.9,2026-06-13_01
128,3,Earthworks,Fill trench,10:08:02,10:13:33,330.9,2026-06-13_01
128,10,Fluidizing,Fetching water,08:21:23,08:22:57,93.3,2026-06-13_01
129,11,Rest,,10:10:27,10:11:44,76.8,2026-06-13_01
129,10,Rest,,08:22:57,08:23:56,59,2026-06-13_01
130,11,Earthworks,Fill trench,10:11:44,10:14:12,148.4,2026-06-13_01
130,10,Sludge handling,Container transport,08:23:56,08:24:29,33.8,2026-06-13_01
131,1,Communication,With other gulper(s),10:12:42,10:14:00,78,2026-06-13_01
131,19,Sludge handling,Container transport,08:24:20,08:24:44,24,2026-06-13_01
132,18,Communication,With other gulper(s),10:12:50,10:16:52,241.4,2026-06-13_01
132,10,Fluidizing,Fetching water,08:24:29,08:24:37,7.9,2026-06-13_01
133,3,Rest,,10:13:33,10:16:17,164.3,2026-06-13_01
133,10,Equipment,Maneuvering,08:24:37,08:25:53,76.1,2026-06-13_01
134,1,Earthworks,Fill trench,10:14:00,10:20:00,359.6,2026-06-13_01
134,19,Equipment,Maneuvering,08:24:44,08:25:19,34.7,2026-06-13_01
135,11,Earthworks,Fill trench,10:14:12,10:24:01,589.1,2026-06-13_01
135,19,Fluidizing,Mixing,08:25:19,08:25:26,7,2026-06-13_01
136,3,Earthworks,Fill trench,10:16:17,10:20:42,264.3,2026-06-13_01
136,19,Communication,With other gulper(s),08:25:26,08:25:49,23.5,2026-06-13_01
137,18,Rest,,10:16:52,10:17:00,8.5,2026-06-13_01
137,19,Fluidizing,Mixing,08:25:49,08:27:09,80.3,2026-06-13_01
138,18,Travel,On errand,10:17:00,10:17:17,16.2,2026-06-13_01
138,10,Rest,,08:25:53,08:26:05,11.3,2026-06-13_01
139,18,Earthworks,Fill trench,10:17:17,10:22:28,311.1,2026-06-13_01
139,10,Sludge handling,Container transport,08:26:05,08:26:52,47.1,2026-06-13_01
140,1,Rest,,10:20:00,10:21:10,69.8,2026-06-13_01
140,6,Equipment,Maneuvering,08:26:45,08:26:48,3.2,2026-06-13_01
141,3,Rest,,10:20:42,10:23:06,144.3,2026-06-13_01
141,6,Communication,With other gulper(s),08:26:48,08:27:32,44.2,2026-06-13_01
142,1,Earthworks,Fill trench,10:21:10,10:22:49,99,2026-06-13_01
142,10,Equipment,Maneuvering,08:26:52,08:27:16,24.5,2026-06-13_01
143,18,Travel,On errand,10:22:28,10:23:56,88.2,2026-06-13_01
143,19,Extraction,Pulling out trash,08:27:09,08:27:48,38.6,2026-06-13_01
144,1,Communication,With other gulper(s),10:22:49,10:29:34,404.9,2026-06-13_01
144,10,Rest,,08:27:16,08:31:26,249.8,2026-06-13_01
145,3,Earthworks,Fill trench,10:23:06,10:23:45,39.4,2026-06-13_01
145,6,Fluidizing,Mixing,08:27:32,08:28:35,62.9,2026-06-13_01
146,3,Communication,With other gulper(s),10:23:45,10:28:27,281.7,2026-06-13_01
146,19,Fluidizing,Mixing,08:27:48,08:27:55,7.1,2026-06-13_01
147,18,Earthworks,Fill trench,10:23:56,10:27:21,205.1,2026-06-13_01
147,19,Extraction,Pulling out trash,08:27:55,08:28:50,54.6,2026-06-13_01
148,11,Communication,With other gulper(s),10:24:01,10:24:44,42.9,2026-06-13_01
148,6,Extraction,Pulling out trash,08:28:35,08:29:05,30.4,2026-06-13_01
149,11,Earthworks,Fill trench,10:24:44,10:34:18,573.5,2026-06-13_01
149,19,Fluidizing,Mixing,08:28:50,08:29:13,22.8,2026-06-13_01
150,18,Rest,,10:27:21,10:27:53,32,2026-06-13_01
150,6,Fluidizing,Mixing,08:29:05,08:29:28,22.9,2026-06-13_01
151,18,Earthworks,Fill trench,10:27:53,10:31:27,213.9,2026-06-13_01
151,19,Extraction,Pulling out trash,08:29:13,08:29:25,12.1,2026-06-13_01
152,3,Earthworks,Fill trench,10:28:27,10:38:52,625,2026-06-13_01
152,19,Fluidizing,Mixing,08:29:25,08:29:56,31.1,2026-06-13_01
153,1,Earthworks,Fill trench,10:29:34,10:38:23,529,2026-06-13_01
153,6,Extraction,Pulling out trash,08:29:28,08:29:34,5.8,2026-06-13_01
154,18,Communication,With other gulper(s),10:31:27,10:32:54,87,2026-06-13_01
154,6,Fluidizing,Mixing,08:29:34,08:30:00,26.2,2026-06-13_01
155,18,Earthworks,Fill trench,10:32:54,10:38:10,315.8,2026-06-13_01
155,19,Extraction,Pulling out trash,08:29:56,08:31:40,104.7,2026-06-13_01
156,11,Travel,On errand,10:34:18,10:39:08,290.2,2026-06-13_01
156,6,Extraction,Pulling out trash,08:30:00,08:30:21,20.3,2026-06-13_01
157,18,Equipment,Maneuvering,10:38:10,10:39:41,91.7,2026-06-13_01
157,6,Fluidizing,Mixing,08:30:21,08:30:30,9.4,2026-06-13_01
158,1,Equipment,Maneuvering,10:38:23,10:38:57,34,2026-06-13_01
158,6,Extraction,Removing sludge,08:30:30,08:31:22,51.8,2026-06-13_01
159,3,Rest,,10:38:52,10:41:50,177.6,2026-06-13_01
159,14,Equipment,Maneuvering,08:30:53,08:32:13,80.5,2026-06-13_01
160,1,Rest,,10:38:57,10:40:45,107.8,2026-06-13_01
160,6,Extraction,Pulling out trash,08:31:22,08:31:32,9.8,2026-06-13_01
161,11,Rest,,10:39:08,10:46:45,456.8,2026-06-13_01
161,10,Sludge handling,Container transport,08:31:26,08:32:04,38.2,2026-06-13_01
162,18,Earthworks,Fill trench,10:39:41,10:43:39,238,2026-06-13_01
162,6,Extraction,Removing sludge,08:31:32,08:32:44,72.6,2026-06-13_01
163,1,Communication,With other gulper(s),10:40:45,10:40:55,9.9,2026-06-13_01
163,19,Fluidizing,Mixing,08:31:40,08:32:38,57.3,2026-06-13_01
164,1,Earthworks,Fill trench,10:40:55,10:42:49,114.6,2026-06-13_01
164,10,Equipment,Maneuvering,08:32:04,08:32:27,23.2,2026-06-13_01
165,3,Earthworks,Fill trench,10:41:50,10:49:39,469.6,2026-06-13_01
165,14,Communication,With other gulper(s),08:32:13,08:32:20,7.4,2026-06-13_01
166,1,Communication,With other gulper(s),10:42:49,10:42:58,8.6,2026-06-13_01
166,14,Sludge handling,Container transport,08:32:20,08:32:52,31.3,2026-06-13_01
167,1,Rest,,10:42:58,10:46:19,201.3,2026-06-13_01
167,10,Communication,With other gulper(s),08:32:27,08:32:55,27.7,2026-06-13_01
168,18,Rest,,10:43:39,10:50:29,410.1,2026-06-13_01
168,19,Extraction,Pulling out trash,08:32:38,08:33:47,69.6,2026-06-13_01
169,1,Earthworks,Fill trench,10:46:19,10:56:24,605.1,2026-06-13_01
169,6,Fluidizing,Mixing,08:32:44,08:33:07,22.6,2026-06-13_01
170,11,Earthworks,Fill trench,10:46:45,10:49:35,169.8,2026-06-13_01
170,14,Equipment,Maneuvering,08:32:52,08:33:28,36.7,2026-06-13_01
171,11,Rest,,10:49:35,10:52:39,184.1,2026-06-13_01
171,10,Rest,,08:32:55,08:34:20,84.6,2026-06-13_01
172,3,Rest,,10:49:39,10:56:48,429.3,2026-06-13_01
172,6,Extraction,Removing sludge,08:33:07,08:33:38,31.3,2026-06-13_01
173,18,Equipment,Cleaning,10:50:29,10:56:29,360.1,2026-06-13_01
173,14,Rest,,08:33:28,08:34:08,39.7,2026-06-13_01
174,11,Earthworks,Fill trench,10:52:39,11:02:57,618.3,2026-06-13_01
174,6,Fluidizing,Mixing,08:33:38,08:33:56,17.9,2026-06-13_01
175,1,Rest,,10:56:24,10:59:06,161.5,2026-06-13_01
175,19,Fluidizing,Mixing,08:33:47,08:34:35,47.6,2026-06-13_01
176,18,Rest,,10:56:29,10:58:58,148.3,2026-06-13_01
176,6,Extraction,Pulling out trash,08:33:56,08:34:00,3.7,2026-06-13_01
177,18,Communication,With other gulper(s),10:58:58,11:01:40,162.3,2026-06-13_01
177,6,Extraction,Removing sludge,08:34:00,08:36:09,129.3,2026-06-13_01
178,1,Communication,With other gulper(s),10:59:06,11:01:50,164,2026-06-13_01
178,14,Sludge handling,Container transport,08:34:08,08:34:41,32.6,2026-06-13_01
179,18,Earthworks,Fill trench,11:01:40,11:06:52,311.6,2026-06-13_01
179,10,Equipment,Maneuvering,08:34:20,08:34:46,26,2026-06-13_01
180,11,Rest,,11:02:57,11:03:07,10.4,2026-06-13_01
180,19,Extraction,Pulling out trash,08:34:35,08:37:58,202.6,2026-06-13_01
181,11,Communication,With other gulper(s),11:03:07,11:04:07,60.1,2026-06-13_01
181,14,Equipment,Maneuvering,08:34:41,08:34:53,12.7,2026-06-13_01
182,11,Equipment,Maneuvering,11:04:07,11:04:32,24.7,2026-06-13_01
182,10,Sludge handling,Container transport,08:34:46,08:35:16,30.2,2026-06-13_01
183,18,Rest,,11:06:52,11:07:36,43.9,2026-06-13_01
183,14,Rest,,08:34:53,08:35:10,16.7,2026-06-13_01
184,1,Earthworks,Fill trench,11:09:19,11:25:18,958.8,2026-06-13_01
184,14,Extraction,Pulling out trash,08:35:10,08:35:31,20.7,2026-06-13_01
185,3,Earthworks,Fill trench,11:09:32,12:03:58,3265.8,2026-06-13_01
185,10,Equipment,Maneuvering,08:35:16,08:35:44,28,2026-06-13_01
186,18,Earthworks,Fill trench,11:15:11,11:22:48,457.2,2026-06-13_01
186,14,Sludge handling,Container transport,08:35:31,08:35:38,7.6,2026-06-13_01
187,11,Earthworks,Fill trench,11:17:16,12:05:29,2892.3,2026-06-13_01
187,14,Rest,,08:35:38,08:35:51,12.8,2026-06-13_01
188,18,Rest,,11:22:48,11:38:53,964.9,2026-06-13_01
188,10,Sludge handling,Container transport,08:35:44,08:36:15,31.6,2026-06-13_01
189,1,Rest,,11:25:18,11:28:02,164.7,2026-06-13_01
189,14,Extraction,Pulling out trash,08:35:51,08:35:57,5.4,2026-06-13_01
190,1,Earthworks,Fill trench,11:28:44,11:38:30,586.1,2026-06-13_01
190,14,Rest,,08:35:57,08:36:12,15.8,2026-06-13_01
191,1,Equipment,Cleaning,11:38:30,11:39:47,77.4,2026-06-13_01
191,6,Communication,With other gulper(s),08:36:09,08:36:24,14.7,2026-06-13_01
192,18,Equipment,Cleaning,11:38:53,11:41:14,140.7,2026-06-13_01
192,14,Communication,With other gulper(s),08:36:12,08:36:28,15.5,2026-06-13_01
193,18,Equipment,Repairing,11:41:14,11:41:27,13.1,2026-06-13_01
193,10,Equipment,Maneuvering,08:36:15,08:36:39,23.9,2026-06-13_01
194,18,Extraction,Pulling out trash,11:41:27,11:49:36,489.8,2026-06-13_01
194,6,Fluidizing,Mixing,08:36:24,08:36:36,11.9,2026-06-13_01
195,1,Rest,,11:47:11,11:55:23,492.7,2026-06-13_01
195,14,Extraction,Pulling out trash,08:36:28,08:36:52,24.5,2026-06-13_01
196,18,Rest,,11:49:36,11:55:37,360.6,2026-06-13_01
196,6,Extraction,Removing sludge,08:36:36,08:41:46,310,2026-06-13_01
197,1,Earthworks,Fill trench,12:00:24,12:04:02,218,2026-06-13_01
197,10,Sludge handling,Container transport,08:36:39,08:37:17,38,2026-06-13_01
198,18,Earthworks,Fill trench,12:00:37,12:03:08,151.7,2026-06-13_01
198,14,Rest,,08:36:52,08:37:29,36.8,2026-06-13_01
199,18,Equipment,Cleaning,12:03:08,12:04:34,85.3,2026-06-13_01
199,10,Equipment,Maneuvering,08:37:17,08:37:47,29.6,2026-06-13_01
200,1,Rest,,12:04:02,12:06:12,129.7,2026-06-13_01
200,14,Sludge handling,Container transport,08:37:29,08:38:41,71.8,2026-06-13_01
201,18,Rest,,12:04:34,12:06:01,87,2026-06-13_01
201,10,Sludge handling,Container transport,08:37:47,08:38:29,41.9,2026-06-13_01
202,3,Rest,,12:10:28,12:15:47,319.1,2026-06-13_01
202,19,Fluidizing,Mixing,08:37:58,08:38:04,6.6,2026-06-13_01
203,11,Rest,,12:12:25,12:16:12,226.5,2026-06-13_01
203,19,Extraction,Pulling out trash,08:38:04,08:38:15,10.6,2026-06-13_01
204,1,Equipment,Cleaning,12:12:48,12:15:57,189.2,2026-06-13_01
204,19,Fluidizing,Mixing,08:38:15,08:38:58,43.2,2026-06-13_01
205,18,Equipment,Cleaning,12:13:04,12:17:16,252.3,2026-06-13_01
205,10,Equipment,Maneuvering,08:38:29,08:38:47,18.3,2026-06-13_01
206,3,Equipment,Cleaning,12:15:47,12:17:16,89.4,2026-06-13_01
206,14,Communication,With other gulper(s),08:38:41,08:39:20,38.5,2026-06-13_01
207,1,Equipment,Cleaning,12:15:57,12:17:16,79.1,2026-06-13_01
207,10,Sludge handling,Container transport,08:38:47,08:39:16,28.3,2026-06-13_01
208,11,Equipment,Cleaning,12:16:12,12:17:16,64.9,2026-06-13_01
208,19,Extraction,Pulling out trash,08:38:58,08:39:31,33.5,2026-06-13_01
209,10,Equipment,Maneuvering,08:39:16,08:41:01,105.7,2026-06-13_01
210,14,Equipment,Maneuvering,08:39:20,08:40:47,87.4,2026-06-13_01
211,19,Fluidizing,Mixing,08:39:31,08:40:37,65.7,2026-06-13_01
212,19,Extraction,Pulling out trash,08:40:37,08:40:58,21.1,2026-06-13_01
213,14,Fluidizing,Mixing,08:40:47,08:40:53,5.9,2026-06-13_01
214,14,Communication,With other gulper(s),08:40:53,08:41:25,32.7,2026-06-13_01
215,19,Fluidizing,Mixing,08:40:58,08:41:40,42.2,2026-06-13_01
216,10,Rest,,08:41:01,08:44:23,201.9,2026-06-13_01
217,14,Rest,,08:41:25,08:41:54,29,2026-06-13_01
218,19,Extraction,Pulling out trash,08:41:40,08:42:27,47.1,2026-06-13_01
219,6,Fluidizing,Mixing,08:41:46,08:43:30,104.8,2026-06-13_01
220,14,Extraction,Pulling out trash,08:41:54,08:42:07,12.6,2026-06-13_01
221,14,Rest,,08:42:07,08:42:12,5.3,2026-06-13_01
222,14,Extraction,Pulling out trash,08:42:12,08:43:34,81.8,2026-06-13_01
223,19,Fluidizing,Mixing,08:42:27,08:42:33,5.8,2026-06-13_01
224,19,Extraction,Pulling out trash,08:42:33,08:43:21,47.4,2026-06-13_01
225,19,Rest,,08:43:21,08:43:26,4.9,2026-06-13_01
226,19,Fluidizing,Mixing,08:43:26,08:44:07,41.9,2026-06-13_01
227,6,Extraction,Removing sludge,08:43:30,08:43:47,16.5,2026-06-13_01
228,14,Rest,,08:43:34,08:43:52,17.3,2026-06-13_01
229,6,Extraction,Pulling out trash,08:43:47,08:44:02,14.8,2026-06-13_01
230,14,Extraction,Pulling out trash,08:43:52,08:44:50,58.6,2026-06-13_01
231,6,Fluidizing,Mixing,08:44:02,08:44:15,13.7,2026-06-13_01
232,19,Extraction,Pulling out trash,08:44:07,08:45:03,55.3,2026-06-13_01
233,6,Extraction,Pulling out trash,08:44:15,08:44:33,17.2,2026-06-13_01
234,10,Sludge handling,Container transport,08:44:23,08:45:17,53.7,2026-06-13_01
235,6,Extraction,Removing sludge,08:44:33,08:45:06,33.1,2026-06-13_01
236,14,Equipment,Maneuvering,08:44:50,08:44:57,6.6,2026-06-13_01
237,14,Extraction,Pulling out trash,08:44:57,08:48:54,236.8,2026-06-13_01
238,19,Fluidizing,Mixing,08:45:03,08:45:43,40.1,2026-06-13_01
239,6,Fluidizing,Mixing,08:45:06,08:46:05,59.1,2026-06-13_01
240,10,Equipment,Maneuvering,08:45:17,08:45:52,34.9,2026-06-13_01
241,19,Extraction,Pulling out trash,08:45:43,08:47:24,101.6,2026-06-13_01
242,10,Rest,,08:45:52,08:46:29,36.8,2026-06-13_01
243,6,Extraction,Pulling out trash,08:46:05,08:46:47,42.5,2026-06-13_01
244,10,Sludge handling,Container transport,08:46:29,08:47:13,44.7,2026-06-13_01
245,6,Fluidizing,Mixing,08:46:47,08:48:40,112.3,2026-06-13_01
246,10,Equipment,Maneuvering,08:47:13,08:48:45,91.8,2026-06-13_01
247,19,Fluidizing,Mixing,08:47:24,08:48:24,59.7,2026-06-13_01
248,19,Extraction,Pulling out trash,08:48:24,08:49:12,47.4,2026-06-13_01
249,6,Extraction,Removing sludge,08:48:40,08:50:01,80.9,2026-06-13_01
250,10,Sludge handling,Container transport,08:48:45,08:48:49,4.3,2026-06-13_01
251,10,Sludge handling,Container transport,08:48:49,08:49:47,58.1,2026-06-13_01
252,14,Communication,With other gulper(s),08:48:54,08:50:12,78.3,2026-06-13_01
253,19,Fluidizing,Mixing,08:49:12,08:49:43,31.6,2026-06-13_01
254,19,Extraction,Pulling out trash,08:49:43,08:52:35,172.1,2026-06-13_01
255,10,Equipment,Maneuvering,08:49:47,08:50:18,30.2,2026-06-13_01
256,6,Rest,,08:50:01,08:52:05,124.8,2026-06-13_01
257,14,Fluidizing,Mixing,08:50:12,08:50:59,46.7,2026-06-13_01
258,10,Rest,,08:50:18,08:52:14,116.7,2026-06-13_01
259,14,Extraction,Pulling out trash,08:50:59,08:52:30,91.9,2026-06-13_01
260,6,Equipment,Maneuvering,08:52:05,08:53:27,81.1,2026-06-13_01
261,10,Sludge handling,Container transport,08:52:14,08:52:53,38.9,2026-06-13_01
262,14,Fluidizing,Mixing,08:52:30,08:52:42,11.7,2026-06-13_01
263,19,Fluidizing,Mixing,08:52:35,08:52:48,12.5,2026-06-13_01
264,14,Extraction,Pulling out trash,08:52:42,08:53:07,25.3,2026-06-13_01
265,19,Extraction,Pulling out trash,08:52:48,08:54:44,116.8,2026-06-13_01
266,10,Equipment,Maneuvering,08:52:53,08:53:12,18.6,2026-06-13_01
267,14,Fluidizing,Mixing,08:53:07,08:53:36,29.1,2026-06-13_01
268,10,Rest,,08:53:12,08:53:48,35.8,2026-06-13_01
269,6,Superstructure,Inspection,08:53:27,08:53:43,16.1,2026-06-13_01
270,14,Extraction,Removing sludge,08:53:36,08:58:57,320.6,2026-06-13_01
271,6,Communication,With other gulper(s),08:53:43,08:53:54,11.1,2026-06-13_01
272,10,Equipment,Maneuvering,08:53:48,08:53:57,9.9,2026-06-13_01
273,6,Extraction,Pulling out trash,08:53:54,08:54:03,9.4,2026-06-13_01
274,10,Rest,,08:53:57,08:54:27,29.5,2026-06-13_01
275,6,Superstructure,Inspection,08:54:03,08:54:12,9,2026-06-13_01
276,6,Sludge handling,Container transport,08:54:12,08:54:39,26.5,2026-06-13_01
277,10,Sludge handling,Container transport,08:54:27,08:55:14,47.1,2026-06-13_01
278,6,Rest,,08:54:39,08:54:55,16.7,2026-06-13_01
279,19,Fluidizing,Mixing,08:54:44,08:54:48,3.8,2026-06-13_01
280,19,Extraction,Pulling out trash,08:54:48,08:55:27,38.5,2026-06-13_01
281,6,Extraction,Pulling out trash,08:54:55,08:55:38,43.1,2026-06-13_01
282,10,Equipment,Maneuvering,08:55:14,08:55:53,38.6,2026-06-13_01
283,19,Communication,With other gulper(s),08:55:27,08:55:30,3.6,2026-06-13_01
284,19,Fluidizing,Mixing,08:55:30,08:55:48,18,2026-06-13_01
285,6,Sludge handling,Container transport,08:55:38,08:56:44,65.9,2026-06-13_01
286,19,Extraction,Pulling out trash,08:55:48,08:56:00,11.8,2026-06-13_01
287,10,Extraction,Pulling out trash,08:55:53,08:56:03,10.3,2026-06-13_01
288,19,Fluidizing,Mixing,08:56:00,08:56:14,13.3,2026-06-13_01
289,10,Sludge handling,Container transport,08:56:03,08:56:56,53.1,2026-06-13_01
290,19,Extraction,Pulling out trash,08:56:14,08:57:30,76.1,2026-06-13_01
291,6,Equipment,Maneuvering,08:56:44,08:57:01,16.2,2026-06-13_01
292,10,Equipment,Maneuvering,08:56:56,08:57:11,14.9,2026-06-13_01
293,6,Extraction,Pulling out trash,08:57:01,08:57:27,26.2,2026-06-13_01
294,10,Rest,,08:57:11,08:57:40,29.2,2026-06-13_01
295,6,Communication,With other gulper(s),08:57:27,08:57:49,22.1,2026-06-13_01
296,19,Communication,With other gulper(s),08:57:30,08:57:36,6.6,2026-06-13_01
297,19,Fluidizing,Mixing,08:57:36,08:57:54,17.4,2026-06-13_01
298,10,Sludge handling,Container transport,08:57:40,08:59:14,93.4,2026-06-13_01
299,6,Extraction,Pulling out trash,08:57:49,08:58:11,22.3,2026-06-13_01
300,19,Extraction,Pulling out trash,08:57:54,08:58:28,34,2026-06-13_01
301,6,Equipment,Repairing,08:58:11,08:58:41,30.3,2026-06-13_01
302,19,Equipment,Repairing,08:58:28,08:58:34,6.6,2026-06-13_01
303,19,Fluidizing,Mixing,08:58:34,08:59:09,35.1,2026-06-13_01
304,6,Superstructure,Inspection,08:58:41,08:58:46,4.6,2026-06-13_01
305,6,Sludge handling,Container transport,08:58:46,08:59:57,71.1,2026-06-13_01
306,14,Fluidizing,Mixing,08:58:57,08:59:05,7.7,2026-06-13_01
307,14,Extraction,Removing sludge,08:59:05,08:59:39,34.4,2026-06-13_01
308,19,Extraction,Pulling out trash,08:59:09,08:59:43,33.7,2026-06-13_01
309,10,Equipment,Maneuvering,08:59:14,08:59:33,19.2,2026-06-13_01
310,10,Rest,,08:59:33,09:02:29,176.4,2026-06-13_01
311,14,Communication,With other gulper(s),08:59:39,08:59:52,12.8,2026-06-13_01
312,19,Fluidizing,Mixing,08:59:43,09:00:02,19.5,2026-06-13_01
313,14,Extraction,Pulling out trash,08:59:52,09:00:22,30,2026-06-13_01
314,6,Equipment,Maneuvering,08:59:57,09:00:11,13.5,2026-06-13_01
315,19,Extraction,Pulling out trash,09:00:02,09:00:35,32.6,2026-06-13_01
316,6,Communication,With other gulper(s),09:00:11,09:00:26,15.2,2026-06-13_01
317,14,Communication,With other gulper(s),09:00:22,09:00:45,22.4,2026-06-13_01
318,6,Equipment,Maneuvering,09:00:26,09:00:30,4.1,2026-06-13_01
319,6,Communication,With other gulper(s),09:00:30,09:00:55,25,2026-06-13_01
320,19,Fluidizing,Mixing,09:00:35,09:00:50,15.4,2026-06-13_01
321,14,Extraction,Removing sludge,09:00:45,09:03:02,137.5,2026-06-13_01
322,19,Extraction,Pulling out trash,09:00:50,09:01:06,15,2026-06-13_01
323,6,Extraction,Pulling out trash,09:00:55,09:01:02,7.2,2026-06-13_01
324,6,Fluidizing,Mixing,09:01:02,09:01:17,14.5,2026-06-13_01
325,19,Rest,,09:01:06,09:02:18,72.8,2026-06-13_01
326,6,Extraction,Pulling out trash,09:01:17,09:01:31,14.6,2026-06-13_01
327,6,Fluidizing,Mixing,09:01:31,09:02:11,40.1,2026-06-13_01
328,6,Extraction,Pulling out trash,09:02:11,09:03:28,76.2,2026-06-13_01
329,19,Equipment,Maneuvering,09:02:18,09:02:24,5.7,2026-06-13_01
330,19,Sludge handling,Container transport,09:02:24,09:02:59,34.7,2026-06-13_01
331,10,Equipment,Maneuvering,09:02:29,09:02:41,11.7,2026-06-13_01
332,10,Rest,,09:02:41,09:03:48,66.8,2026-06-13_01
333,19,Equipment,Maneuvering,09:02:59,09:03:06,7.4,2026-06-13_01
334,14,Extraction,Pulling out trash,09:03:02,09:03:23,20.9,2026-06-13_01
335,19,Extraction,Pulling out trash,09:03:06,09:03:17,11.2,2026-06-13_01
336,19,Sludge handling,Container transport,09:03:17,09:03:51,33.3,2026-06-13_01
337,14,Fluidizing,Mixing,09:03:23,09:03:36,12.8,2026-06-13_01
338,6,Fluidizing,Mixing,09:03:28,09:03:44,16.2,2026-06-13_01
339,14,Extraction,Removing sludge,09:03:36,09:04:58,81.8,2026-06-13_01
340,6,Extraction,Pulling out trash,09:03:44,09:04:41,57.1,2026-06-13_01
341,10,Equipment,Maneuvering,09:03:48,09:04:48,60.6,2026-06-13_01
342,19,Equipment,Maneuvering,09:03:51,09:04:04,13.5,2026-06-13_01
343,19,Extraction,Pulling out trash,09:04:04,09:04:34,29.6,2026-06-13_01
344,19,Equipment,Maneuvering,09:04:34,09:04:54,20.5,2026-06-13_01
345,6,Fluidizing,Mixing,09:04:41,09:05:27,45.8,2026-06-13_01
346,10,Rest,,09:04:48,09:05:58,69.4,2026-06-13_01
347,19,Rest,,09:04:54,09:05:29,35.2,2026-06-13_01
348,14,Extraction,Pulling out trash,09:04:58,09:05:15,17,2026-06-13_01
349,14,Fluidizing,Mixing,09:05:15,09:05:33,18.3,2026-06-13_01
350,6,Extraction,Pulling out trash,09:05:27,09:06:42,75.3,2026-06-13_01
351,19,Extraction,Pulling out trash,09:05:29,09:06:00,30.9,2026-06-13_01
352,14,Extraction,Removing sludge,09:05:33,09:06:32,59.2,2026-06-13_01
353,10,Communication,With other gulper(s),09:05:58,09:06:38,40.5,2026-06-13_01
354,19,Communication,With other gulper(s),09:06:00,09:06:35,35.2,2026-06-13_01
355,14,Extraction,Pulling out trash,09:06:32,09:07:17,45,2026-06-13_01
356,19,Extraction,Pulling out trash,09:06:35,09:07:12,36.1,2026-06-13_01
357,10,Rest,,09:06:38,09:07:48,69.6,2026-06-13_01
358,6,Fluidizing,Mixing,09:06:42,09:06:47,5.3,2026-06-13_01
359,6,Extraction,Pulling out trash,09:06:47,09:08:28,101,2026-06-13_01
360,19,Fluidizing,Mixing,09:07:12,09:08:17,65.3,2026-06-13_01
361,14,Extraction,Removing sludge,09:07:17,09:07:21,3.5,2026-06-13_01
362,14,Fluidizing,Mixing,09:07:21,09:07:57,36.1,2026-06-13_01
363,10,Equipment,Maneuvering,09:07:48,09:07:52,4.3,2026-06-13_01
364,10,Extraction,Pulling out trash,09:07:52,09:09:02,70.3,2026-06-13_01
365,14,Extraction,Pulling out trash,09:07:57,09:08:39,42.7,2026-06-13_01
366,19,Equipment,Maneuvering,09:08:17,09:08:32,14.7,2026-06-13_01
367,6,Fluidizing,Mixing,09:08:28,09:08:44,16.1,2026-06-13_01
368,19,Communication,With other gulper(s),09:08:32,09:08:52,20.4,2026-06-13_01
369,14,Equipment,Maneuvering,09:08:39,09:09:51,71.3,2026-06-13_01
370,6,Extraction,Pulling out trash,09:08:44,09:09:38,53.7,2026-06-13_01
371,19,Extraction,Pulling out trash,09:08:52,09:09:27,35.2,2026-06-13_01
372,10,Rest,,09:09:02,09:09:20,17.3,2026-06-13_01
373,10,Equipment,Maneuvering,09:09:20,09:10:13,53.3,2026-06-13_01
374,19,Fluidizing,Mixing,09:09:27,09:10:23,56.3,2026-06-13_01
375,6,Fluidizing,Mixing,09:09:38,09:10:27,48.5,2026-06-13_01
376,14,Rest,,09:09:51,09:10:30,39.5,2026-06-13_01
377,10,Rest,,09:10:13,09:10:20,7,2026-06-13_01
378,10,Extraction,Pulling out trash,09:10:20,09:10:38,18.3,2026-06-13_01
379,19,Extraction,Pulling out trash,09:10:23,09:10:45,21.3,2026-06-13_01
380,6,Extraction,Pulling out trash,09:10:27,09:10:47,20.5,2026-06-13_01
381,14,Extraction,Pulling out trash,09:10:30,09:10:42,11.6,2026-06-13_01
382,10,Rest,,09:10:38,09:11:29,51.1,2026-06-13_01
383,14,Rest,,09:10:42,09:11:01,19.8,2026-06-13_01
384,19,Fluidizing,Mixing,09:10:45,09:11:23,38,2026-06-13_01
385,6,Fluidizing,Mixing,09:10:47,09:10:58,10.9,2026-06-13_01
386,6,Extraction,Pulling out trash,09:10:58,09:12:10,72.1,2026-06-13_01
387,14,Extraction,Pulling out trash,09:11:01,09:11:13,11.4,2026-06-13_01
388,14,Equipment,Maneuvering,09:11:13,09:11:17,3.7,2026-06-13_01
389,14,Communication,With other gulper(s),09:11:17,09:11:25,8.8,2026-06-13_01
390,19,Extraction,Pulling out trash,09:11:23,09:12:08,45.8,2026-06-13_01
391,14,Extraction,Pulling out trash,09:11:25,09:12:02,36.7,2026-06-13_01
392,10,Communication,With other gulper(s),09:11:29,09:11:40,10.8,2026-06-13_01
393,10,Rest,,09:11:40,09:12:42,62.2,2026-06-13_01
394,14,Rest,,09:12:02,09:12:13,10.7,2026-06-13_01
395,19,Fluidizing,Mixing,09:12:08,09:12:46,37.6,2026-06-13_01
396,6,Fluidizing,Mixing,09:12:10,09:12:31,21.1,2026-06-13_01
397,14,Communication,With other gulper(s),09:12:13,09:12:20,7.2,2026-06-13_01
398,14,Rest,,09:12:20,09:12:26,6.2,2026-06-13_01
399,14,Extraction,Pulling out trash,09:12:26,09:12:36,10.1,2026-06-13_01
400,6,Extraction,Pulling out trash,09:12:31,09:12:59,27.9,2026-06-13_01
401,14,Communication,With other gulper(s),09:12:36,09:12:55,18.4,2026-06-13_01
402,10,Extraction,Pulling out trash,09:12:42,09:12:52,9.3,2026-06-13_01
403,19,Extraction,Pulling out trash,09:12:46,09:13:02,15.7,2026-06-13_01
404,10,Rest,,09:12:52,09:13:12,20,2026-06-13_01
405,14,Extraction,Pulling out trash,09:12:55,09:13:05,10.4,2026-06-13_01
406,6,Fluidizing,Mixing,09:12:59,09:13:31,32,2026-06-13_01
407,19,Fluidizing,Mixing,09:13:02,09:13:50,47.8,2026-06-13_01
408,14,Communication,With client(s),09:13:05,09:13:56,50.8,2026-06-13_01
409,10,Communication,With other gulper(s),09:13:12,09:13:26,14.2,2026-06-13_01
410,10,Communication,With client(s),09:13:26,09:13:44,17.7,2026-06-13_01
411,6,Extraction,Pulling out trash,09:13:31,09:14:26,54.8,2026-06-13_01
412,10,Extraction,Pulling out trash,09:13:44,09:13:58,14.6,2026-06-13_01
413,19,Extraction,Pulling out trash,09:13:50,09:14:35,45.9,2026-06-13_01
414,14,Extraction,Pulling out trash,09:13:56,09:14:38,42,2026-06-13_01
415,10,Rest,,09:13:58,09:15:23,84.5,2026-06-13_01
416,6,Communication,With client(s),09:14:28,09:15:20,52.8,2026-06-13_01
417,19,Fluidizing,Mixing,09:14:35,09:15:44,68.6,2026-06-13_01
418,14,Fluidizing,Mixing,09:14:38,09:15:48,70.2,2026-06-13_01
419,6,Communication,With other gulper(s),09:15:20,09:15:38,17.6,2026-06-13_01
420,10,Communication,With other gulper(s),09:15:23,09:15:31,8.1,2026-06-13_01
421,10,Extraction,Pulling out trash,09:15:31,09:16:10,39.1,2026-06-13_01
422,6,Extraction,Pulling out trash,09:15:38,09:15:51,13.3,2026-06-13_01
423,19,Extraction,Pulling out trash,09:15:44,09:16:41,57.3,2026-06-13_01
424,14,Extraction,Pulling out trash,09:15:48,09:16:24,35.6,2026-06-13_01
425,6,Communication,With other gulper(s),09:15:53,09:16:20,26.5,2026-06-13_01
426,10,Rest,,09:16:10,09:16:44,34.3,2026-06-13_01
427,6,Extraction,Pulling out trash,09:16:20,09:16:39,19.3,2026-06-13_01
428,14,Rest,,09:16:24,09:16:30,6.5,2026-06-13_01
429,14,Extraction,Pulling out trash,09:16:30,09:16:34,4.3,2026-06-13_01
430,14,Communication,With other gulper(s),09:16:34,09:16:52,17,2026-06-13_01
431,6,Fluidizing,Mixing,09:16:39,09:17:00,21.2,2026-06-13_01
432,19,Fluidizing,Mixing,09:16:41,09:16:58,16.3,2026-06-13_01
433,10,Communication,With other gulper(s),09:16:44,09:16:55,10.5,2026-06-13_01
434,14,Extraction,Pulling out trash,09:16:52,09:17:08,16.8,2026-06-13_01
435,10,Extraction,Pulling out trash,09:16:55,09:17:37,42.1,2026-06-13_01
436,19,Extraction,Pulling out trash,09:16:58,09:17:29,31,2026-06-13_01
437,6,Extraction,Pulling out trash,09:17:00,09:17:18,17.8,2026-06-13_01
438,14,Rest,,09:17:08,09:17:21,12.4,2026-06-13_01
439,6,Fluidizing,Mixing,09:17:18,09:19:15,117,2026-06-13_01
440,14,Communication,With other gulper(s),09:17:21,09:17:49,28.6,2026-06-13_01
441,19,Fluidizing,Mixing,09:17:29,09:18:01,32.9,2026-06-13_01
442,10,Rest,,09:17:37,09:17:57,19.8,2026-06-13_01
443,14,Rest,,09:17:49,09:17:53,3.6,2026-06-13_01
444,14,Communication,With other gulper(s),09:17:53,09:18:22,28.9,2026-06-13_01
445,10,Communication,With other gulper(s),09:17:57,09:18:40,43.3,2026-06-13_01
446,19,Communication,With other gulper(s),09:18:01,09:18:33,31.3,2026-06-13_01
447,14,Superstructure,Inspection,09:18:22,09:18:27,5.6,2026-06-13_01
448,14,Communication,With other gulper(s),09:18:27,09:18:47,19.4,2026-06-13_01
449,19,Fluidizing,Mixing,09:18:33,09:18:59,26.3,2026-06-13_01
450,10,Extraction,Pulling out trash,09:18:40,09:19:31,51.1,2026-06-13_01
451,14,Superstructure,Inspection,09:18:47,09:20:36,109,2026-06-13_01
452,19,Extraction,Pulling out trash,09:18:59,09:19:56,56.7,2026-06-13_01
453,6,Extraction,Pulling out trash,09:19:15,09:19:44,29.1,2026-06-13_01
454,10,Communication,With other gulper(s),09:19:31,09:19:53,22,2026-06-13_01
455,6,Sludge handling,Container transport,09:19:44,09:20:08,23.6,2026-06-13_01
456,10,Superstructure,Inspection,09:19:53,09:21:14,81.6,2026-06-13_01
457,19,Superstructure,Inspection,09:19:56,09:20:13,17.2,2026-06-13_01
458,6,Communication,With other gulper(s),09:20:08,09:21:04,56.2,2026-06-13_01
459,19,Fluidizing,Fetching water,09:20:13,09:21:19,65.8,2026-06-13_01
460,14,Rest,,09:20:36,09:21:09,33.4,2026-06-13_01
461,6,Fluidizing,Mixing,09:21:04,09:23:25,141.5,2026-06-13_01
462,14,Equipment,Maneuvering,09:21:09,09:21:55,46.1,2026-06-13_01
463,10,Rest,,09:21:14,09:21:24,9.8,2026-06-13_01
464,19,Fluidizing,Mixing,09:21:19,09:22:15,56.2,2026-06-13_01
465,10,Communication,With other gulper(s),09:21:24,09:22:21,57.1,2026-06-13_01
466,14,Extraction,Pulling out trash,09:21:55,09:22:30,35.3,2026-06-13_01
467,19,Extraction,Pulling out trash,09:22:15,09:22:35,20.3,2026-06-13_01
468,10,Rest,,09:22:21,09:22:47,25.6,2026-06-13_01
469,14,Rest,,09:22:30,09:22:50,19.6,2026-06-13_01
470,19,Fluidizing,Mixing,09:22:35,09:23:01,26,2026-06-13_01
471,10,Communication,With other gulper(s),09:22:47,09:23:04,16.9,2026-06-13_01
472,14,Communication,With other gulper(s),09:22:50,09:23:08,18.1,2026-06-13_01
473,19,Extraction,Pulling out trash,09:23:01,09:23:50,49.2,2026-06-13_01
474,10,Extraction,Pulling out trash,09:23:04,09:23:35,31,2026-06-13_01
475,14,Rest,,09:23:08,09:23:31,22.4,2026-06-13_01
476,6,Extraction,Pulling out trash,09:23:25,09:23:48,22.4,2026-06-13_01
477,14,Communication,With other gulper(s),09:23:31,09:23:57,26.4,2026-06-13_01
478,10,Rest,,09:23:35,09:23:43,8.3,2026-06-13_01
479,10,Communication,With other gulper(s),09:23:43,09:24:00,16.7,2026-06-13_01
480,6,Fluidizing,Mixing,09:23:48,09:26:18,150.1,2026-06-13_01
481,19,Fluidizing,Mixing,09:23:50,09:25:39,109,2026-06-13_01
482,14,Fluidizing,Mixing,09:23:57,09:24:34,37.3,2026-06-13_01
483,10,Rest,,09:24:00,09:25:51,111,2026-06-13_01
484,14,Rest,,09:24:34,09:25:31,56.3,2026-06-13_01
485,14,Extraction,Pulling out trash,09:25:31,09:25:47,16.6,2026-06-13_01
486,19,Extraction,Pulling out trash,09:25:39,09:25:55,16.1,2026-06-13_01
487,14,Communication,With other gulper(s),09:25:47,09:26:10,22.5,2026-06-13_01
488,10,Communication,With other gulper(s),09:25:51,09:26:14,22.9,2026-06-13_01
489,19,Rest,,09:25:55,09:26:04,8.4,2026-06-13_01
490,19,Fluidizing,Mixing,09:26:04,09:26:23,19.1,2026-06-13_01
491,14,Rest,,09:26:10,09:26:59,48.9,2026-06-13_01
492,10,Extraction,Pulling out trash,09:26:14,09:26:31,17,2026-06-13_01
493,6,Extraction,Pulling out trash,09:26:18,09:27:30,71.9,2026-06-13_01
494,19,Equipment,Maneuvering,09:26:23,09:26:49,25.7,2026-06-13_01
495,10,Equipment,Maneuvering,09:26:31,09:27:17,46.1,2026-06-13_01
496,19,Rest,,09:26:49,09:27:22,33.2,2026-06-13_01
497,14,Fluidizing,Mixing,09:26:59,09:28:36,97.5,2026-06-13_01
498,10,Fluidizing,Mixing,09:27:17,09:27:39,22.4,2026-06-13_01
499,19,Equipment,Maneuvering,09:27:22,09:27:34,11.9,2026-06-13_01
500,6,Fluidizing,Mixing,09:27:30,09:27:46,16.7,2026-06-13_01
501,19,Rest,,09:27:34,09:28:33,59.1,2026-06-13_01
502,10,Communication,With other gulper(s),09:27:39,09:27:49,9.9,2026-06-13_01
503,6,Extraction,Pulling out trash,09:27:46,09:28:28,41.8,2026-06-13_01
504,10,Extraction,Pulling out trash,09:27:49,09:28:00,11.2,2026-06-13_01
505,10,Communication,With other gulper(s),09:28:00,09:28:22,21.9,2026-06-13_01
506,10,Rest,,09:28:22,09:28:56,34.2,2026-06-13_01
507,6,Fluidizing,Mixing,09:28:28,09:29:35,66.6,2026-06-13_01
508,19,Extraction,Pulling out trash,09:28:33,09:29:26,53.1,2026-06-13_01
509,14,Extraction,Pulling out trash,09:28:36,09:28:43,6.7,2026-06-13_01
510,14,Rest,,09:28:43,09:29:23,40.1,2026-06-13_01
511,10,Communication,With other gulper(s),09:28:56,09:29:03,6.8,2026-06-13_01
512,10,Rest,,09:29:03,09:29:32,28.3,2026-06-13_01
513,14,Fluidizing,Mixing,09:29:23,09:30:45,81.8,2026-06-13_01
514,19,Rest,,09:29:26,09:29:40,14.1,2026-06-13_01
515,10,Extraction,Pulling out trash,09:29:32,09:29:43,11.3,2026-06-13_01
516,6,Extraction,Pulling out trash,09:29:35,09:30:06,31.5,2026-06-13_01
517,19,Extraction,Pulling out trash,09:29:40,09:29:54,14.2,2026-06-13_01
518,10,Rest,,09:29:43,09:29:49,6.5,2026-06-13_01
519,10,Equipment,Maneuvering,09:29:49,09:30:09,19.7,2026-06-13_01
520,19,Rest,,09:29:54,09:30:41,47,2026-06-13_01
521,6,Fluidizing,Mixing,09:30:06,09:30:16,9.3,2026-06-13_01
522,10,Rest,,09:30:09,09:30:12,3,2026-06-13_01
523,10,Communication,With other gulper(s),09:30:12,09:30:38,26.3,2026-06-13_01
524,6,Communication,With other gulper(s),09:30:16,09:30:21,5.3,2026-06-13_01
525,6,Extraction,Pulling out trash,09:30:21,09:30:33,12.5,2026-06-13_01
526,6,Fluidizing,Mixing,09:30:33,09:31:06,32.3,2026-06-13_01
527,10,Rest,,09:30:38,09:30:53,15.1,2026-06-13_01
528,19,Extraction,Pulling out trash,09:30:41,09:31:14,32.9,2026-06-13_01
529,14,Extraction,Pulling out trash,09:30:45,09:31:20,35.3,2026-06-13_01
530,10,Equipment,Maneuvering,09:30:53,09:30:57,3.8,2026-06-13_01
531,10,Extraction,Pulling out trash,09:30:57,09:31:17,20.1,2026-06-13_01
532,6,Extraction,Pulling out trash,09:31:06,09:31:49,43.3,2026-06-13_01
533,19,Fluidizing,Mixing,09:31:14,09:32:52,97.5,2026-06-13_01
534,10,Rest,,09:31:17,09:31:44,27.1,2026-06-13_01
535,14,Fluidizing,Mixing,09:31:20,09:31:38,17.9,2026-06-13_01
536,14,Rest,,09:31:38,09:31:41,3.4,2026-06-13_01
537,14,Communication,With other gulper(s),09:31:41,09:32:05,23.8,2026-06-13_01
538,10,Communication,With other gulper(s),09:31:44,09:32:56,71.6,2026-06-13_01
539,6,Rest,,09:31:49,09:32:21,31.5,2026-06-13_01
540,14,Superstructure,Inspection,09:32:05,09:32:11,5.8,2026-06-13_01
541,14,Communication,With other gulper(s),09:32:11,09:32:58,47.6,2026-06-13_01
542,6,Communication,With other gulper(s),09:32:21,09:32:33,12,2026-06-13_01
543,6,Superstructure,Inspection,09:32:33,09:33:04,31.7,2026-06-13_01
544,19,Extraction,Pulling out trash,09:32:52,09:33:16,24.3,2026-06-13_01
545,10,Extraction,Pulling out trash,09:32:56,09:33:11,15.4,2026-06-13_01
546,14,Rest,,09:32:58,09:33:07,8.6,2026-06-13_01
547,6,Fluidizing,Mixing,09:33:04,09:35:04,120.1,2026-06-13_01
548,14,Communication,With other gulper(s),09:33:07,09:33:23,16.4,2026-06-13_01
549,10,Rest,,09:33:11,09:33:27,15.5,2026-06-13_01
550,19,Fluidizing,Mixing,09:33:16,09:34:11,54.7,2026-06-13_01
551,14,Rest,,09:33:23,09:33:33,9.8,2026-06-13_01
552,10,Communication,With other gulper(s),09:33:29,09:33:39,10.6,2026-06-13_01
553,14,Communication,With other gulper(s),09:33:33,09:34:24,51,2026-06-13_01
554,10,Rest,,09:33:39,09:36:04,144.4,2026-06-13_01
555,19,Extraction,Pulling out trash,09:34:11,09:34:18,7.3,2026-06-13_01
556,19,Fluidizing,Mixing,09:34:18,09:36:21,123.2,2026-06-13_01
557,14,Equipment,Maneuvering,09:34:24,09:34:38,13.4,2026-06-13_01
558,14,Communication,With other gulper(s),09:34:38,09:34:47,8.9,2026-06-13_01
559,14,Equipment,Repairing,09:34:47,09:35:44,57.2,2026-06-13_01
560,6,Extraction,Pulling out trash,09:35:04,09:35:48,43.5,2026-06-13_01
561,14,Equipment,Maneuvering,09:35:44,09:35:54,10.7,2026-06-13_01
562,6,Fluidizing,Mixing,09:35:48,09:39:16,208,2026-06-13_01
563,14,Fluidizing,Mixing,09:35:54,09:35:59,4.4,2026-06-13_01
564,14,Communication,With other gulper(s),09:35:59,09:36:14,15.6,2026-06-13_01
565,10,Extraction,Pulling out trash,09:36:04,09:36:10,6.4,2026-06-13_01
566,10,Rest,,09:36:10,09:36:25,15.2,2026-06-13_01
567,14,Fluidizing,Mixing,09:36:14,09:36:55,40.5,2026-06-13_01
568,19,Extraction,Pulling out trash,09:36:21,09:36:47,25.6,2026-06-13_01
569,10,Extraction,Pulling out trash,09:36:25,09:36:33,7.3,2026-06-13_01
570,10,Communication,With other gulper(s),09:36:33,09:36:41,8.4,2026-06-13_01
571,10,Rest,,09:36:41,09:37:05,24.3,2026-06-13_01
572,19,Fluidizing,Mixing,09:36:47,09:38:03,75.9,2026-06-13_01
573,14,Communication,With other gulper(s),09:36:55,09:37:09,14.4,2026-06-13_01
574,10,Communication,With other gulper(s),09:37:05,09:37:25,20,2026-06-13_01
575,14,Fluidizing,Mixing,09:37:09,09:37:14,4.8,2026-06-13_01
576,14,Communication,With other gulper(s),09:37:14,09:37:40,25.6,2026-06-13_01
577,10,Rest,,09:37:25,09:37:49,24.2,2026-06-13_01
578,14,Equipment,Maneuvering,09:37:40,09:38:30,50.1,2026-06-13_01
579,10,Communication,With other gulper(s),09:37:49,09:38:24,35.1,2026-06-13_01
580,19,Extraction,Pulling out trash,09:38:03,09:38:21,18.8,2026-06-13_01
581,19,Fluidizing,Mixing,09:38:21,09:39:11,50,2026-06-13_01
582,10,Rest,,09:38:24,09:39:07,42.1,2026-06-13_01
583,14,Equipment,Repairing,09:38:30,09:38:39,9.4,2026-06-13_01
584,14,Equipment,Maneuvering,09:38:39,09:38:53,13.4,2026-06-13_01
585,14,Fluidizing,Mixing,09:38:53,09:40:28,95.2,2026-06-13_01
586,10,Extraction,Pulling out trash,09:39:07,09:39:22,15.3,2026-06-13_01
587,19,Extraction,Pulling out trash,09:39:11,09:39:38,26.1,2026-06-13_01
588,6,Extraction,Pulling out trash,09:39:16,09:39:35,19.4,2026-06-13_01
589,10,Rest,,09:39:22,09:40:08,45.9,2026-06-13_01
590,6,Fluidizing,Mixing,09:39:35,09:40:04,28.2,2026-06-13_01
591,19,Fluidizing,Mixing,09:39:38,09:40:13,36,2026-06-13_01
592,6,Extraction,Pulling out trash,09:40:04,09:41:57,113.5,2026-06-13_01
593,10,Extraction,Pulling out trash,09:40:08,09:41:17,69.4,2026-06-13_01
594,19,Extraction,Pulling out trash,09:40:13,09:40:22,8.2,2026-06-13_01
595,19,Fluidizing,Mixing,09:40:22,09:40:57,34.9,2026-06-13_01
596,14,Extraction,Pulling out trash,09:40:28,09:40:52,23.8,2026-06-13_01
597,14,Equipment,Maneuvering,09:40:52,09:41:03,11.2,2026-06-13_01
598,19,Extraction,Pulling out trash,09:40:57,09:41:24,27.9,2026-06-13_01
599,14,Fluidizing,Mixing,09:41:03,09:41:54,51.1,2026-06-13_01
600,10,Communication,With other gulper(s),09:41:17,09:41:44,27,2026-06-13_01
601,19,Fluidizing,Mixing,09:41:24,09:41:48,23.7,2026-06-13_01
602,10,Extraction,Pulling out trash,09:41:44,09:42:14,29.8,2026-06-13_01
603,19,Extraction,Pulling out trash,09:41:48,09:42:10,21.3,2026-06-13_01
604,14,Extraction,Pulling out trash,09:41:54,09:42:37,42.9,2026-06-13_01
605,6,Fluidizing,Mixing,09:41:57,09:42:21,24.2,2026-06-13_01
606,19,Fluidizing,Mixing,09:42:10,09:42:31,21,2026-06-13_01
607,10,Communication,With other gulper(s),09:42:14,09:42:18,3.6,2026-06-13_01
608,10,Extraction,Pulling out trash,09:42:18,09:42:26,8.2,2026-06-13_01
609,6,Extraction,Pulling out trash,09:42:21,09:42:41,19.4,2026-06-13_01
610,10,Fluidizing,Mixing,09:42:26,09:42:33,7.3,2026-06-13_01
611,19,Extraction,Pulling out trash,09:42:31,09:42:55,24.1,2026-06-13_01
612,10,Extraction,Pulling out trash,09:42:33,09:42:46,12.6,2026-06-13_01
613,14,Fluidizing,Mixing,09:42:37,09:42:49,11.8,2026-06-13_01
614,6,Fluidizing,Mixing,09:42:41,09:43:08,27.8,2026-06-13_01
615,10,Communication,With other gulper(s),09:42:46,09:43:02,16.3,2026-06-13_01
616,14,Communication,With other gulper(s),09:42:49,09:43:19,30.4,2026-06-13_01
617,19,Fluidizing,Mixing,09:42:55,09:43:15,20.4,2026-06-13_01
618,10,Extraction,Pulling out trash,09:43:02,09:45:09,126.8,2026-06-13_01
619,6,Extraction,Pulling out trash,09:43:08,09:44:06,57.8,2026-06-13_01
620,19,Extraction,Pulling out trash,09:43:15,09:43:43,28.4,2026-06-13_01
621,14,Fluidizing,Mixing,09:43:19,09:43:35,15.7,2026-06-13_01
622,14,Extraction,Pulling out trash,09:43:35,09:45:06,91.7,2026-06-13_01
623,19,Fluidizing,Mixing,09:43:43,09:43:54,10.7,2026-06-13_01
624,19,Extraction,Pulling out trash,09:43:54,09:47:03,189,2026-06-13_01
625,6,Fluidizing,Mixing,09:44:06,09:44:39,32.9,2026-06-13_01
626,6,Superstructure,Inspection,09:44:39,09:45:04,24.6,2026-06-13_01
627,6,Fluidizing,Mixing,09:45:04,09:45:18,14.6,2026-06-13_01
628,14,Rest,,09:45:06,09:45:15,8.3,2026-06-13_01
629,10,Rest,,09:45:09,09:45:29,20.2,2026-06-13_01
630,14,Sludge handling,Container transport,09:45:15,09:45:23,8,2026-06-13_01
631,6,Communication,With other gulper(s),09:45:18,09:45:38,20.1,2026-06-13_01
632,14,Communication,With other gulper(s),09:45:23,09:46:05,42.6,2026-06-13_01
633,10,Communication,With other gulper(s),09:45:29,09:45:44,14.5,2026-06-13_01
634,6,Fluidizing,Mixing,09:45:38,09:46:34,55.6,2026-06-13_01
635,10,Extraction,Pulling out trash,09:45:44,09:46:28,44,2026-06-13_01
636,14,Sludge handling,Container transport,09:46:05,09:46:13,7.5,2026-06-13_01
637,14,Rest,,09:46:13,09:46:22,9.1,2026-06-13_01
638,14,Sludge handling,Container transport,09:46:22,09:46:53,30.5,2026-06-13_01
639,10,Equipment,Maneuvering,09:46:28,09:46:49,21.9,2026-06-13_01
640,6,Extraction,Pulling out trash,09:46:34,09:47:05,30.9,2026-06-13_01
641,10,Communication,With other gulper(s),09:46:49,09:47:00,10.8,2026-06-13_01
642,14,Equipment,Maneuvering,09:46:53,09:47:12,19.9,2026-06-13_01
643,10,Rest,,09:47:00,09:47:10,10,2026-06-13_01
644,19,Fluidizing,Mixing,09:47:03,09:47:24,21.4,2026-06-13_01
645,6,Fluidizing,Mixing,09:47:05,09:47:30,25.5,2026-06-13_01
646,10,Equipment,Maneuvering,09:47:10,09:47:21,10.3,2026-06-13_01
647,14,Rest,,09:47:12,09:47:17,4.1,2026-06-13_01
648,14,Sludge handling,Container transport,09:47:17,09:47:48,31.9,2026-06-13_01
649,10,Extraction,Pulling out trash,09:47:21,09:47:35,14.5,2026-06-13_01
650,19,Extraction,Pulling out trash,09:47:24,09:47:45,20.7,2026-06-13_01
651,6,Extraction,Pulling out trash,09:47:30,09:47:43,12.6,2026-06-13_01
652,10,Rest,,09:47:35,09:47:54,18.9,2026-06-13_01
653,6,Fluidizing,Mixing,09:47:43,09:48:38,55.1,2026-06-13_01
654,19,Fluidizing,Mixing,09:47:45,09:49:06,81.3,2026-06-13_01
655,14,Equipment,Maneuvering,09:47:48,09:48:00,11.7,2026-06-13_01
656,10,Extraction,Pulling out trash,09:47:54,09:48:32,38.3,2026-06-13_01
657,14,Rest,,09:48:00,09:48:25,24.4,2026-06-13_01
658,14,Superstructure,Inspection,09:48:25,09:49:42,77.5,2026-06-13_01
659,10,Equipment,Maneuvering,09:48:32,09:48:59,26.2,2026-06-13_01
660,6,Superstructure,Inspection,09:48:38,09:49:26,47.4,2026-06-13_01
661,10,Rest,,09:48:59,09:49:11,12.2,2026-06-13_01
662,19,Extraction,Pulling out trash,09:49:06,09:50:06,59.1,2026-06-13_01
663,10,Extraction,Pulling out trash,09:49:11,09:49:55,44.6,2026-06-13_01
664,6,Extraction,Removing sludge,09:49:26,09:49:32,6.4,2026-06-13_01
665,6,Fluidizing,Mixing,09:49:32,09:49:49,17,2026-06-13_01
666,14,Rest,,09:49:42,09:50:34,52.3,2026-06-13_01
667,6,Extraction,Removing sludge,09:49:49,09:52:21,152,2026-06-13_01
668,10,Rest,,09:49:55,09:50:15,19.6,2026-06-13_01
669,19,Fluidizing,Mixing,09:50:06,09:50:10,4.6,2026-06-13_01
670,19,Extraction,Pulling out trash,09:50:10,09:50:25,14.4,2026-06-13_01
671,10,Extraction,Pulling out trash,09:50:15,09:50:42,27,2026-06-13_01
672,19,Fluidizing,Mixing,09:50:25,09:50:59,34.5,2026-06-13_01
673,14,Communication,With other gulper(s),09:50:34,09:50:39,4.1,2026-06-13_01
674,14,Sludge handling,Container transport,09:50:39,09:51:06,27.7,2026-06-13_01
675,10,Rest,,09:50:42,09:50:48,6.1,2026-06-13_01
676,10,Extraction,Pulling out trash,09:50:48,09:51:03,14.9,2026-06-13_01
677,19,Rest,,09:50:59,09:53:22,143.1,2026-06-13_01
678,10,Equipment,Maneuvering,09:51:03,09:51:46,43.3,2026-06-13_01
679,14,Rest,,09:51:06,09:51:25,19,2026-06-13_01
680,14,Equipment,Cleaning,09:51:25,09:52:38,72.4,2026-06-13_01
681,10,Rest,,09:51:46,09:52:05,18.4,2026-06-13_01
682,10,Sludge handling,Container transport,09:52:05,09:52:31,25.8,2026-06-13_01
683,6,Fluidizing,Mixing,09:52:21,09:52:48,27.3,2026-06-13_01
684,10,Equipment,Maneuvering,09:52:31,09:52:44,13.2,2026-06-13_01
685,14,Equipment,Maneuvering,09:52:38,09:53:01,23.6,2026-06-13_01
686,10,Rest,,09:52:44,09:53:56,71.9,2026-06-13_01
687,6,Extraction,Removing sludge,09:52:48,10:02:22,574,2026-06-13_01
688,14,Communication,With other gulper(s),09:53:01,09:53:29,27.4,2026-06-13_01
689,19,Sludge handling,Container transport,09:53:22,09:54:12,49.4,2026-06-13_01
690,14,Rest,,09:53:29,09:53:50,20.8,2026-06-13_01
691,14,Communication,With other gulper(s),09:53:50,09:54:09,18.9,2026-06-13_01
692,10,Communication,With other gulper(s),09:53:56,09:54:27,31.7,2026-06-13_01
693,14,Rest,,09:54:09,09:54:34,25.4,2026-06-13_01
694,19,Rest,,09:54:12,09:54:37,25.2,2026-06-13_01
695,10,Rest,,09:54:27,09:54:39,11.7,2026-06-13_01
696,14,Sludge handling,Container transport,09:54:34,09:54:48,13.7,2026-06-13_01
697,19,Communication,With other gulper(s),09:54:37,09:54:55,17.9,2026-06-13_01
698,10,Communication,With other gulper(s),09:54:39,09:55:29,50.1,2026-06-13_01
699,14,Equipment,Maneuvering,09:54:48,09:54:58,10.7,2026-06-13_01
700,19,Equipment,Maneuvering,09:54:55,09:55:02,7.5,2026-06-13_01
701,14,Communication,With other gulper(s),09:54:58,09:55:27,28.3,2026-06-13_01
702,19,Communication,With other gulper(s),09:55:02,09:55:32,29.9,2026-06-13_01
703,14,Rest,,09:55:27,09:55:35,8.7,2026-06-13_01
704,10,Rest,,09:55:29,09:55:38,9.2,2026-06-13_01
705,19,Rest,,09:55:32,09:57:09,97.1,2026-06-13_01
706,14,Communication,With other gulper(s),09:55:35,09:56:12,37.1,2026-06-13_01
707,10,Communication,With other gulper(s),09:55:38,09:55:50,12.2,2026-06-13_01
708,10,Sludge handling,Container transport,09:55:50,09:55:59,8.4,2026-06-13_01
709,10,Communication,With other gulper(s),09:55:59,09:56:03,4.5,2026-06-13_01
710,10,Sludge handling,Container transport,09:56:03,09:56:19,15.7,2026-06-13_01
711,14,Rest,,09:56:12,09:57:37,85,2026-06-13_01
712,10,Equipment,Maneuvering,09:56:19,09:57:02,42.9,2026-06-13_01
713,10,Superstructure,Cleaning,09:57:02,09:58:56,114.5,2026-06-13_01
714,19,Sludge handling,Container transport,09:57:09,09:57:20,10.9,2026-06-13_01
715,19,Equipment,Maneuvering,09:57:20,09:57:31,11.2,2026-06-13_01
716,19,Rest,,09:57:31,09:59:02,90.6,2026-06-13_01
717,14,Communication,With other gulper(s),09:57:37,09:57:46,8.4,2026-06-13_01
718,14,Rest,,09:57:46,09:58:45,59,2026-06-13_01
719,14,Sludge handling,Container transport,09:58:45,09:59:07,22.5,2026-06-13_01
720,10,Rest,,09:58:56,10:00:08,71.8,2026-06-13_01
721,19,Communication,With other gulper(s),09:59:02,09:59:33,30.6,2026-06-13_01
722,14,Equipment,Maneuvering,09:59:07,09:59:23,15.1,2026-06-13_01
723,14,Rest,,09:59:23,10:00:18,55.5,2026-06-13_01
724,19,Rest,,09:59:33,09:59:57,24.6,2026-06-13_01
725,19,Sludge handling,Container transport,09:59:57,10:00:22,24.6,2026-06-13_01
726,10,Superstructure,Cleaning,10:00:08,10:00:52,43.7,2026-06-13_01
727,14,Communication,With other gulper(s),10:00:18,10:00:29,10.8,2026-06-13_01
728,19,Equipment,Maneuvering,10:00:22,10:00:26,4.6,2026-06-13_01
729,19,Rest,,10:00:26,10:00:45,18.7,2026-06-13_01
730,14,Rest,,10:00:29,10:00:50,20.9,2026-06-13_01
731,19,Superstructure,Inspection,10:00:45,10:00:59,14.4,2026-06-13_01
732,14,Communication,With other gulper(s),10:00:50,10:01:03,13.3,2026-06-13_01
733,10,Communication,With other gulper(s),10:00:52,10:01:44,51.9,2026-06-13_01
734,19,Communication,With other gulper(s),10:00:59,10:01:14,14.3,2026-06-13_01
735,14,Rest,,10:01:03,10:01:09,6.3,2026-06-13_01
736,14,Communication,With other gulper(s),10:01:09,10:01:36,26.8,2026-06-13_01
737,19,Rest,,10:01:14,10:01:41,27,2026-06-13_01
738,14,Sludge handling,Container transport,10:01:36,10:01:57,20.8,2026-06-13_01
739,19,Communication,With other gulper(s),10:01:41,10:02:02,21,2026-06-13_01
740,10,Superstructure,Cleaning,10:01:44,10:02:12,28.5,2026-06-13_01
741,14,Equipment,Maneuvering,10:01:57,10:02:31,34.2,2026-06-13_01
742,19,Rest,,10:02:02,10:03:28,86.4,2026-06-13_01
743,10,Rest,,10:02:12,10:03:09,56.2,2026-06-13_01
744,6,Equipment,Maneuvering,10:02:22,10:04:07,104.5,2026-06-13_01
745,14,Superstructure,Cleaning,10:02:31,10:04:01,89.6,2026-06-13_01
746,10,Equipment,Maneuvering,10:03:09,10:04:23,74.8,2026-06-13_01
747,19,Fluidizing,Mixing,10:03:28,10:03:40,11.5,2026-06-13_01
748,19,Communication,With other gulper(s),10:03:40,10:04:16,36.7,2026-06-13_01
749,14,Communication,With other gulper(s),10:04:01,10:04:13,12.6,2026-06-13_01
750,6,Communication,With other gulper(s),10:04:07,10:04:35,28,2026-06-13_01
751,14,Superstructure,Cleaning,10:04:13,10:04:52,38.4,2026-06-13_01
752,19,Rest,,10:04:16,10:04:55,38.6,2026-06-13_01
753,10,Rest,,10:04:23,10:04:31,7.7,2026-06-13_01
754,10,Fluidizing,Fetching water,10:04:31,10:06:30,118.8,2026-06-13_01
755,6,Rest,,10:04:35,10:04:44,9.2,2026-06-13_01
756,6,Communication,With other gulper(s),10:04:44,10:05:03,19.4,2026-06-13_01
757,14,Rest,,10:04:52,10:06:34,102.5,2026-06-13_01
758,19,Superstructure,Cleaning,10:04:55,10:07:45,169.9,2026-06-13_01
759,6,Rest,,10:05:03,10:06:03,59.7,2026-06-13_01
760,6,Equipment,Maneuvering,10:06:03,10:06:15,12.4,2026-06-13_01
761,6,Equipment,Cleaning,10:06:15,10:06:43,28.1,2026-06-13_01
762,10,Rest,,10:06:30,10:07:23,53.1,2026-06-13_01
763,14,Communication,With other gulper(s),10:06:34,10:07:08,33.5,2026-06-13_01
764,6,Equipment,Maneuvering,10:06:43,10:06:58,14.3,2026-06-13_01
765,6,Equipment,Cleaning,10:06:59,10:07:27,28,2026-06-13_01
766,14,Equipment,Maneuvering,10:07:08,10:07:34,26.8,2026-06-13_01
767,10,Superstructure,Cleaning,10:07:23,10:09:54,150.8,2026-06-13_01
768,6,Equipment,Maneuvering,10:07:27,10:07:40,13,2026-06-13_01
769,14,Communication,With other gulper(s),10:07:34,10:07:50,15.7,2026-06-13_01
770,6,Rest,,10:07:40,10:07:56,15.6,2026-06-13_01
771,19,Rest,,10:07:45,10:09:35,110.5,2026-06-13_01
772,14,Equipment,Maneuvering,10:07:50,10:08:02,11.8,2026-06-13_01
773,6,Equipment,Maneuvering,10:07:56,10:09:05,69,2026-06-13_01
774,14,Equipment,Cleaning,10:08:02,10:08:55,53.2,2026-06-13_01
775,14,Superstructure,Inspection,10:08:55,10:09:30,34.7,2026-06-13_01
776,6,Rest,,10:09:05,10:10:05,60.1,2026-06-13_01
777,14,Superstructure,Cleaning,10:09:30,10:10:00,30.6,2026-06-13_01
778,19,Superstructure,Cleaning,10:09:35,10:19:31,595.5,2026-06-13_01
779,10,Fluidizing,Fetching water,10:09:54,10:12:26,152.2,2026-06-13_01
780,14,Rest,,10:10:00,10:10:11,10.5,2026-06-13_01
781,6,Communication,With other gulper(s),10:10:05,10:11:03,58.8,2026-06-13_01
782,14,Superstructure,Cleaning,10:10:11,10:14:59,288.4,2026-06-13_01
783,6,Rest,,10:11:03,10:14:07,183.4,2026-06-13_01
784,10,Superstructure,Cleaning,10:12:26,10:15:18,171.7,2026-06-13_01
785,6,Superstructure,Cleaning,10:14:07,10:14:21,14.3,2026-06-13_01
786,6,Communication,With other gulper(s),10:14:21,10:14:51,30.1,2026-06-13_01
787,6,Rest,,10:14:51,10:16:21,90.2,2026-06-13_01
788,14,Communication,With other gulper(s),10:14:59,10:15:12,13,2026-06-13_01
789,14,Superstructure,Cleaning,10:15:12,10:16:15,62.6,2026-06-13_01
790,10,Communication,With other gulper(s),10:15:18,10:15:49,31.3,2026-06-13_01
791,10,Rest,,10:15:49,10:18:35,165.8,2026-06-13_01
792,14,Communication,With other gulper(s),10:16:15,10:16:48,32.7,2026-06-13_01
793,6,Communication,With other gulper(s),10:16:21,10:17:14,52.7,2026-06-13_01
794,14,Superstructure,Cleaning,10:16:48,10:18:42,114.3,2026-06-13_01
795,6,Equipment,Maneuvering,10:17:14,10:17:24,10.3,2026-06-13_01
796,6,Rest,,10:17:24,10:17:29,4.5,2026-06-13_01
797,6,Communication,With other gulper(s),10:17:29,10:18:17,47.6,2026-06-13_01
798,6,Rest,,10:18:17,10:19:19,62.6,2026-06-13_01
799,10,Equipment,Maneuvering,10:18:35,10:18:44,9.3,2026-06-13_01
800,14,Rest,,10:18:42,10:18:59,17.1,2026-06-13_01
801,10,Rest,,10:18:44,10:18:55,10.9,2026-06-13_01
802,10,Communication,With other gulper(s),10:18:55,10:19:58,62.6,2026-06-13_01
803,14,Communication,With other gulper(s),10:18:59,10:20:37,98.1,2026-06-13_01
804,6,Communication,With other gulper(s),10:19:19,10:19:53,34.3,2026-06-13_01
805,19,Rest,,10:19:31,10:20:02,30.6,2026-06-13_01
806,6,Rest,,10:19:53,10:22:46,172.6,2026-06-13_01
807,10,Rest,,10:19:58,10:20:12,14.4,2026-06-13_01
808,19,Communication,With other gulper(s),10:20:02,10:21:10,68.5,2026-06-13_01
809,10,Communication,With other gulper(s),10:20:12,10:20:31,18.7,2026-06-13_01
810,10,Fluidizing,Fetching water,10:20:31,10:20:46,14.9,2026-06-13_01
811,14,Equipment,Cleaning,10:20:37,10:21:28,51,2026-06-13_01
812,10,Equipment,Cleaning,10:20:46,10:21:06,20.2,2026-06-13_01
813,10,Rest,,10:21:06,10:22:22,76.1,2026-06-13_01
814,19,Rest,,10:21:10,10:24:16,186.2,2026-06-13_01
815,14,Superstructure,Cleaning,10:21:28,10:22:14,46.4,2026-06-13_01
816,14,Communication,With other gulper(s),10:22:14,10:22:52,37.5,2026-06-13_01
817,10,Equipment,Cleaning,10:22:22,10:23:35,72.8,2026-06-13_01
818,6,Equipment,Maneuvering,10:22:46,10:24:20,94.4,2026-06-13_01
819,14,Rest,,10:22:52,10:23:23,30.9,2026-06-13_01
820,14,Communication,With other gulper(s),10:23:23,10:24:30,66.8,2026-06-13_01
821,10,Rest,,10:23:35,10:25:12,97.4,2026-06-13_01
822,19,Equipment,Maneuvering,10:24:16,10:25:20,64.1,2026-06-13_01
823,6,Communication,With other gulper(s),10:24:20,10:24:49,28.6,2026-06-13_01
824,14,Equipment,Maneuvering,10:24:30,10:24:38,8,2026-06-13_01
825,14,Superstructure,Repair,10:24:38,10:35:27,649.1,2026-06-13_01
826,6,Equipment,Maneuvering,10:24:49,10:25:01,11.9,2026-06-13_01
827,6,Communication,With other gulper(s),10:25:01,10:25:34,33.1,2026-06-13_01
828,10,Earthworks,Fill trench,10:25:12,10:29:30,258,2026-06-13_01
829,19,Earthworks,Fill trench,10:25:20,10:40:08,888,2026-06-13_01
830,6,Rest,,10:25:34,10:35:31,596.7,2026-06-13_01
831,10,Equipment,Maneuvering,10:29:30,10:29:43,13.2,2026-06-13_01
832,10,Earthworks,Fill trench,10:29:43,10:34:43,299.7,2026-06-13_01
833,10,Rest,,10:34:43,10:35:18,34.8,2026-06-13_01
834,10,Earthworks,Fill trench,10:35:18,10:40:05,286.7,2026-06-13_01
835,14,Communication,With other gulper(s),10:35:27,10:36:03,36.4,2026-06-13_01
836,6,Communication,With other gulper(s),10:35:31,10:35:36,5.2,2026-06-13_01
837,6,Equipment,Maneuvering,10:35:36,10:38:05,149,2026-06-13_01
838,14,Superstructure,Repair,10:36:03,10:38:09,126,2026-06-13_01
839,6,Superstructure,Repair,10:38:05,10:38:54,48.9,2026-06-13_01
840,14,Equipment,Maneuvering,10:38:09,10:39:29,79.7,2026-06-13_01
841,6,Equipment,Maneuvering,10:38:54,10:39:32,38.2,2026-06-13_01
842,14,Communication,With other gulper(s),10:39:29,10:40:00,31,2026-06-13_01
843,6,Rest,,10:39:32,10:40:56,83.8,2026-06-13_01
844,14,Rest,,10:40:00,10:40:20,20.3,2026-06-13_01
845,10,Earthworks,Dig trench,10:40:05,10:43:15,190.8,2026-06-13_01
846,19,Rest,,10:40:08,10:41:28,79.1,2026-06-13_01
847,14,Communication,With other gulper(s),10:40:20,10:40:50,30,2026-06-13_01
848,14,Equipment,Cleaning,10:40:50,10:41:37,47.2,2026-06-13_01
849,6,Equipment,Maneuvering,10:40:56,10:41:18,22.4,2026-06-13_01
850,6,Rest,,10:41:18,10:41:44,25.7,2026-06-13_01
851,19,Earthworks,Fill trench,10:41:28,10:46:38,310.5,2026-06-13_01
852,14,Rest,,10:41:37,10:44:54,196.3,2026-06-13_01
853,6,Communication,With other gulper(s),10:41:44,10:41:57,13.2,2026-06-13_01
854,6,Rest,,10:41:57,10:43:44,106.8,2026-06-13_01
855,10,Rest,,10:43:15,10:44:23,68.1,2026-06-13_01
856,6,Communication,With other gulper(s),10:43:44,10:44:06,21.8,2026-06-13_01
857,6,Rest,,10:44:06,10:48:11,245.2,2026-06-13_01
858,10,Superstructure,Cleaning,10:44:23,10:45:42,78.2,2026-06-13_01
859,14,Communication,With other gulper(s),10:44:54,10:45:08,14.3,2026-06-13_01
860,14,Rest,,10:45:08,10:45:27,19.1,2026-06-13_01
861,14,Earthworks,Dig trench,10:45:27,10:46:42,75.3,2026-06-13_01
862,10,Rest,,10:45:42,10:46:30,48.2,2026-06-13_01
863,10,Earthworks,Dig trench,10:46:30,10:46:49,19.5,2026-06-13_01
864,19,Earthworks,Dig trench,10:46:38,10:47:45,66.8,2026-06-13_01
865,14,Rest,,10:46:42,10:48:13,91.3,2026-06-13_01
866,10,Earthworks,Fill trench,10:46:49,10:49:13,143.3,2026-06-13_01
867,19,Earthworks,Fill trench,10:47:45,10:50:43,178,2026-06-13_01
868,6,Equipment,Maneuvering,10:48:11,10:48:58,47.5,2026-06-13_01
869,14,Equipment,Maneuvering,10:48:13,10:49:21,67.9,2026-06-13_01
870,6,Rest,,10:48:58,10:51:41,162.5,2026-06-13_01
871,10,Rest,,10:49:13,10:49:35,22.1,2026-06-13_01
872,14,Rest,,10:49:21,10:50:37,75.7,2026-06-13_01
873,10,Earthworks,Fill trench,10:49:35,10:50:58,82.9,2026-06-13_01
874,14,Communication,With other gulper(s),10:50:37,10:51:59,81.6,2026-06-13_01
875,19,Rest,,10:50:43,10:51:54,70.8,2026-06-13_01
876,10,Rest,,10:50:58,10:51:49,51.2,2026-06-13_01
877,6,Earthworks,Dig trench,10:51:41,10:52:11,29.6,2026-06-13_01
878,10,Superstructure,Cleaning,10:51:49,11:00:10,501.4,2026-06-13_01
879,19,Earthworks,Fill trench,10:51:54,10:53:22,88.2,2026-06-13_01
880,14,Rest,,10:51:59,10:54:17,138.4,2026-06-13_01
881,6,Superstructure,Cleaning,10:52:11,10:53:09,58,2026-06-13_01
882,6,Earthworks,Fill trench,10:53:09,10:56:00,171.8,2026-06-13_01
883,19,Rest,,10:53:22,10:53:29,6.8,2026-06-13_01
884,19,Earthworks,Fill trench,10:53:29,10:55:07,98.6,2026-06-13_01
885,14,Superstructure,Cleaning,10:54:17,10:54:51,34.2,2026-06-13_01
886,14,Rest,,10:54:51,10:55:02,10.5,2026-06-13_01
887,14,Extraction,Pulling out trash,10:55:02,10:56:22,80.6,2026-06-13_01
888,19,Extraction,Pulling out trash,10:55:07,10:56:17,70,2026-06-13_01
889,6,Rest,,10:56:00,10:56:12,11.7,2026-06-13_01
890,6,Earthworks,Fill trench,10:56:12,10:57:59,106.8,2026-06-13_01
891,19,Earthworks,Fill trench,10:56:17,10:56:56,38.7,2026-06-13_01
892,14,Equipment,Maneuvering,10:56:22,10:56:33,10.9,2026-06-13_01
893,14,Extraction,Pulling out trash,10:56:33,10:57:49,75.8,2026-06-13_01
894,19,Rest,,10:56:56,10:58:14,77.7,2026-06-13_01
895,14,Equipment,Maneuvering,10:57:49,10:57:55,5.9,2026-06-13_01
896,14,Extraction,Pulling out trash,10:57:55,10:59:19,84.3,2026-06-13_01
897,6,Rest,,10:57:59,10:58:32,32.9,2026-06-13_01
898,19,Earthworks,Fill trench,10:58:14,11:02:16,242.4,2026-06-13_01
899,6,Earthworks,Fill trench,10:58:32,11:01:31,178.9,2026-06-13_01
900,14,Communication,With other gulper(s),10:59:19,11:00:23,63.3,2026-06-13_01
901,10,Rest,,11:00:10,11:02:54,164.2,2026-06-13_01
902,14,Rest,,11:00:23,11:00:28,5.4,2026-06-13_01
903,14,Extraction,Pulling out trash,11:00:28,11:00:56,28.4,2026-06-13_01
904,14,Communication,With other gulper(s),11:00:56,11:01:25,28.3,2026-06-13_01
905,14,Rest,,11:01:25,11:03:23,118.5,2026-06-13_01
906,6,Extraction,Pulling out trash,11:01:31,11:02:27,56.5,2026-06-13_01
907,19,Rest,,11:02:16,11:03:10,54,2026-06-13_01
908,6,Earthworks,Dig trench,11:02:27,11:02:31,4,2026-06-13_01
909,6,Earthworks,Fill trench,11:02:31,11:04:08,96.3,2026-06-13_01
910,10,Superstructure,Cleaning,11:02:54,11:04:24,89.3,2026-06-13_01
911,19,Earthworks,Fill trench,11:03:10,11:04:18,67.9,2026-06-13_01
912,14,Equipment,Maneuvering,11:03:23,11:03:44,20.9,2026-06-13_01
913,14,Superstructure,Cleaning,11:03:44,11:05:17,92.8,2026-06-13_01
914,6,Communication,With other gulper(s),11:04:08,11:04:21,13.5,2026-06-13_01
915,19,Rest,,11:04:18,11:07:49,210.8,2026-06-13_01
916,6,Rest,,11:04:21,11:07:56,215,2026-06-13_01
917,10,Rest,,11:04:24,11:09:36,312,2026-06-13_01
918,14,Communication,With other gulper(s),11:05:17,11:07:15,118.5,2026-06-13_01
919,14,Rest,,11:07:15,11:07:36,20.8,2026-06-13_01
920,14,Equipment,Maneuvering,11:07:36,11:07:42,5.8,2026-06-13_01
921,14,Superstructure,Cleaning,11:07:42,11:09:19,96.9,2026-06-13_01
922,19,Equipment,Maneuvering,11:07:49,11:10:12,143.5,2026-06-13_01
923,6,Equipment,Maneuvering,11:07:56,11:09:28,91.5,2026-06-13_01
924,10,Equipment,Maneuvering,11:09:36,11:11:10,94.1,2026-06-13_01
925,14,Rest,,11:11:06,11:13:50,164.1,2026-06-13_01
926,6,Rest,,11:39:04,11:41:38,154.3,2026-06-13_01
927,6,Earthworks,Fill trench,11:41:38,11:44:15,157.3,2026-06-13_01
928,6,Rest,,11:49:18,11:51:37,138.9,2026-06-13_01
929,19,Rest,,11:49:47,11:51:37,110.1,2026-06-13_01
930,10,Fluidizing,Fetching water,11:50:43,11:51:37,53.5,2026-06-13_01
931,14,Superstructure,Cleaning,11:51:32,11:51:37,5.1,2026-06-13_01
1,4,Earthworks,Dig trench,14:10:12,14:11:10,58.4,2026-06-13_03
2,9,Earthworks,Dig trench,14:10:14,14:12:51,156.8,2026-06-13_03
3,15,Earthworks,Dig trench,14:10:19,14:10:22,2.5,2026-06-13_03
4,15,Rest,,14:10:22,14:11:26,64.1,2026-06-13_03
5,4,Equipment,Maneuvering,14:11:10,14:11:33,23.3,2026-06-13_03
6,15,Communication,With other gulper(s),14:11:26,14:11:38,12.5,2026-06-13_03
7,4,Communication,With other gulper(s),14:11:33,14:11:45,11.8,2026-06-13_03
8,15,Rest,,14:11:38,14:11:49,11,2026-06-13_03
9,4,Equipment,Maneuvering,14:11:45,14:12:19,33.5,2026-06-13_03
10,15,Communication,With other gulper(s),14:11:49,14:12:06,16.9,2026-06-13_03
11,15,Rest,,14:12:06,14:12:42,35.5,2026-06-13_03
12,4,Rest,,14:12:19,14:12:29,10.3,2026-06-13_03
13,4,Communication,With other gulper(s),14:12:29,14:12:39,9.9,2026-06-13_03
14,4,Rest,,14:12:39,14:12:58,18.8,2026-06-13_03
15,15,Communication,With other gulper(s),14:12:42,14:13:12,30.8,2026-06-13_03
16,9,Communication,With other gulper(s),14:12:51,14:13:09,17.9,2026-06-13_03
17,4,Earthworks,Dig trench,14:12:58,14:15:37,159.4,2026-06-13_03
18,9,Rest,,14:13:09,14:16:52,222.4,2026-06-13_03
19,15,Rest,,14:13:12,14:16:26,194.1,2026-06-13_03
20,4,Communication,With client(s),14:15:39,14:15:42,3.7,2026-06-13_03
21,4,Earthworks,Dig trench,14:15:42,14:16:58,75.5,2026-06-13_03
22,15,Communication,With other gulper(s),14:16:26,14:16:33,6.5,2026-06-13_03
23,15,Rest,,14:16:33,14:17:00,27.5,2026-06-13_03
24,9,Earthworks,Dig trench,14:16:52,14:18:58,126.1,2026-06-13_03
25,4,Communication,With other gulper(s),14:16:58,14:17:11,13.3,2026-06-13_03
26,15,Communication,With other gulper(s),14:17:00,14:17:14,13.4,2026-06-13_03
27,4,Rest,,14:17:11,14:18:08,56.5,2026-06-13_03
28,15,Rest,,14:17:14,14:18:43,88.9,2026-06-13_03
29,4,Communication,With other gulper(s),14:18:08,14:18:19,11.3,2026-06-13_03
30,4,Rest,,14:18:19,14:18:38,19,2026-06-13_03
31,4,Earthworks,Dig trench,14:18:38,14:20:46,127.8,2026-06-13_03
32,15,Communication,With other gulper(s),14:18:43,14:18:54,10.8,2026-06-13_03
33,15,Earthworks,Dig trench,14:18:54,14:19:34,40,2026-06-13_03
34,9,Rest,,14:18:58,14:20:51,113.5,2026-06-13_03
35,15,Rest,,14:19:34,14:21:56,142.6,2026-06-13_03
36,4,Rest,,14:20:46,14:22:02,76.1,2026-06-13_03
37,9,Earthworks,Dig trench,14:20:51,14:23:06,134.9,2026-06-13_03
38,15,Equipment,Maneuvering,14:21:56,14:22:06,9.8,2026-06-13_03
39,4,Earthworks,Dig trench,14:22:02,14:22:44,42.5,2026-06-13_03
40,15,Rest,,14:22:06,14:23:53,107,2026-06-13_03
41,4,Rest,,14:22:44,14:23:03,18.7,2026-06-13_03
42,4,Earthworks,Dig trench,14:23:03,14:24:24,80.8,2026-06-13_03
43,9,Rest,,14:23:06,14:26:33,206.6,2026-06-13_03
44,15,Communication,With other gulper(s),14:23:53,14:24:04,10.5,2026-06-13_03
45,15,Earthworks,Dig trench,14:24:04,14:27:52,228.7,2026-06-13_03
46,4,Rest,,14:24:24,14:26:29,125.2,2026-06-13_03
47,4,Communication,With other gulper(s),14:26:29,14:26:37,8.3,2026-06-13_03
48,9,Communication,With other gulper(s),14:26:33,14:26:40,7.1,2026-06-13_03
49,4,Rest,,14:26:37,14:31:07,270.1,2026-06-13_03
50,9,Rest,,14:26:40,14:27:59,79.5,2026-06-13_03
51,15,Rest,,14:27:52,14:29:02,70,2026-06-13_03
52,9,Earthworks,Dig trench,14:27:59,14:29:06,66.3,2026-06-13_03
53,15,Earthworks,Dig trench,14:29:02,14:38:14,552.1,2026-06-13_03
54,9,Rest,,14:29:06,14:39:56,650.1,2026-06-13_03
55,4,Earthworks,Dig trench,14:31:07,14:31:55,47.6,2026-06-13_03
56,4,Rest,,14:31:55,14:32:14,18.5,2026-06-13_03
57,4,Earthworks,Dig trench,14:32:14,14:32:35,21.4,2026-06-13_03
58,4,Rest,,14:32:35,14:34:32,117.3,2026-06-13_03
59,4,Equipment,Cleaning,14:34:32,14:34:39,6.9,2026-06-13_03
60,4,Earthworks,Dig trench,14:34:39,14:34:44,4.3,2026-06-13_03
61,4,Rest,,14:34:44,14:38:12,208.3,2026-06-13_03
62,4,Earthworks,Dig trench,14:38:12,14:42:15,242.7,2026-06-13_03
63,15,Rest,,14:38:14,14:38:21,6.8,2026-06-13_03
64,15,Earthworks,Dig trench,14:38:21,14:39:08,46.7,2026-06-13_03
65,15,Rest,,14:39:08,14:39:53,44.6,2026-06-13_03
66,15,Communication,With other gulper(s),14:39:53,14:40:20,27.1,2026-06-13_03
67,9,Communication,With other gulper(s),14:39:56,14:40:22,26.8,2026-06-13_03
68,15,Rest,,14:40:20,14:46:32,372.1,2026-06-13_03
69,9,Rest,,14:40:22,14:42:21,118.9,2026-06-13_03
70,4,Rest,,14:42:15,14:48:57,402.6,2026-06-13_03
71,9,Earthworks,Dig trench,14:42:21,14:46:19,238,2026-06-13_03
72,9,Rest,,14:46:19,14:51:21,302.1,2026-06-13_03
73,15,Earthworks,Dig trench,14:46:32,14:48:50,138.6,2026-06-13_03
74,15,Rest,,14:48:50,14:49:02,11.2,2026-06-13_03
75,4,Earthworks,Dig trench,14:48:57,14:52:30,213.1,2026-06-13_03
76,15,Earthworks,Dig trench,14:49:02,14:49:40,38.3,2026-06-13_03
77,15,Rest,,14:49:40,14:49:58,17.7,2026-06-13_03
78,15,Earthworks,Dig trench,14:49:58,14:50:07,9.8,2026-06-13_03
79,15,Rest,,14:50:07,14:50:19,11.7,2026-06-13_03
80,15,Earthworks,Dig trench,14:50:19,14:50:29,10,2026-06-13_03
81,15,Rest,,14:50:29,14:51:19,50.3,2026-06-13_03
82,15,Communication,With other gulper(s),14:51:19,14:51:48,28.6,2026-06-13_03
83,9,Communication,With other gulper(s),14:51:21,14:51:50,29,2026-06-13_03
84,15,Rest,,14:51:48,14:51:58,9.6,2026-06-13_03
85,9,Rest,,14:51:50,14:52:34,44,2026-06-13_03
86,15,Communication,With other gulper(s),14:51:58,14:52:03,5.5,2026-06-13_03
87,15,Rest,,14:52:03,14:52:25,21.6,2026-06-13_03
88,15,Communication,With other gulper(s),14:52:25,14:52:40,15.4,2026-06-13_03
89,4,Rest,,14:52:30,14:56:49,258.4,2026-06-13_03
90,9,Earthworks,Dig trench,14:52:34,14:56:42,247,2026-06-13_03
91,15,Rest,,14:52:40,14:56:54,253.6,2026-06-13_03
92,4,Earthworks,Dig trench,14:56:49,15:02:53,364.2,2026-06-13_03
93,9,Rest,,14:56:52,15:04:21,448.8,2026-06-13_03
94,15,Communication,With other gulper(s),14:56:54,14:57:13,19.5,2026-06-13_03
95,15,Rest,,14:57:13,15:02:57,343.4,2026-06-13_03
96,15,Earthworks,Dig trench,15:02:57,15:04:09,71.9,2026-06-13_03
97,4,Rest,,15:03:06,15:05:56,170.2,2026-06-13_03
98,9,Earthworks,Dig trench,15:04:21,15:05:51,89.9,2026-06-13_03
99,15,Rest,,15:04:21,15:13:20,539,2026-06-13_03
100,9,Rest,,15:05:51,15:13:23,452,2026-06-13_03
101,4,Earthworks,Dig trench,15:05:56,15:15:51,595.6,2026-06-13_03
102,15,Communication,With other gulper(s),15:13:20,15:13:44,23.5,2026-06-13_03
103,9,Communication,With other gulper(s),15:13:23,15:13:47,24.2,2026-06-13_03
104,15,Rest,,15:13:44,15:15:06,82.5,2026-06-13_03
105,9,Rest,,15:13:47,15:14:20,33.1,2026-06-13_03
106,9,Communication,With other gulper(s),15:14:20,15:16:05,104.9,2026-06-13_03
107,15,Equipment,Cleaning,15:15:06,15:15:47,40.9,2026-06-13_03
108,15,Communication,With other gulper(s),15:15:47,15:15:57,9.3,2026-06-13_03
109,4,Rest,,15:15:51,15:17:32,100.8,2026-06-13_03
110,15,Earthworks,Dig trench,15:15:57,15:18:32,155.2,2026-06-13_03
111,9,Rest,,15:16:05,15:17:34,89.2,2026-06-13_03
112,4,Communication,With other gulper(s),15:17:32,15:17:43,10.4,2026-06-13_03
113,9,Communication,With other gulper(s),15:17:34,15:17:45,10.7,2026-06-13_03
114,4,Rest,,15:17:43,15:27:33,590.3,2026-06-13_03
115,9,Rest,,15:17:45,15:28:05,619.7,2026-06-13_03
116,15,Earthworks,Put hole in pit liner,15:18:32,15:27:28,536.6,2026-06-13_03
117,15,Rest,,15:27:28,15:27:42,13.8,2026-06-13_03
118,4,Superstructure,Inspection,15:27:33,15:27:51,18.2,2026-06-13_03
119,15,Communication,With client(s),15:27:42,15:28:28,46.2,2026-06-13_03
120,4,Equipment,Maneuvering,15:27:51,15:28:20,29,2026-06-13_03
121,9,Equipment,Maneuvering,15:28:05,15:29:53,108.2,2026-06-13_03
122,4,Fluidizing,Mixing,15:28:20,15:34:38,378.3,2026-06-13_03
123,15,Extraction,Removing sludge,15:28:28,15:29:06,37.2,2026-06-13_03
124,15,Extraction,Pulling out trash,15:29:06,15:29:47,41.4,2026-06-13_03
125,15,Extraction,Removing sludge,15:29:47,15:40:19,631.7,2026-06-13_03
126,9,Rest,,15:29:53,15:32:20,146.9,2026-06-13_03
127,9,Fluidizing,Mixing,15:32:20,15:33:43,83.7,2026-06-13_03
128,9,Rest,,15:33:43,15:34:24,40.3,2026-06-13_03
129,9,Fluidizing,Mixing,15:34:24,15:37:00,155.7,2026-06-13_03
130,4,Rest,,15:34:38,15:36:57,138.6,2026-06-13_03
131,4,Fluidizing,Mixing,15:36:57,15:40:01,184.3,2026-06-13_03
132,9,Rest,,15:37:00,15:38:19,79.5,2026-06-13_03
133,9,Communication,With other gulper(s),15:38:19,15:38:27,7.9,2026-06-13_03
134,9,Rest,,15:38:27,15:39:58,91.1,2026-06-13_03
135,9,Fluidizing,Mixing,15:39:58,15:42:36,157.6,2026-06-13_03
136,4,Communication,With other gulper(s),15:40:01,15:41:02,61,2026-06-13_03
137,15,Communication,With other gulper(s),15:40:19,15:40:29,10.4,2026-06-13_03
138,15,Extraction,Removing sludge,15:40:29,15:41:08,39.2,2026-06-13_03
139,4,Rest,,15:41:02,15:42:01,59.1,2026-06-13_03
140,15,Communication,With other gulper(s),15:41:08,15:41:14,6.1,2026-06-13_03
141,15,Extraction,Removing sludge,15:41:14,15:46:26,311.2,2026-06-13_03
142,4,Communication,With client(s),15:42:03,15:42:16,12.6,2026-06-13_03
143,4,Rest,,15:42:16,15:42:31,15.5,2026-06-13_03
144,4,Fluidizing,Mixing,15:42:31,15:44:35,124.4,2026-06-13_03
145,9,Rest,,15:42:36,15:44:38,122.2,2026-06-13_03
146,4,Communication,With other gulper(s),15:44:35,15:44:47,11.6,2026-06-13_03
147,9,Fluidizing,Mixing,15:44:38,15:45:29,50.9,2026-06-13_03
148,4,Communication,With client(s),15:44:47,15:45:02,14.6,2026-06-13_03
149,4,Fluidizing,Fetching water,15:45:02,15:45:14,12.8,2026-06-13_03
150,4,Fluidizing,Adding water,15:45:14,15:45:32,17.1,2026-06-13_03
151,9,Rest,,15:45:29,15:50:07,278.2,2026-06-13_03
152,4,Communication,With other gulper(s),15:45:32,15:46:14,42,2026-06-13_03
153,4,Rest,,15:46:14,15:48:55,161.1,2026-06-13_03
154,15,Communication,With other gulper(s),15:46:26,15:46:43,17,2026-06-13_03
155,15,Extraction,Removing sludge,15:46:43,15:53:55,432.8,2026-06-13_03
156,4,Fluidizing,Mixing,15:48:55,15:50:05,70,2026-06-13_03
157,4,Communication,With other gulper(s),15:50:05,15:50:19,14.4,2026-06-13_03
158,9,Communication,With other gulper(s),15:50:07,15:50:15,8,2026-06-13_03
159,9,Rest,,15:50:15,15:51:09,54,2026-06-13_03
160,4,Rest,,15:50:19,15:50:25,6.1,2026-06-13_03
161,4,Fluidizing,Adding water,15:50:25,15:50:43,17.4,2026-06-13_03
162,4,Communication,With other gulper(s),15:50:43,15:50:46,3.2,2026-06-13_03
163,4,Fluidizing,Fetching water,15:50:46,15:51:16,30.2,2026-06-13_03
164,9,Communication,With other gulper(s),15:51:09,15:51:37,28.2,2026-06-13_03
165,4,Communication,With client(s),15:51:16,15:51:22,5.8,2026-06-13_03
166,4,Fluidizing,Fetching water,15:51:22,15:51:39,16.9,2026-06-13_03
167,9,Fluidizing,Mixing,15:51:37,15:53:34,116.7,2026-06-13_03
168,4,Fluidizing,Adding water,15:51:39,15:51:54,15.7,2026-06-13_03
169,4,Fluidizing,Fetching water,15:51:54,15:52:36,41.6,2026-06-13_03
170,4,Rest,,15:52:36,15:53:02,25.9,2026-06-13_03
171,4,Fluidizing,Fetching water,15:53:02,15:53:23,21.1,2026-06-13_03
172,4,Fluidizing,Adding water,15:53:23,15:53:31,7.6,2026-06-13_03
173,4,Communication,With other gulper(s),15:53:31,15:53:43,12.9,2026-06-13_03
174,9,Communication,With other gulper(s),15:53:34,15:53:37,2.7,2026-06-13_03
175,9,Fluidizing,Mixing,15:53:37,15:53:41,4.3,2026-06-13_03
176,9,Rest,,15:53:41,15:54:37,56.5,2026-06-13_03
177,4,Fluidizing,Mixing,15:53:43,15:54:41,57.8,2026-06-13_03
178,15,Communication,With other gulper(s),15:53:55,15:54:07,11.7,2026-06-13_03
179,15,Extraction,Removing sludge,15:54:07,15:59:03,295.8,2026-06-13_03
180,9,Fluidizing,Mixing,15:54:37,15:57:10,153.1,2026-06-13_03
181,4,Rest,,15:54:41,15:55:00,19.2,2026-06-13_03
182,4,Communication,With other gulper(s),15:55:00,15:55:04,3.7,2026-06-13_03
183,4,Fluidizing,Adding water,15:55:04,15:55:26,21.5,2026-06-13_03
184,4,Fluidizing,Fetching water,15:55:26,15:56:42,76.6,2026-06-13_03
185,4,Fluidizing,Adding water,15:56:42,15:56:59,16.4,2026-06-13_03
186,4,Rest,,15:56:59,15:57:22,23.3,2026-06-13_03
187,9,Equipment,Maneuvering,15:57:10,15:57:58,47.3,2026-06-13_03
188,4,Communication,With other gulper(s),15:57:22,15:57:55,32.6,2026-06-13_03
189,4,Communication,With client(s),15:57:55,15:58:19,24.8,2026-06-13_03
190,9,Rest,,15:57:58,16:03:34,335.9,2026-06-13_03
191,4,Rest,,15:58:19,15:58:48,28.3,2026-06-13_03
192,4,Equipment,Maneuvering,15:58:48,15:59:44,56.5,2026-06-13_03
193,15,Superstructure,Inspection,15:59:03,15:59:29,26.7,2026-06-13_03
194,15,Extraction,Removing sludge,15:59:29,16:00:26,56.4,2026-06-13_03
195,4,Superstructure,Inspection,15:59:44,16:00:07,22.4,2026-06-13_03
196,4,Rest,,16:00:07,16:02:48,161.4,2026-06-13_03
197,15,Rest,,16:00:26,16:00:56,30.6,2026-06-13_03
198,15,Extraction,Removing sludge,16:00:56,16:02:12,75.9,2026-06-13_03
199,15,Communication,With other gulper(s),16:02:12,16:02:29,16.7,2026-06-13_03
200,15,Extraction,Removing sludge,16:02:29,16:02:44,14.7,2026-06-13_03
201,15,Earthworks,Repair pit liner,16:02:44,16:03:44,60.8,2026-06-13_03
202,4,Communication,With client(s),16:02:48,16:03:31,42.7,2026-06-13_03
203,4,Equipment,Maneuvering,16:03:31,16:03:49,18.7,2026-06-13_03
204,9,Equipment,Maneuvering,16:03:34,16:03:42,8.5,2026-06-13_03
205,9,Rest,,16:03:42,16:06:53,191.1,2026-06-13_03
206,15,Communication,With client(s),16:03:44,16:04:24,39.8,2026-06-13_03
207,4,Rest,,16:03:49,16:04:31,41.8,2026-06-13_03
208,15,Earthworks,Repair pit liner,16:04:24,16:05:34,69.8,2026-06-13_03
209,4,Equipment,Maneuvering,16:04:31,16:04:53,22.4,2026-06-13_03
210,4,Rest,,16:04:53,16:06:28,94.8,2026-06-13_03
211,15,Communication,With client(s),16:05:34,16:06:17,43.2,2026-06-13_03
212,15,Earthworks,Repair pit liner,16:06:17,16:06:50,32.9,2026-06-13_03
213,4,Equipment,Maneuvering,16:06:28,16:06:42,13.6,2026-06-13_03
214,4,Earthworks,Fill trench,16:06:42,16:14:49,487.1,2026-06-13_03
215,15,Earthworks,Fill trench,16:06:50,16:11:33,282.6,2026-06-13_03
216,9,Earthworks,Fill trench,16:06:53,16:07:11,18,2026-06-13_03
217,9,Earthworks,Fill trench,16:07:11,16:17:04,592.4,2026-06-13_03
218,15,Rest,,16:11:33,16:16:07,274.7,2026-06-13_03
219,4,Equipment,Cleaning,16:14:49,16:15:15,26.1,2026-06-13_03
220,4,Earthworks,Fill trench,16:15:15,16:18:20,184.8,2026-06-13_03
221,15,Superstructure,Repair,16:16:07,16:16:17,9.2,2026-06-13_03
222,15,Rest,,16:16:17,16:16:57,40.2,2026-06-13_03
223,15,Earthworks,Fill trench,16:16:57,16:21:18,261.6,2026-06-13_03
224,9,Superstructure,Inspection,16:17:04,16:17:54,50.3,2026-06-13_03
225,9,Equipment,Maneuvering,16:17:54,16:17:58,4.1,2026-06-13_03
226,9,Earthworks,Fill trench,16:17:58,16:19:49,110.6,2026-06-13_03
227,4,Rest,,16:18:20,16:18:46,26.6,2026-06-13_03
228,4,Earthworks,Fill trench,16:18:47,16:20:55,128.4,2026-06-13_03
229,9,Communication,With other gulper(s),16:19:49,16:21:04,75,2026-06-13_03
230,4,Equipment,Cleaning,16:20:56,16:30:35,579.3,2026-06-13_03
231,9,Rest,,16:21:04,16:21:52,48.9,2026-06-13_03
232,15,Equipment,Cleaning,16:21:18,16:21:31,13,2026-06-13_03
233,15,Communication,With client(s),16:21:31,16:22:29,57.4,2026-06-13_03
234,9,Equipment,Maneuvering,16:21:52,16:22:08,15.9,2026-06-13_03
235,9,Fluidizing,Fetching water,16:22:08,16:22:39,30.7,2026-06-13_03
236,15,Equipment,Cleaning,16:22:29,16:23:58,89,2026-06-13_03
237,9,Equipment,Cleaning,16:22:39,16:28:51,372.4,2026-06-13_03
238,15,Communication,With client(s),16:23:58,16:24:30,31.7,2026-06-13_03
239,15,Equipment,Cleaning,16:24:30,16:28:29,239.7,2026-06-13_03
240,15,Communication,With other gulper(s),16:29:26,16:30:35,69.1,2026-06-13_03
241,9,Communication,With client(s),16:29:34,16:30:35,60.8,2026-06-13_03
1,1,Superstructure,Inspection,11:32:00,11:32:22,21.5,2026-06-14_02
1,12,Equipment,Maneuvering,11:57:28,11:58:33,65.1,2026-06-14_02
2,3,Superstructure,Inspection,11:32:05,11:34:12,126.6,2026-06-14_02
2,14,Equipment,Maneuvering,11:57:31,11:58:46,75,2026-06-14_02
3,18,Superstructure,Inspection,11:32:10,11:32:55,44.5,2026-06-14_02
3,10,Equipment,Maneuvering,11:57:34,11:59:10,95.4,2026-06-14_02
4,11,Superstructure,Inspection,11:32:13,11:33:11,57.6,2026-06-14_02
4,12,Communication,With other gulper(s),11:58:33,11:58:42,8.5,2026-06-14_02
5,1,Equipment,Maneuvering,11:32:22,11:34:25,123.3,2026-06-14_02
5,12,Superstructure,Inspection,11:58:42,11:58:55,13.5,2026-06-14_02
6,18,Earthworks,Dig trench,11:32:55,11:33:59,64.2,2026-06-14_02
6,14,Superstructure,Inspection,11:58:46,11:59:25,38.6,2026-06-14_02
7,11,Earthworks,Dig trench,11:33:11,11:34:48,97.7,2026-06-14_02
7,12,Communication,With other gulper(s),11:58:55,11:59:06,10.8,2026-06-14_02
8,18,Earthworks,Dig trench,11:33:59,11:38:50,290.7,2026-06-14_02
8,12,Superstructure,Inspection,11:59:06,11:59:13,6.5,2026-06-14_02
9,3,Travel,On errand,11:34:12,11:36:02,110.5,2026-06-14_02
9,10,Superstructure,Inspection,11:59:10,11:59:42,32.3,2026-06-14_02
10,1,Earthworks,Dig trench,11:34:25,11:35:02,36.5,2026-06-14_02
10,12,Superstructure,Modification,11:59:13,11:59:47,34.1,2026-06-14_02
11,11,Earthworks,Dig trench,11:34:48,11:34:51,2.5,2026-06-14_02
11,14,Superstructure,Modification,11:59:25,11:59:51,26.1,2026-06-14_02
12,11,Rest,,11:34:51,11:45:12,620.8,2026-06-14_02
12,10,Equipment,Maneuvering,11:59:42,12:00:52,70.2,2026-06-14_02
13,1,Earthworks,Dig trench,11:35:02,11:44:12,550.3,2026-06-14_02
13,12,Superstructure,Inspection,11:59:47,11:59:57,10,2026-06-14_02
14,3,Rest,,11:36:02,11:37:22,80.2,2026-06-14_02
14,14,Equipment,Maneuvering,11:59:51,12:00:08,17.1,2026-06-14_02
15,3,Earthworks,Dig trench,11:37:22,11:43:42,379.7,2026-06-14_02
15,12,Equipment,Maneuvering,11:59:57,12:00:19,22.6,2026-06-14_02
16,18,Rest,,11:38:50,11:40:40,110.9,2026-06-14_02
16,14,Earthworks,Dig trench,12:00:08,12:04:03,235,2026-06-14_02
17,18,Earthworks,Dig trench,11:40:40,11:41:13,32.9,2026-06-14_02
17,12,Communication,With other gulper(s),12:00:19,12:00:41,21.2,2026-06-14_02
18,18,Rest,,11:41:13,11:42:57,104.1,2026-06-14_02
18,12,Superstructure,Modification,12:00:41,12:00:47,6,2026-06-14_02
19,18,Earthworks,Dig trench,11:42:57,11:56:08,790.3,2026-06-14_02
19,12,Earthworks,Dig trench,12:00:47,12:01:08,21.3,2026-06-14_02
20,3,Rest,,11:43:42,11:52:57,555.1,2026-06-14_02
20,10,Earthworks,Dig trench,12:00:52,12:02:52,119.7,2026-06-14_02
21,1,Disposal,,11:44:12,11:44:28,16.1,2026-06-14_02
21,12,Communication,With client(s),12:01:08,12:01:27,19.1,2026-06-14_02
22,1,Earthworks,Dig trench,11:44:28,11:50:35,367.3,2026-06-14_02
22,12,Earthworks,Dig trench,12:01:27,12:02:22,55.5,2026-06-14_02
23,11,Earthworks,Dig trench,11:45:12,11:46:17,64.8,2026-06-14_02
23,12,Communication,With client(s),12:02:22,12:02:43,20.1,2026-06-14_02
24,11,Rest,,11:46:17,11:46:54,37.2,2026-06-14_02
24,12,Communication,With other gulper(s),12:02:43,12:03:07,24.3,2026-06-14_02
25,11,Earthworks,Dig trench,11:46:54,11:47:55,61.6,2026-06-14_02
25,10,Communication,With other gulper(s),12:02:52,12:03:11,18.8,2026-06-14_02
26,11,Rest,,11:47:55,11:48:01,5.7,2026-06-14_02
26,12,Earthworks,Dig trench,12:03:07,12:04:05,58.6,2026-06-14_02
27,11,Communication,With other gulper(s),11:48:01,11:51:35,213.8,2026-06-14_02
27,10,Earthworks,Dig trench,12:03:11,12:09:39,388.5,2026-06-14_02
28,1,Rest,,11:50:35,11:51:51,75,2026-06-14_02
28,14,Communication,With other gulper(s),12:04:03,12:04:12,8.6,2026-06-14_02
29,11,Rest,,11:51:35,12:18:12,1596.8,2026-06-14_02
29,12,Communication,With other gulper(s),12:04:05,12:04:14,8.6,2026-06-14_02
30,1,Earthworks,Dig trench,11:51:51,11:54:20,149.9,2026-06-14_02
30,14,Superstructure,Modification,12:04:12,12:07:27,194.8,2026-06-14_02
31,3,Earthworks,Dig trench,11:52:57,11:54:41,103.9,2026-06-14_02
31,12,Superstructure,Modification,12:04:14,12:05:39,84.7,2026-06-14_02
32,1,Rest,,11:54:20,11:55:54,93.4,2026-06-14_02
32,12,Rest,,12:05:39,12:06:14,34.8,2026-06-14_02
33,3,Equipment,Maneuvering,11:54:41,11:59:13,272.2,2026-06-14_02
33,12,Communication,With other gulper(s),12:06:14,12:06:20,7,2026-06-14_02
34,1,Earthworks,Dig trench,11:55:54,12:05:33,579.4,2026-06-14_02
34,12,Superstructure,Modification,12:06:20,12:07:24,63.2,2026-06-14_02
35,18,Rest,,11:56:08,11:56:31,23,2026-06-14_02
35,12,Superstructure,Inspection,12:07:24,12:07:54,30,2026-06-14_02
36,18,Earthworks,Dig trench,11:56:31,11:57:32,61.6,2026-06-14_02
36,14,Communication,With other gulper(s),12:07:27,12:08:10,43.1,2026-06-14_02
37,18,Rest,,11:57:32,12:04:54,442.1,2026-06-14_02
37,12,Communication,With client(s),12:07:54,12:08:15,21,2026-06-14_02
38,3,Rest,,11:59:13,12:06:43,449.3,2026-06-14_02
38,14,Earthworks,Dig trench,12:08:10,12:09:36,86,2026-06-14_02
39,18,Earthworks,Dig trench,12:04:54,12:07:25,150.6,2026-06-14_02
39,12,Earthworks,Dig trench,12:08:15,12:08:42,27,2026-06-14_02
40,1,Rest,,12:05:33,12:07:06,92.8,2026-06-14_02
40,12,Communication,With other gulper(s),12:08:42,12:08:49,7.8,2026-06-14_02
41,3,Earthworks,Dig trench,12:06:43,12:08:26,103.5,2026-06-14_02
41,12,Rest,,12:08:49,12:09:14,24.3,2026-06-14_02
42,1,Earthworks,Dig trench,12:07:06,12:24:10,1024,2026-06-14_02
42,12,Earthworks,Dig trench,12:09:14,12:09:25,11.2,2026-06-14_02
43,18,Rest,,12:07:25,12:08:37,71.8,2026-06-14_02
43,12,Communication,With other gulper(s),12:09:25,12:09:44,19.4,2026-06-14_02
44,3,Communication,With other gulper(s),12:08:26,12:10:16,109.5,2026-06-14_02
44,14,Communication,With other gulper(s),12:09:36,12:09:54,17.7,2026-06-14_02
45,18,Communication,With other gulper(s),12:08:37,12:10:31,113.8,2026-06-14_02
45,10,Communication,With other gulper(s),12:09:39,12:09:58,19,2026-06-14_02
46,3,Earthworks,Dig trench,12:10:16,12:10:40,23.8,2026-06-14_02
46,12,Earthworks,Dig trench,12:09:44,12:10:08,23.6,2026-06-14_02
47,18,Rest,,12:10:31,12:11:44,73.3,2026-06-14_02
47,14,Earthworks,Dig trench,12:09:54,12:11:51,117.2,2026-06-14_02
48,3,Rest,,12:10:40,12:19:41,541.8,2026-06-14_02
48,10,Equipment,Maneuvering,12:09:58,12:10:54,55.6,2026-06-14_02
49,18,Communication,With other gulper(s),12:11:44,12:14:43,179.1,2026-06-14_02
49,12,Communication,With other gulper(s),12:10:08,12:11:02,53.6,2026-06-14_02
50,18,Rest,,12:14:43,12:17:00,137.4,2026-06-14_02
50,10,Fluidizing,Fetching water,12:10:54,12:27:55,1020.9,2026-06-14_02
51,18,Earthworks,Dig trench,12:17:00,12:17:15,15.1,2026-06-14_02
51,12,Earthworks,Dig trench,12:11:02,12:12:10,68.5,2026-06-14_02
52,18,Equipment,Maneuvering,12:17:15,12:17:25,9.9,2026-06-14_02
52,14,Equipment,Repairing,12:11:51,12:12:06,14.9,2026-06-14_02
53,18,Earthworks,Repair pit liner,12:17:25,12:17:28,2.9,2026-06-14_02
53,14,Earthworks,Dig trench,12:12:06,12:21:01,535.4,2026-06-14_02
54,18,Earthworks,Repair pit liner,12:17:28,12:17:37,8.6,2026-06-14_02
54,12,Equipment,Maneuvering,12:12:10,12:12:24,14.3,2026-06-14_02
55,18,Earthworks,Dig trench,12:17:37,12:18:01,23.8,2026-06-14_02
55,12,Earthworks,Dig trench,12:12:24,12:18:41,377.1,2026-06-14_02
56,18,Rest,,12:18:01,12:24:23,382.6,2026-06-14_02
56,12,Rest,,12:18:41,12:18:55,14.1,2026-06-14_02
57,11,Earthworks,Dig trench,12:18:12,12:19:52,100.2,2026-06-14_02
57,12,Earthworks,Dig trench,12:18:55,12:19:59,63.1,2026-06-14_02
58,3,Earthworks,Dig trench,12:19:41,12:30:30,648.8,2026-06-14_02
58,12,Rest,,12:19:59,12:21:06,67.8,2026-06-14_02
59,11,Rest,,12:19:52,12:36:50,1018.4,2026-06-14_02
59,14,Equipment,Maneuvering,12:21:01,12:21:26,25.2,2026-06-14_02
60,1,Rest,,12:24:10,12:28:52,282.3,2026-06-14_02
60,12,Equipment,Maneuvering,12:21:06,12:21:14,7.1,2026-06-14_02
61,18,Rest,,12:24:23,12:29:59,335.6,2026-06-14_02
61,12,Rest,,12:21:14,12:21:29,15.5,2026-06-14_02
62,1,Earthworks,Dig trench,12:28:52,12:43:14,862.1,2026-06-14_02
62,14,Earthworks,Dig trench,12:21:26,12:22:07,41,2026-06-14_02
63,18,Travel,On errand,12:29:59,12:33:08,188.9,2026-06-14_02
63,12,Earthworks,Dig trench,12:21:29,12:22:23,53.7,2026-06-14_02
64,3,Rest,,12:30:30,12:37:53,442.4,2026-06-14_02
64,14,Equipment,Repairing,12:22:07,12:22:20,13,2026-06-14_02
65,18,Equipment,Maneuvering,12:33:08,12:33:12,4.4,2026-06-14_02
65,14,Earthworks,Dig trench,12:22:20,12:23:23,62.8,2026-06-14_02
66,18,Rest,,12:33:12,12:36:43,210.9,2026-06-14_02
66,12,Communication,With client(s),12:22:23,12:22:31,8.4,2026-06-14_02
67,18,Communication,With other gulper(s),12:36:43,12:38:27,103.6,2026-06-14_02
67,12,Earthworks,Dig trench,12:22:31,12:23:03,32.3,2026-06-14_02
68,11,Communication,With other gulper(s),12:36:50,12:37:58,67.8,2026-06-14_02
68,12,Rest,,12:23:03,12:23:11,8,2026-06-14_02
69,3,Communication,With other gulper(s),12:37:53,12:40:56,183.3,2026-06-14_02
69,12,Communication,With other gulper(s),12:23:11,12:23:20,8.6,2026-06-14_02
70,11,Communication,With other gulper(s),12:37:58,12:40:48,170.1,2026-06-14_02
70,12,Earthworks,Dig trench,12:23:20,12:24:11,50.5,2026-06-14_02
71,18,Earthworks,Dig trench,12:38:27,12:39:58,91.2,2026-06-14_02
71,14,Rest,,12:23:23,12:23:56,32.5,2026-06-14_02
72,18,Communication,With other gulper(s),12:39:58,12:40:51,53.5,2026-06-14_02
72,14,Earthworks,Dig trench,12:23:56,12:24:06,10.8,2026-06-14_02
73,11,Rest,,12:40:48,12:53:43,774.7,2026-06-14_02
73,14,Communication,With other gulper(s),12:24:06,12:24:17,10.3,2026-06-14_02
74,18,Rest,,12:40:51,12:44:15,203.5,2026-06-14_02
74,12,Communication,With other gulper(s),12:24:11,12:24:51,40.5,2026-06-14_02
75,3,Rest,,12:40:56,12:44:07,191.3,2026-06-14_02
75,14,Earthworks,Dig trench,12:24:17,12:25:05,48.6,2026-06-14_02
76,1,Rest,,12:43:14,12:52:29,554.9,2026-06-14_02
76,12,Earthworks,Dig trench,12:24:51,12:25:08,16.5,2026-06-14_02
77,3,Earthworks,Dig trench,12:44:07,13:01:15,1027.5,2026-06-14_02
77,14,Communication,With other gulper(s),12:25:05,12:25:33,27.9,2026-06-14_02
78,18,Earthworks,Dig trench,12:44:15,12:49:30,315,2026-06-14_02
78,12,Communication,With other gulper(s),12:25:08,12:25:16,8.8,2026-06-14_02
79,18,Rest,,12:49:30,12:52:39,189.2,2026-06-14_02
79,12,Earthworks,Dig trench,12:25:16,12:25:23,6.7,2026-06-14_02
80,1,Communication,With client(s),12:52:29,12:58:16,346.6,2026-06-14_02
80,12,Communication,With other gulper(s),12:25:23,12:25:36,12.7,2026-06-14_02
81,18,Communication,With client(s),12:52:39,12:55:58,199.4,2026-06-14_02
81,14,Earthworks,Dig trench,12:25:33,12:25:55,21.6,2026-06-14_02
82,11,Communication,With client(s),12:53:43,12:58:39,296.2,2026-06-14_02
82,12,Earthworks,Dig trench,12:25:36,12:26:20,44.4,2026-06-14_02
83,18,Travel,On errand,12:55:58,13:07:45,706.1,2026-06-14_02
83,14,Rest,,12:25:55,12:26:26,31.6,2026-06-14_02
84,1,Earthworks,Dig trench,12:58:16,13:16:02,1066.3,2026-06-14_02
84,12,Communication,With client(s),12:26:20,12:26:42,22.2,2026-06-14_02
85,11,Communication,With other gulper(s),12:58:39,12:58:57,17.6,2026-06-14_02
85,14,Communication,With client(s),12:26:26,12:26:39,13,2026-06-14_02
86,11,Earthworks,Dig trench,12:58:57,13:00:57,120.8,2026-06-14_02
86,14,Rest,,12:26:39,12:26:47,7.7,2026-06-14_02
87,11,Rest,,13:00:57,13:01:50,52.5,2026-06-14_02
87,12,Earthworks,Dig trench,12:26:42,12:27:18,35.4,2026-06-14_02
88,3,Rest,,13:01:15,13:03:23,128,2026-06-14_02
88,14,Communication,With other gulper(s),12:26:47,12:26:54,6.8,2026-06-14_02
89,11,Equipment,Maneuvering,13:01:50,13:03:04,74.3,2026-06-14_02
89,14,Rest,,12:26:54,12:27:00,6.4,2026-06-14_02
90,11,Rest,,13:03:04,13:03:12,7.7,2026-06-14_02
90,14,Communication,With other gulper(s),12:27:00,12:27:10,9.9,2026-06-14_02
91,11,Travel,On errand,13:03:12,13:05:01,109,2026-06-14_02
91,14,Equipment,Repairing,12:27:10,12:28:15,65.1,2026-06-14_02
92,3,Earthworks,Dig trench,13:03:23,13:06:11,167.9,2026-06-14_02
92,12,Communication,With other gulper(s),12:27:18,12:28:25,67.1,2026-06-14_02
93,11,Equipment,Maneuvering,13:05:01,14:11:31,3990.2,2026-06-14_02
93,10,Superstructure,Modification,12:27:55,12:28:03,8.7,2026-06-14_02
94,3,Rest,,13:06:11,13:16:26,615.3,2026-06-14_02
94,10,Fluidizing,Adding water,12:28:03,12:28:10,6.2,2026-06-14_02
95,18,Rest,,13:07:45,13:08:11,26.4,2026-06-14_02
95,10,Fluidizing,Fetching water,12:28:10,12:28:33,23.9,2026-06-14_02
96,18,Travel,On errand,13:08:11,13:18:54,642.9,2026-06-14_02
96,14,Earthworks,Dig trench,12:28:15,12:29:39,84,2026-06-14_02
97,1,Rest,,13:16:02,13:19:39,216.6,2026-06-14_02
97,12,Rest,,12:28:25,12:28:55,30.2,2026-06-14_02
98,3,Earthworks,Dig trench,13:16:26,13:18:38,132.1,2026-06-14_02
98,10,Fluidizing,Adding water,12:28:33,12:28:43,9.2,2026-06-14_02
99,3,Rest,,13:18:38,13:25:49,430.8,2026-06-14_02
99,10,Fluidizing,Fetching water,12:28:43,12:29:13,29.9,2026-06-14_02
100,18,Earthworks,Dig trench,13:18:54,13:26:19,445.4,2026-06-14_02
100,12,Earthworks,Dig trench,12:28:55,12:29:11,15.7,2026-06-14_02
101,1,Communication,With other gulper(s),13:19:39,13:23:30,230.8,2026-06-14_02
101,12,Rest,,12:29:11,12:29:34,23.4,2026-06-14_02
102,1,Travel,On errand,13:23:30,13:25:11,101.1,2026-06-14_02
102,10,Fluidizing,Adding water,12:29:13,12:29:29,16.7,2026-06-14_02
103,1,Rest,,13:25:11,13:26:09,58.7,2026-06-14_02
103,10,Fluidizing,Fetching water,12:29:29,12:29:53,23.8,2026-06-14_02
104,3,Fluidizing,Fetching water,13:25:49,13:27:04,74.8,2026-06-14_02
104,12,Earthworks,Dig trench,12:29:34,12:29:47,12.4,2026-06-14_02
105,1,Fluidizing,Adding water,13:26:09,13:26:25,15.9,2026-06-14_02
105,14,Communication,With other gulper(s),12:29:39,12:29:50,10.6,2026-06-14_02
106,18,Fluidizing,Adding water,13:26:19,13:27:24,64.7,2026-06-14_02
106,12,Rest,,12:29:47,12:29:58,11.2,2026-06-14_02
107,1,Fluidizing,Mixing,13:26:25,13:27:45,80.2,2026-06-14_02
107,14,Earthworks,Dig trench,12:29:50,12:30:42,52.2,2026-06-14_02
108,3,Fluidizing,Fetching water,13:27:04,13:27:16,12.4,2026-06-14_02
108,10,Fluidizing,Adding water,12:29:53,12:30:03,10.1,2026-06-14_02
109,3,Rest,,13:27:16,13:27:41,25.4,2026-06-14_02
109,12,Earthworks,Dig trench,12:29:58,12:30:11,13.5,2026-06-14_02
110,18,Fluidizing,Fetching water,13:27:24,13:28:51,87.1,2026-06-14_02
110,10,Fluidizing,Fetching water,12:30:03,12:30:57,53.4,2026-06-14_02
111,3,Fluidizing,Fetching water,13:27:41,13:28:27,45.7,2026-06-14_02
111,12,Rest,,12:30:11,12:30:23,12,2026-06-14_02
112,1,Fluidizing,Adding water,13:27:45,13:35:31,465.8,2026-06-14_02
112,12,Communication,With other gulper(s),12:30:23,12:30:38,14.6,2026-06-14_02
113,3,Rest,,13:28:27,13:29:12,45.3,2026-06-14_02
113,12,Earthworks,Dig trench,12:30:38,12:31:20,42.6,2026-06-14_02
114,18,Rest,,13:28:51,13:29:18,27.2,2026-06-14_02
114,14,Rest,,12:30:42,12:30:54,11.6,2026-06-14_02
115,3,Fluidizing,Fetching water,13:29:12,13:35:21,368.7,2026-06-14_02
115,14,Communication,With other gulper(s),12:30:54,12:32:06,72.6,2026-06-14_02
116,18,Fluidizing,Fetching water,13:29:18,13:35:51,393,2026-06-14_02
116,10,Fluidizing,Adding water,12:30:57,12:31:12,15.8,2026-06-14_02
117,3,Rest,,13:35:21,13:37:02,101.1,2026-06-14_02
117,10,Communication,With other gulper(s),12:31:12,12:32:15,62.2,2026-06-14_02
118,1,Earthworks,Put hole in pit liner,13:35:31,13:36:36,64.3,2026-06-14_02
118,12,Communication,With other gulper(s),12:31:20,12:31:55,34.4,2026-06-14_02
119,18,Earthworks,Put hole in pit liner,13:35:51,13:35:58,6.7,2026-06-14_02
119,12,Earthworks,Dig trench,12:31:55,12:34:17,141.9,2026-06-14_02
120,18,Earthworks,Dig trench,13:35:58,13:37:38,99.7,2026-06-14_02
120,14,Equipment,Maneuvering,12:32:06,12:33:06,60.1,2026-06-14_02
121,1,Fluidizing,Mixing,13:36:36,13:37:27,51.2,2026-06-14_02
121,10,Rest,,12:32:15,12:33:52,97,2026-06-14_02
122,3,Sludge handling,Filling containers,13:37:02,13:41:07,245.1,2026-06-14_02
122,14,Superstructure,Modification,12:33:06,12:33:35,28.9,2026-06-14_02
123,1,Extraction,Pulling out trash,13:37:27,13:40:24,177.5,2026-06-14_02
123,14,Communication,With other gulper(s),12:33:35,12:33:45,9.2,2026-06-14_02
124,18,Rest,,13:37:38,13:40:36,178.1,2026-06-14_02
124,14,Fluidizing,Adding water,12:33:45,12:34:29,44,2026-06-14_02
125,1,Superstructure,Modification,13:40:24,13:42:57,152.7,2026-06-14_02
125,10,Equipment,Maneuvering,12:33:52,12:34:13,21.7,2026-06-14_02
126,18,Superstructure,Modification,13:40:36,13:43:27,170.9,2026-06-14_02
126,10,Fluidizing,Fetching water,12:34:13,12:34:32,18.5,2026-06-14_02
127,3,Superstructure,Modification,13:41:07,13:43:53,165.5,2026-06-14_02
127,12,Communication,With other gulper(s),12:34:17,12:34:35,18.4,2026-06-14_02
128,1,Fluidizing,Mixing,13:42:57,13:53:15,618.1,2026-06-14_02
128,14,Equipment,Maneuvering,12:34:29,12:34:44,15.8,2026-06-14_02
129,18,Superstructure,Modification,13:43:27,13:43:32,5.1,2026-06-14_02
129,10,Communication,With other gulper(s),12:34:32,12:34:40,8.1,2026-06-14_02
130,18,Fluidizing,Fetching water,13:43:32,14:06:41,1389.7,2026-06-14_02
130,12,Earthworks,Dig trench,12:34:35,12:35:50,75.2,2026-06-14_02
131,3,Fluidizing,Fetching water,13:43:53,13:53:41,587.8,2026-06-14_02
131,10,Fluidizing,Fetching water,12:34:40,12:39:20,280.4,2026-06-14_02
132,1,Extraction,Removing sludge,13:53:15,13:53:21,5.9,2026-06-14_02
132,14,Fluidizing,Mixing,12:34:44,12:36:58,133.5,2026-06-14_02
133,1,Extraction,Pulling out trash,13:53:21,14:02:22,540.7,2026-06-14_02
133,12,Rest,,12:35:50,12:35:54,3.5,2026-06-14_02
134,3,Sludge handling,Filling containers,13:53:41,13:54:03,22.4,2026-06-14_02
134,12,Earthworks,Dig trench,12:35:54,12:37:00,66.1,2026-06-14_02
135,3,Rest,,13:54:03,13:59:33,329.8,2026-06-14_02
135,14,Communication,With other gulper(s),12:36:58,12:37:32,33.8,2026-06-14_02
136,3,Fluidizing,Adding water,13:59:33,14:03:11,218.2,2026-06-14_02
136,12,Communication,With other gulper(s),12:37:00,12:37:04,4.4,2026-06-14_02
137,1,Fluidizing,Mixing,14:02:22,14:06:13,231.2,2026-06-14_02
137,12,Earthworks,Dig trench,12:37:04,12:37:12,7.9,2026-06-14_02
138,3,Extraction,Pulling out trash,14:03:11,14:03:22,11.5,2026-06-14_02
138,12,Communication,With other gulper(s),12:37:12,12:37:59,46.4,2026-06-14_02
139,3,Rest,,14:03:22,14:06:06,164.1,2026-06-14_02
139,14,Earthworks,Dig trench,12:37:32,12:40:17,165.1,2026-06-14_02
140,3,Extraction,Pulling out trash,14:06:06,14:06:55,48,2026-06-14_02
140,12,Rest,,12:37:59,12:38:32,32.9,2026-06-14_02
141,1,Rest,,14:06:13,14:11:02,289.1,2026-06-14_02
141,12,Superstructure,Inspection,12:38:32,12:38:40,8.1,2026-06-14_02
142,18,Rest,,14:06:41,14:16:03,561,2026-06-14_02
142,12,Fluidizing,Mixing,12:38:40,12:39:25,45.4,2026-06-14_02
143,3,Rest,,14:06:55,14:10:16,201.5,2026-06-14_02
143,10,Communication,With other gulper(s),12:39:20,12:39:36,15.2,2026-06-14_02
144,3,Sludge handling,Filling containers,14:10:16,14:10:43,26.5,2026-06-14_02
144,12,Communication,With other gulper(s),12:39:25,12:40:02,37.4,2026-06-14_02
145,3,Extraction,Pulling out trash,14:10:43,14:15:39,296.5,2026-06-14_02
145,10,Rest,,12:39:36,12:39:49,13.6,2026-06-14_02
146,1,Fluidizing,Mixing,14:11:02,14:11:53,50.4,2026-06-14_02
146,10,Equipment,Maneuvering,12:39:49,12:40:14,24.9,2026-06-14_02
147,11,Rest,,14:11:31,14:11:45,14.2,2026-06-14_02
147,12,Fluidizing,Mixing,12:40:02,12:40:37,34,2026-06-14_02
148,11,Fluidizing,Mixing,14:11:45,14:15:52,246.6,2026-06-14_02
148,10,Communication,With other gulper(s),12:40:14,12:40:21,7.1,2026-06-14_02
149,1,Rest,,14:11:53,14:15:47,234.1,2026-06-14_02
149,14,Communication,With other gulper(s),12:40:17,12:40:28,10.7,2026-06-14_02
150,3,Rest,,14:15:39,14:21:00,320.9,2026-06-14_02
150,10,Equipment,Maneuvering,12:40:21,12:40:31,9.3,2026-06-14_02
151,1,Fluidizing,Mixing,14:15:47,14:17:52,125.1,2026-06-14_02
151,14,Earthworks,Dig trench,12:40:28,12:42:27,119.4,2026-06-14_02
152,11,Rest,,14:15:52,14:17:29,96.9,2026-06-14_02
152,10,Fluidizing,Fetching water,12:40:31,12:47:45,434.7,2026-06-14_02
153,18,Fluidizing,Fetching water,14:16:03,14:18:04,121.7,2026-06-14_02
153,12,Communication,With other gulper(s),12:40:37,12:40:47,10.9,2026-06-14_02
154,11,Travel,On errand,14:17:29,14:17:38,9.3,2026-06-14_02
154,12,Fluidizing,Mixing,12:40:47,12:42:17,90,2026-06-14_02
155,11,Equipment,Maneuvering,14:17:38,14:17:44,5.9,2026-06-14_02
155,12,Rest,,12:42:17,12:42:22,4.8,2026-06-14_02
156,11,Equipment,Maneuvering,14:17:44,14:18:15,30.5,2026-06-14_02
156,12,Communication,With other gulper(s),12:42:22,12:42:59,37,2026-06-14_02
157,1,Equipment,Repairing,14:17:52,14:20:07,135.1,2026-06-14_02
157,14,Communication,With other gulper(s),12:42:27,12:43:03,36.4,2026-06-14_02
158,18,Rest,,14:18:04,14:20:22,137.7,2026-06-14_02
158,12,Fluidizing,Mixing,12:42:59,12:45:31,151.8,2026-06-14_02
159,11,Rest,,14:18:15,14:20:30,135.6,2026-06-14_02
159,14,Earthworks,Dig trench,12:43:03,12:49:10,366.3,2026-06-14_02
160,1,Fluidizing,Mixing,14:20:07,14:38:13,1085.7,2026-06-14_02
160,12,Communication,With other gulper(s),12:45:31,12:45:52,21.3,2026-06-14_02
161,18,Fluidizing,Fetching water,14:20:22,14:23:54,212.6,2026-06-14_02
161,12,Rest,,12:45:52,12:46:55,62.2,2026-06-14_02
162,11,Rest,,14:20:30,14:27:18,408.2,2026-06-14_02
162,12,Equipment,Maneuvering,12:46:55,12:47:43,48.1,2026-06-14_02
163,3,Extraction,Removing sludge,14:21:00,14:21:08,8.2,2026-06-14_02
163,12,Fluidizing,Mixing,12:47:43,12:47:49,6.1,2026-06-14_02
164,3,Extraction,Pulling out trash,14:21:08,14:21:14,5.7,2026-06-14_02
164,10,Communication,With other gulper(s),12:47:45,12:47:53,7.8,2026-06-14_02
165,3,Rest,,14:21:14,14:24:05,171.7,2026-06-14_02
165,12,Communication,With other gulper(s),12:47:49,12:47:59,10.5,2026-06-14_02
166,18,Rest,,14:23:54,14:27:06,191.8,2026-06-14_02
166,10,Equipment,Maneuvering,12:47:53,12:48:15,22.3,2026-06-14_02
167,3,Travel,On errand,14:24:05,14:24:17,11.2,2026-06-14_02
167,12,Fluidizing,Mixing,12:47:59,12:48:13,13.7,2026-06-14_02
168,3,Rest,,14:24:17,14:29:37,320,2026-06-14_02
168,12,Extraction,Pulling out trash,12:48:13,12:50:19,126.5,2026-06-14_02
169,18,Rest,,14:27:06,14:27:27,20.9,2026-06-14_02
169,10,Extraction,Pulling out trash,12:48:15,12:49:20,64.3,2026-06-14_02
170,11,Rest,,14:27:18,14:38:21,662.9,2026-06-14_02
170,14,Communication,With other gulper(s),12:49:10,12:49:39,29.1,2026-06-14_02
171,18,Fluidizing,Fetching water,14:27:27,14:38:31,664.1,2026-06-14_02
171,10,Rest,,12:49:20,12:49:34,14.4,2026-06-14_02
172,3,Extraction,Pulling out trash,14:29:37,14:30:30,52.9,2026-06-14_02
172,10,Extraction,Pulling out trash,12:49:34,12:50:50,75.9,2026-06-14_02
173,3,Rest,,14:30:30,14:38:08,458.5,2026-06-14_02
173,14,Superstructure,Modification,12:49:39,12:51:15,96.5,2026-06-14_02
174,3,Extraction,Pulling out trash,14:38:08,14:47:43,575.3,2026-06-14_02
174,12,Fluidizing,Mixing,12:50:19,12:50:29,10,2026-06-14_02
175,1,Rest,,14:38:13,14:45:15,422.1,2026-06-14_02
175,12,Extraction,Pulling out trash,12:50:29,12:51:56,86.7,2026-06-14_02
176,11,Extraction,Pulling out trash,14:38:21,14:56:59,1117.7,2026-06-14_02
176,10,Rest,,12:50:50,12:51:10,19.9,2026-06-14_02
177,18,Rest,,14:38:31,14:46:35,483.9,2026-06-14_02
177,10,Extraction,Pulling out trash,12:51:10,12:51:51,40.7,2026-06-14_02
178,1,Extraction,Removing sludge,14:45:15,14:47:31,136.5,2026-06-14_02
178,14,Earthworks,Dig trench,12:51:15,12:54:36,201,2026-06-14_02
179,18,Fluidizing,Fetching water,14:46:35,14:51:48,312.8,2026-06-14_02
179,10,Rest,,12:51:51,12:52:06,15.2,2026-06-14_02
180,1,Rest,,14:47:31,14:54:39,428.2,2026-06-14_02
180,12,Fluidizing,Mixing,12:51:56,12:52:01,5.2,2026-06-14_02
181,3,Travel,On errand,14:47:43,14:51:26,222.6,2026-06-14_02
181,10,Extraction,Pulling out trash,12:52:06,12:55:23,197.5,2026-06-14_02
182,3,Rest,,14:51:26,14:54:03,157.1,2026-06-14_02
182,12,Extraction,Pulling out trash,12:52:24,12:55:20,175.2,2026-06-14_02
183,18,Equipment,Maneuvering,14:51:48,14:54:21,152.8,2026-06-14_02
183,14,Equipment,Maneuvering,12:54:36,12:54:42,6.2,2026-06-14_02
184,3,Earthworks,Put hole in pit liner,14:54:03,14:56:42,158.3,2026-06-14_02
184,14,Earthworks,Dig trench,12:54:42,12:55:11,28.6,2026-06-14_02
185,18,Communication,With other gulper(s),14:54:21,14:56:50,149,2026-06-14_02
185,14,Communication,With other gulper(s),12:55:11,12:56:09,57.6,2026-06-14_02
186,1,Fluidizing,Mixing,14:54:39,15:03:40,540.2,2026-06-14_02
186,12,Fluidizing,Mixing,12:55:20,12:55:51,31.3,2026-06-14_02
187,3,Rest,,14:56:42,15:00:41,239.8,2026-06-14_02
187,10,Rest,,12:55:23,12:55:54,30.6,2026-06-14_02
188,18,Earthworks,Put hole in pit liner,14:56:50,14:59:37,167.5,2026-06-14_02
188,12,Extraction,Pulling out trash,12:55:51,12:56:43,52.5,2026-06-14_02
189,11,Rest,,14:56:59,14:59:51,172.4,2026-06-14_02
189,10,Extraction,Pulling out trash,12:55:54,12:55:58,4.3,2026-06-14_02
190,18,Rest,,14:59:37,15:00:53,75.9,2026-06-14_02
190,10,Rest,,12:55:58,12:56:30,31.7,2026-06-14_02
191,11,Extraction,Pulling out trash,14:59:51,15:16:39,1007.2,2026-06-14_02
191,14,Earthworks,Dig trench,12:56:09,12:59:43,214.5,2026-06-14_02
192,3,Extraction,Pulling out trash,15:00:41,15:05:04,262.7,2026-06-14_02
192,10,Extraction,Pulling out trash,12:56:30,12:56:41,10.6,2026-06-14_02
193,18,Earthworks,Dig trench,15:00:53,15:07:31,397.6,2026-06-14_02
193,10,Rest,,12:56:41,12:56:46,5.3,2026-06-14_02
194,1,Rest,,15:03:40,15:07:16,216.2,2026-06-14_02
194,12,Extraction,Pulling out trash,12:56:43,12:58:13,89.3,2026-06-14_02
195,3,Earthworks,Dig trench,15:05:04,15:07:38,153.8,2026-06-14_02
195,10,Extraction,Pulling out trash,12:56:46,12:58:10,83.9,2026-06-14_02
196,1,Fluidizing,Mixing,15:07:16,15:09:32,135.9,2026-06-14_02
196,10,Rest,,12:58:10,12:58:23,13.2,2026-06-14_02
197,18,Earthworks,Dig trench,15:07:31,15:09:08,97.1,2026-06-14_02
197,12,Fluidizing,Mixing,12:58:13,12:58:19,6.7,2026-06-14_02
198,3,Rest,,15:07:38,15:08:04,26.2,2026-06-14_02
198,12,Extraction,Pulling out trash,12:58:19,13:00:21,122,2026-06-14_02
199,3,Fluidizing,Fetching water,15:08:04,15:09:16,72.3,2026-06-14_02
199,10,Extraction,Pulling out trash,12:58:23,12:59:39,76.1,2026-06-14_02
200,18,Rest,,15:09:08,15:09:44,35.9,2026-06-14_02
200,10,Rest,,12:59:39,13:00:16,36.9,2026-06-14_02
201,3,Earthworks,Dig trench,15:09:16,15:09:37,20.5,2026-06-14_02
201,14,Communication,With other gulper(s),12:59:43,13:00:00,16.7,2026-06-14_02
202,1,Rest,,15:09:32,15:14:03,271.6,2026-06-14_02
202,14,Equipment,Maneuvering,13:00:00,13:00:18,18.3,2026-06-14_02
203,3,Rest,,15:09:37,15:11:37,120,2026-06-14_02
203,10,Extraction,Pulling out trash,13:00:16,13:00:27,10.7,2026-06-14_02
204,18,Earthworks,Dig trench,15:09:44,15:14:30,285.9,2026-06-14_02
204,14,Communication,With other gulper(s),13:00:18,13:01:04,45.7,2026-06-14_02
205,3,Earthworks,Dig trench,15:11:37,15:15:05,208.2,2026-06-14_02
205,12,Communication,With other gulper(s),13:00:21,13:00:34,12.3,2026-06-14_02
206,1,Fluidizing,Mixing,15:14:03,15:18:16,252.5,2026-06-14_02
206,10,Communication,With other gulper(s),13:00:27,13:01:08,41.3,2026-06-14_02
207,18,Equipment,Repairing,15:14:30,15:18:02,212.3,2026-06-14_02
207,12,Fluidizing,Mixing,13:00:34,13:01:12,38.3,2026-06-14_02
208,3,Extraction,Removing sludge,15:15:05,15:15:16,11.3,2026-06-14_02
208,14,Rest,,13:01:04,13:01:16,11.7,2026-06-14_02
209,3,Rest,,15:15:16,15:15:24,7.5,2026-06-14_02
209,10,Extraction,Pulling out trash,13:01:08,13:01:39,31.5,2026-06-14_02
210,3,Fluidizing,Fetching water,15:15:24,15:16:48,84.6,2026-06-14_02
210,12,Extraction,Pulling out trash,13:01:12,13:02:06,53.7,2026-06-14_02
211,11,Rest,,15:16:39,15:17:51,72.7,2026-06-14_02
211,14,Communication,With other gulper(s),13:01:16,13:01:25,9.7,2026-06-14_02
212,3,Fluidizing,Adding water,15:16:48,15:17:06,17.4,2026-06-14_02
212,14,Superstructure,Modification,13:01:25,13:01:30,4.7,2026-06-14_02
213,3,Earthworks,Dig trench,15:17:06,15:38:30,1284.1,2026-06-14_02
213,14,Rest,,13:01:30,13:01:34,4.2,2026-06-14_02
214,11,Extraction,Pulling out trash,15:17:51,15:28:27,635.8,2026-06-14_02
214,14,Communication,With other gulper(s),13:01:34,13:01:44,9.5,2026-06-14_02
215,18,Equipment,Maneuvering,15:18:02,15:18:52,49.4,2026-06-14_02
215,10,Rest,,13:01:39,13:01:48,8.3,2026-06-14_02
216,1,Rest,,15:18:16,15:18:41,25.1,2026-06-14_02
216,14,Rest,,13:01:44,13:02:03,18.9,2026-06-14_02
217,1,Equipment,Repairing,15:18:41,15:20:16,94.6,2026-06-14_02
217,10,Extraction,Pulling out trash,13:01:48,13:02:01,12.9,2026-06-14_02
218,18,Rest,,15:18:52,15:20:11,79,2026-06-14_02
218,10,Communication,With other gulper(s),13:02:01,13:02:19,18,2026-06-14_02
219,18,Communication,With other gulper(s),15:20:11,15:26:09,358.8,2026-06-14_02
219,14,Communication,With other gulper(s),13:02:03,13:02:27,24.8,2026-06-14_02
220,1,Communication,With other gulper(s),15:20:16,15:25:56,340.6,2026-06-14_02
220,12,Fluidizing,Mixing,13:02:06,13:02:16,9.9,2026-06-14_02
221,1,Fluidizing,Mixing,15:25:56,15:28:01,124.4,2026-06-14_02
221,12,Extraction,Pulling out trash,13:02:16,13:02:47,31.4,2026-06-14_02
222,18,Equipment,Repairing,15:26:09,15:33:37,447.2,2026-06-14_02
222,10,Extraction,Pulling out trash,13:02:19,13:02:36,17.4,2026-06-14_02
223,1,Fluidizing,Adding water,15:28:01,15:28:11,10.3,2026-06-14_02
223,14,Sludge handling,Container transport,13:02:27,13:02:43,15.7,2026-06-14_02
224,1,Fluidizing,Mixing,15:28:11,15:33:15,304.5,2026-06-14_02
224,10,Rest,,13:02:36,13:04:19,102.5,2026-06-14_02
225,11,Rest,,15:28:27,15:29:22,55.1,2026-06-14_02
225,14,Communication,With other gulper(s),13:02:43,13:02:58,15.2,2026-06-14_02
226,11,Extraction,Pulling out trash,15:29:22,15:33:48,266,2026-06-14_02
226,12,Rest,,13:02:47,13:02:52,4.6,2026-06-14_02
227,1,Fluidizing,Adding water,15:33:15,15:33:23,7.5,2026-06-14_02
227,12,Communication,With client(s),13:02:52,13:04:22,90.2,2026-06-14_02
228,1,Fluidizing,Mixing,15:33:23,15:38:42,319.1,2026-06-14_02
228,14,Fluidizing,Fetching water,13:02:58,13:03:14,15.3,2026-06-14_02
229,18,Earthworks,Dig trench,15:33:37,15:46:40,783.8,2026-06-14_02
229,14,Rest,,13:03:14,13:03:39,25,2026-06-14_02
230,11,Rest,,15:33:48,15:34:13,24.9,2026-06-14_02
230,14,Fluidizing,Adding water,13:03:39,13:04:14,35.2,2026-06-14_02
231,11,Extraction,Pulling out trash,15:34:13,15:35:44,90.8,2026-06-14_02
231,14,Equipment,Maneuvering,13:04:14,13:04:28,13.9,2026-06-14_02
232,11,Rest,,15:35:44,15:36:03,19,2026-06-14_02
232,10,Equipment,Cleaning,13:04:19,13:04:30,11.8,2026-06-14_02
233,11,Extraction,Pulling out trash,15:36:03,15:38:34,151.5,2026-06-14_02
233,12,Communication,With other gulper(s),13:04:22,13:04:35,13.4,2026-06-14_02
234,3,Rest,,15:38:30,15:46:24,474.3,2026-06-14_02
234,14,Communication,With other gulper(s),13:04:28,13:04:37,9.6,2026-06-14_02
235,11,Rest,,15:38:34,15:44:23,348.6,2026-06-14_02
235,10,Rest,,13:04:30,13:07:59,209,2026-06-14_02
236,1,Extraction,Pulling out trash,15:38:42,15:44:01,319.1,2026-06-14_02
236,14,Rest,,13:04:37,13:04:43,6.2,2026-06-14_02
237,1,Fluidizing,Mixing,15:44:01,15:48:29,267.6,2026-06-14_02
237,14,Communication,With other gulper(s),13:04:43,13:05:03,19.6,2026-06-14_02
238,11,Extraction,Pulling out trash,15:44:23,15:50:43,379.8,2026-06-14_02
238,12,Communication,With client(s),13:04:53,13:05:18,25.1,2026-06-14_02
239,3,Earthworks,Dig trench,15:46:24,15:59:39,794.8,2026-06-14_02
239,14,Rest,,13:05:03,13:05:28,24.8,2026-06-14_02
240,18,Communication,With other gulper(s),15:46:40,15:47:44,63.8,2026-06-14_02
240,12,Communication,With other gulper(s),13:05:18,13:05:48,30.3,2026-06-14_02
241,18,Extraction,Removing sludge,15:47:44,15:49:05,81.4,2026-06-14_02
241,14,Fluidizing,Adding water,13:05:28,13:05:39,11.7,2026-06-14_02
242,1,Extraction,Removing sludge,15:48:29,15:49:09,40.2,2026-06-14_02
242,14,Fluidizing,Mixing,13:05:39,13:07:57,137.1,2026-06-14_02
243,18,Communication,With other gulper(s),15:49:05,15:50:36,90.3,2026-06-14_02
243,12,Communication,With client(s),13:05:48,13:06:02,13.6,2026-06-14_02
244,1,Communication,With other gulper(s),15:49:09,15:53:29,259.9,2026-06-14_02
244,12,Earthworks,Dig trench,13:06:02,13:09:01,179.2,2026-06-14_02
245,18,Rest,,15:50:36,15:54:01,204.7,2026-06-14_02
245,14,Extraction,Pulling out trash,13:07:57,13:09:53,116.1,2026-06-14_02
246,11,Rest,,15:50:43,15:59:55,552.2,2026-06-14_02
246,10,Extraction,Pulling out trash,13:07:59,13:09:04,65.1,2026-06-14_02
247,1,Fluidizing,Mixing,15:53:29,15:58:39,310.3,2026-06-14_02
247,12,Fluidizing,Mixing,13:09:01,13:09:10,8.9,2026-06-14_02
248,18,Earthworks,Dig trench,15:54:01,15:59:48,347.8,2026-06-14_02
248,10,Rest,,13:09:04,13:09:13,8.6,2026-06-14_02
249,1,Earthworks,Dig trench,15:58:39,16:17:32,1132.8,2026-06-14_02
249,12,Extraction,Pulling out trash,13:09:10,13:09:44,34.3,2026-06-14_02
250,3,Rest,,15:59:39,16:00:30,51.5,2026-06-14_02
250,10,Extraction,Pulling out trash,13:09:13,13:10:39,86.1,2026-06-14_02
251,18,Fluidizing,Mixing,15:59:48,16:08:07,498.5,2026-06-14_02
251,14,Fluidizing,Mixing,13:09:53,13:10:17,24.7,2026-06-14_02
252,11,Extraction,Pulling out trash,15:59:55,16:00:24,29.4,2026-06-14_02
252,12,Earthworks,Put hole in pit liner,13:09:54,13:11:14,80.1,2026-06-14_02
253,11,Extraction,Pulling out trash,16:00:24,16:05:37,312.4,2026-06-14_02
253,14,Extraction,Pulling out trash,13:10:17,13:10:35,17.8,2026-06-14_02
254,3,Extraction,Pulling out trash,16:00:30,16:17:49,1038.6,2026-06-14_02
254,14,Fluidizing,Mixing,13:10:35,13:11:23,47.4,2026-06-14_02
255,11,Fluidizing,Fetching water,16:05:37,16:08:15,157.7,2026-06-14_02
255,10,Rest,,13:10:39,13:11:19,39.5,2026-06-14_02
256,18,Fluidizing,Mixing,16:08:07,16:08:10,2.9,2026-06-14_02
256,12,Communication,With other gulper(s),13:11:14,13:11:29,14.7,2026-06-14_02
257,18,Rest,,16:08:10,16:22:07,837.4,2026-06-14_02
257,10,Extraction,Pulling out trash,13:11:19,13:11:52,33.1,2026-06-14_02
258,11,Fluidizing,Adding water,16:08:15,16:08:27,12.5,2026-06-14_02
258,14,Extraction,Pulling out trash,13:11:23,13:11:48,25.1,2026-06-14_02
259,11,Extraction,Removing sludge,16:08:27,16:15:44,437.3,2026-06-14_02
259,12,Rest,,13:11:29,13:11:36,6.9,2026-06-14_02
260,11,Fluidizing,Fetching water,16:15:44,16:19:17,213.1,2026-06-14_02
260,12,Earthworks,Dig trench,13:11:36,13:11:58,21.9,2026-06-14_02
261,1,Fluidizing,Adding water,16:17:32,16:17:42,10.3,2026-06-14_02
261,14,Fluidizing,Mixing,13:11:48,13:12:48,59.9,2026-06-14_02
262,1,Fluidizing,Mixing,16:17:42,16:19:01,79.2,2026-06-14_02
262,10,Rest,,13:11:52,13:12:44,52.2,2026-06-14_02
263,3,Rest,,16:17:49,16:18:10,20.5,2026-06-14_02
263,12,Earthworks,Put hole in pit liner,13:11:58,13:13:34,96.7,2026-06-14_02
264,3,Extraction,Removing sludge,16:18:10,16:18:28,18.7,2026-06-14_02
264,10,Extraction,Pulling out trash,13:12:44,13:13:15,31.5,2026-06-14_02
265,3,Fluidizing,Fetching water,16:18:28,16:19:12,43.6,2026-06-14_02
265,14,Extraction,Pulling out trash,13:12:48,13:13:20,32.1,2026-06-14_02
266,1,Fluidizing,Adding water,16:19:01,16:19:26,24.3,2026-06-14_02
266,10,Rest,,13:13:15,13:13:39,23.1,2026-06-14_02
267,3,Rest,,16:19:12,16:19:37,24.7,2026-06-14_02
267,14,Fluidizing,Mixing,13:13:20,13:13:42,22.3,2026-06-14_02
268,11,Rest,,16:19:17,16:19:31,13.2,2026-06-14_02
268,12,Earthworks,Dig trench,13:13:34,13:14:08,33.6,2026-06-14_02
269,1,Fluidizing,Adding water,16:19:26,16:22:36,190.1,2026-06-14_02
269,10,Extraction,Pulling out trash,13:13:39,13:14:24,45.8,2026-06-14_02
270,11,Communication,With other gulper(s),16:19:31,16:19:46,15.8,2026-06-14_02
270,14,Extraction,Pulling out trash,13:13:42,13:14:22,40,2026-06-14_02
271,3,Fluidizing,Fetching water,16:19:37,16:23:53,256.6,2026-06-14_02
271,12,Rest,,13:14:08,13:14:28,20.3,2026-06-14_02
272,11,Fluidizing,Fetching water,16:19:46,16:25:31,344.8,2026-06-14_02
272,14,Fluidizing,Mixing,13:14:22,13:15:07,44.9,2026-06-14_02
273,18,Communication,With other gulper(s),16:22:07,16:22:39,31.4,2026-06-14_02
273,10,Rest,,13:14:24,13:15:04,39.6,2026-06-14_02
274,1,Fluidizing,Mixing,16:22:36,16:38:25,949.3,2026-06-14_02
274,12,Communication,With other gulper(s),13:14:28,13:17:56,208,2026-06-14_02
275,18,Rest,,16:22:39,16:23:13,34.9,2026-06-14_02
275,10,Extraction,Pulling out trash,13:15:04,13:15:29,25.4,2026-06-14_02
276,18,Communication,With other gulper(s),16:23:13,16:24:00,46.5,2026-06-14_02
276,14,Extraction,Pulling out trash,13:15:07,13:15:42,35.1,2026-06-14_02
277,3,Rest,,16:23:53,16:24:37,44.1,2026-06-14_02
277,10,Sludge handling,Container transport,13:15:29,13:15:45,15.7,2026-06-14_02
278,18,Equipment,Maneuvering,16:24:00,16:24:57,57.3,2026-06-14_02
278,14,Communication,With other gulper(s),13:15:42,13:17:53,131.5,2026-06-14_02
279,3,Equipment,Maneuvering,16:24:37,16:25:00,23,2026-06-14_02
279,10,Communication,With other gulper(s),13:15:45,13:15:57,12.4,2026-06-14_02
280,18,Fluidizing,Fetching water,16:24:57,16:25:19,21.3,2026-06-14_02
280,10,Rest,,13:15:57,13:16:05,7.1,2026-06-14_02
281,3,Fluidizing,Fetching water,16:25:00,16:29:37,276.7,2026-06-14_02
281,10,Superstructure,Inspection,13:16:05,13:17:30,85.3,2026-06-14_02
282,18,Fluidizing,Adding water,16:25:19,16:25:58,39,2026-06-14_02
282,10,Rest,,13:17:30,13:17:50,19.8,2026-06-14_02
283,11,Fluidizing,Adding water,16:25:31,16:26:27,56.1,2026-06-14_02
283,10,Superstructure,Inspection,13:17:50,13:18:07,17.3,2026-06-14_02
284,18,Rest,,16:25:58,16:29:51,233.7,2026-06-14_02
284,14,Fluidizing,Mixing,13:17:53,13:18:47,53.7,2026-06-14_02
285,11,Rest,,16:26:27,16:26:47,19.5,2026-06-14_02
285,12,Rest,,13:17:56,13:18:11,15.1,2026-06-14_02
286,11,Communication,With other gulper(s),16:26:47,16:27:49,61.8,2026-06-14_02
286,10,Rest,,13:18:07,13:18:52,44.9,2026-06-14_02
287,11,Communication,With other gulper(s),16:27:49,16:30:02,132.9,2026-06-14_02
287,12,Communication,With other gulper(s),13:18:11,13:18:35,23.6,2026-06-14_02
288,3,Rest,,16:29:37,16:30:46,69.4,2026-06-14_02
288,12,Rest,,13:18:35,13:19:21,46.4,2026-06-14_02
289,18,Fluidizing,Fetching water,16:29:51,16:30:07,15.5,2026-06-14_02
289,14,Extraction,Pulling out trash,13:18:47,13:20:52,124.4,2026-06-14_02
290,11,Fluidizing,Fetching water,16:30:02,16:30:14,12.8,2026-06-14_02
290,10,Extraction,Pulling out trash,13:18:52,13:19:58,66.4,2026-06-14_02
291,18,Rest,,16:30:07,16:32:06,119.6,2026-06-14_02
291,12,Communication,With other gulper(s),13:19:21,13:19:48,26.7,2026-06-14_02
292,11,Fluidizing,Adding water,16:30:14,16:33:37,202.7,2026-06-14_02
292,12,Rest,,13:19:48,13:20:16,28.4,2026-06-14_02
293,3,Communication,With other gulper(s),16:30:46,16:30:55,8.8,2026-06-14_02
293,10,Rest,,13:19:58,13:20:23,24.6,2026-06-14_02
294,3,Rest,,16:30:55,16:32:28,93.1,2026-06-14_02
294,12,Earthworks,Dig trench,13:20:16,13:21:21,64.5,2026-06-14_02
295,18,Extraction,Removing sludge,16:32:06,16:33:29,82.9,2026-06-14_02
295,10,Extraction,Pulling out trash,13:20:23,13:20:48,24.9,2026-06-14_02
296,3,Fluidizing,Fetching water,16:32:28,16:33:20,51.8,2026-06-14_02
296,10,Rest,,13:20:48,13:22:16,87.8,2026-06-14_02
297,3,Rest,,16:33:20,16:33:50,29.9,2026-06-14_02
297,14,Fluidizing,Mixing,13:20:52,13:21:25,33,2026-06-14_02
298,18,Rest,,16:33:29,16:34:08,38.8,2026-06-14_02
298,12,Communication,With other gulper(s),13:21:21,13:22:02,41.3,2026-06-14_02
299,11,Fluidizing,Fetching water,16:33:37,16:35:17,100,2026-06-14_02
299,14,Communication,With other gulper(s),13:21:25,13:21:56,31.7,2026-06-14_02
300,3,Extraction,Removing sludge,16:33:50,16:34:51,60.7,2026-06-14_02
300,14,Fluidizing,Mixing,13:21:56,13:22:09,12.4,2026-06-14_02
301,18,Extraction,Pulling out trash,16:34:08,16:35:25,77,2026-06-14_02
301,12,Rest,,13:22:02,13:22:32,29.5,2026-06-14_02
302,3,Rest,,16:34:51,16:35:33,42.3,2026-06-14_02
302,14,Extraction,Pulling out trash,13:22:09,13:22:21,12.5,2026-06-14_02
303,11,Fluidizing,Adding water,16:35:17,16:36:37,79.6,2026-06-14_02
303,10,Extraction,Pulling out trash,13:22:16,13:22:26,10,2026-06-14_02
304,18,Extraction,Removing sludge,16:35:25,16:36:48,83.4,2026-06-14_02
304,14,Fluidizing,Mixing,13:22:21,13:22:58,37.1,2026-06-14_02
305,3,Communication,With other gulper(s),16:35:33,16:36:08,34.9,2026-06-14_02
305,10,Rest,,13:22:26,13:23:01,35.2,2026-06-14_02
306,3,Fluidizing,Fetching water,16:36:08,16:38:10,122,2026-06-14_02
306,12,Earthworks,Dig trench,13:22:32,13:24:10,98.4,2026-06-14_02
307,11,Fluidizing,Fetching water,16:36:37,16:38:14,97,2026-06-14_02
307,14,Extraction,Pulling out trash,13:22:58,13:23:28,29.7,2026-06-14_02
308,18,Extraction,Pulling out trash,16:36:48,16:38:46,117.4,2026-06-14_02
308,10,Extraction,Pulling out trash,13:23:01,13:23:31,30.1,2026-06-14_02
309,3,Fluidizing,Adding water,16:38:10,16:39:30,80.5,2026-06-14_02
309,14,Fluidizing,Mixing,13:23:28,13:23:44,16.3,2026-06-14_02
310,11,Rest,,16:38:14,16:39:19,65.1,2026-06-14_02
310,10,Rest,,13:23:31,13:23:42,10.7,2026-06-14_02
311,1,Rest,,16:38:25,16:38:42,17.4,2026-06-14_02
311,10,Extraction,Pulling out trash,13:23:42,13:23:57,15.7,2026-06-14_02
312,1,Extraction,Removing sludge,16:38:42,16:43:21,278.5,2026-06-14_02
312,14,Extraction,Pulling out trash,13:23:44,13:23:54,9.5,2026-06-14_02
313,18,Rest,,16:38:46,16:41:57,191.4,2026-06-14_02
313,14,Fluidizing,Mixing,13:23:54,13:24:27,33.3,2026-06-14_02
314,11,Communication,With other gulper(s),16:39:19,16:43:14,235.2,2026-06-14_02
314,10,Rest,,13:23:57,13:24:32,34.4,2026-06-14_02
315,3,Communication,With other gulper(s),16:39:30,16:47:12,461.8,2026-06-14_02
315,12,Rest,,13:24:10,13:24:35,24.6,2026-06-14_02
316,18,Extraction,Removing sludge,16:41:57,16:50:30,512.3,2026-06-14_02
316,14,Extraction,Pulling out trash,13:24:27,13:25:10,43.2,2026-06-14_02
317,11,Fluidizing,Adding water,16:43:14,16:47:21,247,2026-06-14_02
317,10,Extraction,Pulling out trash,13:24:32,13:25:01,29.5,2026-06-14_02
318,1,Fluidizing,Mixing,16:43:21,16:48:38,316.8,2026-06-14_02
318,12,Communication,With other gulper(s),13:24:35,13:25:56,80.8,2026-06-14_02
319,3,Extraction,Pulling out trash,16:47:12,16:48:55,102.8,2026-06-14_02
319,10,Sludge handling,Container transport,13:25:01,13:25:48,47.1,2026-06-14_02
320,11,Fluidizing,Fetching water,16:47:21,16:50:47,206,2026-06-14_02
320,14,Superstructure,Inspection,13:25:10,13:25:51,40.7,2026-06-14_02
321,1,Communication,With other gulper(s),16:48:38,16:48:47,9.2,2026-06-14_02
321,10,Equipment,Cleaning,13:25:48,13:26:41,52.9,2026-06-14_02
322,1,Fluidizing,Mixing,16:48:47,16:55:41,413.7,2026-06-14_02
322,14,Equipment,Cleaning,13:25:51,13:26:38,46.8,2026-06-14_02
323,3,Fluidizing,Fetching water,16:48:55,16:51:30,155.1,2026-06-14_02
323,12,Rest,,13:25:56,13:26:34,38.2,2026-06-14_02
324,18,Extraction,Removing sludge,16:50:30,16:55:59,329.4,2026-06-14_02
324,12,Equipment,Maneuvering,13:26:34,13:26:53,18.9,2026-06-14_02
325,11,Fluidizing,Adding water,16:50:47,16:54:37,229.7,2026-06-14_02
325,14,Equipment,Maneuvering,13:26:38,13:26:58,19.9,2026-06-14_02
326,3,Rest,,16:51:30,16:54:32,182,2026-06-14_02
326,10,Rest,,13:26:41,13:27:48,66.6,2026-06-14_02
327,3,Extraction,Pulling out trash,16:54:32,16:57:16,163.5,2026-06-14_02
327,12,Communication,With other gulper(s),13:26:53,13:27:15,22.1,2026-06-14_02
328,11,Rest,,16:54:37,16:56:10,93.3,2026-06-14_02
328,14,Earthworks,Put hole in pit liner,13:26:58,13:31:58,299.9,2026-06-14_02
329,1,Rest,,16:55:41,16:56:48,67,2026-06-14_02
329,12,Rest,,13:27:15,13:27:44,28.7,2026-06-14_02
330,18,Fluidizing,Fetching water,16:55:59,16:57:22,83.1,2026-06-14_02
330,12,Communication,With other gulper(s),13:27:44,13:28:43,59.3,2026-06-14_02
331,11,Extraction,Pulling out trash,16:56:10,16:58:30,139.5,2026-06-14_02
331,10,Communication,With other gulper(s),13:27:48,13:28:46,58.3,2026-06-14_02
332,1,Communication,With other gulper(s),16:56:48,17:00:42,234.1,2026-06-14_02
332,12,Rest,,13:28:43,13:31:52,189.5,2026-06-14_02
333,3,Communication,With other gulper(s),16:57:16,16:58:33,77.3,2026-06-14_02
333,10,Rest,,13:28:46,13:32:03,196.9,2026-06-14_02
334,18,Communication,With other gulper(s),16:57:22,17:01:02,220,2026-06-14_02
334,12,Equipment,Maneuvering,13:31:52,13:32:55,62.7,2026-06-14_02
335,11,Rest,,16:58:30,16:59:31,61.9,2026-06-14_02
335,14,Communication,With other gulper(s),13:31:58,13:32:59,61.2,2026-06-14_02
336,3,Rest,,16:58:33,17:00:00,86.8,2026-06-14_02
336,10,Equipment,Maneuvering,13:32:03,13:32:15,12.3,2026-06-14_02
337,11,Equipment,Maneuvering,16:59:31,17:03:04,212.3,2026-06-14_02
337,10,Fluidizing,Fetching water,13:32:15,13:34:11,115.6,2026-06-14_02
338,3,Fluidizing,Fetching water,17:00:00,17:02:52,172,2026-06-14_02
338,12,Fluidizing,Mixing,13:32:55,13:33:32,37,2026-06-14_02
339,1,Rest,,17:00:42,17:01:20,38,2026-06-14_02
339,14,Rest,,13:32:59,13:33:38,39.2,2026-06-14_02
340,18,Fluidizing,Fetching water,17:01:02,17:14:37,814.4,2026-06-14_02
340,12,Fluidizing,Adding water,13:33:32,13:33:44,11.9,2026-06-14_02
341,1,Fluidizing,Mixing,17:01:20,17:04:10,170.1,2026-06-14_02
341,14,Superstructure,Inspection,13:33:38,13:34:23,45.1,2026-06-14_02
342,3,Fluidizing,Adding water,17:02:52,17:04:20,88.1,2026-06-14_02
342,12,Fluidizing,Mixing,13:33:44,13:34:37,53.4,2026-06-14_02
343,11,Rest,,17:03:04,17:03:25,21.3,2026-06-14_02
343,10,Fluidizing,Adding water,13:34:11,13:34:16,5.3,2026-06-14_02
344,11,Fluidizing,Fetching water,17:03:25,17:04:51,86.3,2026-06-14_02
344,10,Fluidizing,Fetching water,13:34:16,13:45:23,667,2026-06-14_02
345,1,Superstructure,Cleaning,17:04:10,17:06:31,140.7,2026-06-14_02
345,14,Communication,With other gulper(s),13:34:23,13:34:30,6.4,2026-06-14_02
346,3,Superstructure,Cleaning,17:04:20,17:05:26,66.2,2026-06-14_02
346,14,Fluidizing,Mixing,13:34:30,13:35:32,62,2026-06-14_02
347,11,Rest,,17:04:51,17:09:53,301.6,2026-06-14_02
347,12,Communication,With other gulper(s),13:34:37,13:34:42,4.7,2026-06-14_02
348,3,Earthworks,Repair pit liner,17:05:26,17:14:21,535.3,2026-06-14_02
348,12,Rest,,13:34:42,13:35:03,21.1,2026-06-14_02
349,1,Communication,With other gulper(s),17:06:31,17:08:09,98.9,2026-06-14_02
349,12,Communication,With other gulper(s),13:35:03,13:35:10,6.7,2026-06-14_02
350,1,Extraction,Removing sludge,17:08:09,17:14:05,356.1,2026-06-14_02
350,12,Fluidizing,Adding water,13:35:10,13:35:36,26,2026-06-14_02
351,11,Earthworks,Repair pit liner,17:09:53,17:10:01,7.6,2026-06-14_02
351,14,Extraction,Pulling out trash,13:35:32,13:36:10,38.1,2026-06-14_02
352,11,Superstructure,Repair,17:10:01,17:16:04,363.8,2026-06-14_02
352,12,Extraction,Pulling out trash,13:35:36,13:36:15,39.1,2026-06-14_02
353,1,Superstructure,Repair,17:14:05,17:15:10,64.5,2026-06-14_02
353,14,Fluidizing,Mixing,13:36:10,13:36:51,41.3,2026-06-14_02
354,3,Earthworks,Fill trench,17:14:21,17:47:58,2016.5,2026-06-14_02
354,12,Rest,,13:36:15,13:36:54,38.9,2026-06-14_02
355,18,Earthworks,Fill trench,17:14:37,17:17:10,153.7,2026-06-14_02
355,14,Extraction,Pulling out trash,13:36:51,13:37:04,12.9,2026-06-14_02
356,1,Earthworks,Fill trench,17:15:10,17:17:19,129,2026-06-14_02
356,12,Extraction,Pulling out trash,13:36:54,13:37:10,15.8,2026-06-14_02
357,11,Earthworks,Fill trench,17:16:04,17:17:34,90,2026-06-14_02
357,14,Fluidizing,Mixing,13:37:04,13:37:36,32.5,2026-06-14_02
358,18,Rest,,17:17:10,17:17:38,28,2026-06-14_02
358,12,Communication,With other gulper(s),13:37:10,13:37:13,3.4,2026-06-14_02
359,1,Communication,With other gulper(s),17:17:19,17:17:29,10.4,2026-06-14_02
359,12,Rest,,13:37:13,13:37:33,20.1,2026-06-14_02
360,1,Earthworks,Fill trench,17:17:29,17:19:25,115.3,2026-06-14_02
360,12,Extraction,Pulling out trash,13:37:33,13:38:05,32,2026-06-14_02
361,11,Rest,,17:17:34,17:18:30,55.7,2026-06-14_02
361,14,Extraction,Pulling out trash,13:37:36,13:38:00,23.2,2026-06-14_02
362,18,Communication,With other gulper(s),17:17:38,17:17:55,16.9,2026-06-14_02
362,14,Fluidizing,Mixing,13:38:00,13:38:12,12,2026-06-14_02
363,18,Rest,,17:17:55,17:18:01,6.1,2026-06-14_02
363,12,Rest,,13:38:05,13:38:14,9.2,2026-06-14_02
364,18,Fluidizing,Fetching water,17:18:01,17:19:42,100.6,2026-06-14_02
364,14,Extraction,Pulling out trash,13:38:12,13:38:35,23.6,2026-06-14_02
365,11,Earthworks,Fill trench,17:18:30,17:20:46,136,2026-06-14_02
365,12,Extraction,Pulling out trash,13:38:14,13:38:42,28.3,2026-06-14_02
366,1,Communication,With other gulper(s),17:19:25,17:20:04,39.2,2026-06-14_02
366,14,Fluidizing,Mixing,13:38:35,13:39:57,81.8,2026-06-14_02
367,18,Communication,With other gulper(s),17:19:42,17:20:12,30.4,2026-06-14_02
367,12,Communication,With other gulper(s),13:38:42,13:38:52,9.6,2026-06-14_02
368,1,Rest,,17:20:04,17:23:21,197,2026-06-14_02
368,12,Extraction,Pulling out trash,13:38:52,13:38:57,5.3,2026-06-14_02
369,18,Rest,,17:20:12,17:22:15,122.5,2026-06-14_02
369,12,Rest,,13:38:57,13:39:54,56.8,2026-06-14_02
370,11,Rest,,17:20:46,17:23:34,167.5,2026-06-14_02
370,12,Extraction,Pulling out trash,13:39:54,13:40:20,26.1,2026-06-14_02
371,18,Earthworks,Fill trench,17:22:15,17:23:13,58.4,2026-06-14_02
371,14,Extraction,Pulling out trash,13:39:57,13:40:23,26,2026-06-14_02
372,18,Communication,With other gulper(s),17:23:13,17:23:41,27.7,2026-06-14_02
372,12,Rest,,13:40:20,13:40:43,22.6,2026-06-14_02
373,1,Earthworks,Fill trench,17:23:21,17:23:47,25.7,2026-06-14_02
373,14,Fluidizing,Mixing,13:40:23,13:40:46,23.1,2026-06-14_02
374,11,Earthworks,Fill trench,17:23:34,17:30:31,417.6,2026-06-14_02
374,12,Extraction,Pulling out trash,13:40:43,13:41:17,34.4,2026-06-14_02
375,18,Equipment,Maneuvering,17:23:41,17:23:57,16.5,2026-06-14_02
375,14,Extraction,Pulling out trash,13:40:46,13:41:08,22.1,2026-06-14_02
376,1,Rest,,17:23:47,17:24:27,40.9,2026-06-14_02
376,14,Fluidizing,Mixing,13:41:08,13:41:20,11.8,2026-06-14_02
377,18,Rest,,17:23:57,17:25:48,110.7,2026-06-14_02
377,12,Communication,With other gulper(s),13:41:17,13:41:44,26.3,2026-06-14_02
378,1,Equipment,Maneuvering,17:24:27,17:25:25,57.3,2026-06-14_02
378,14,Communication,With other gulper(s),13:41:20,13:41:26,5.9,2026-06-14_02
379,1,Extraction,Removing sludge,17:25:25,17:25:35,10.4,2026-06-14_02
379,14,Fluidizing,Mixing,13:41:26,13:41:40,14.7,2026-06-14_02
380,1,Sludge handling,Filling containers,17:25:35,17:29:23,227.8,2026-06-14_02
380,14,Extraction,Pulling out trash,13:41:40,13:42:26,45.7,2026-06-14_02
381,18,Equipment,Maneuvering,17:25:48,17:29:40,231.6,2026-06-14_02
381,12,Extraction,Pulling out trash,13:41:44,13:42:24,40.3,2026-06-14_02
382,1,Earthworks,Fill trench,17:29:23,17:30:44,80.9,2026-06-14_02
382,12,Communication,With other gulper(s),13:42:24,13:42:48,24.3,2026-06-14_02
383,18,Sludge handling,Container transport,17:29:40,17:30:19,39.8,2026-06-14_02
383,14,Fluidizing,Mixing,13:42:26,13:42:44,17.6,2026-06-14_02
384,18,Earthworks,Fill trench,17:30:19,17:32:54,154.5,2026-06-14_02
384,14,Extraction,Pulling out trash,13:42:44,13:43:10,25.9,2026-06-14_02
385,11,Rest,,17:30:31,17:31:02,31,2026-06-14_02
385,12,Extraction,Pulling out trash,13:42:48,13:43:03,14.6,2026-06-14_02
386,1,Rest,,17:30:44,17:31:54,70.6,2026-06-14_02
386,12,Rest,,13:43:03,13:43:06,2.8,2026-06-14_02
387,11,Earthworks,Fill trench,17:31:02,17:34:43,221.1,2026-06-14_02
387,12,Communication,With client(s),13:43:06,13:43:20,14.7,2026-06-14_02
388,1,Communication,With other gulper(s),17:31:54,17:32:48,53.8,2026-06-14_02
388,14,Fluidizing,Mixing,13:43:10,13:43:29,19.3,2026-06-14_02
389,1,Earthworks,Dig trench,17:32:48,17:36:15,206.4,2026-06-14_02
389,12,Rest,,13:43:20,13:43:32,11.2,2026-06-14_02
390,18,Earthworks,Dig trench,17:32:54,17:33:17,23,2026-06-14_02
390,14,Extraction,Pulling out trash,13:43:29,13:43:56,26.8,2026-06-14_02
391,18,Equipment,Maneuvering,17:33:17,17:33:26,9.6,2026-06-14_02
391,12,Extraction,Pulling out trash,13:43:32,13:43:58,26.2,2026-06-14_02
392,18,Equipment,Repairing,17:33:26,17:33:35,9,2026-06-14_02
392,14,Fluidizing,Mixing,13:43:56,13:44:19,23,2026-06-14_02
393,18,Earthworks,Dig trench,17:33:35,17:34:21,45.6,2026-06-14_02
393,12,Communication,With other gulper(s),13:43:58,13:44:59,61.2,2026-06-14_02
394,18,Rest,,17:34:21,17:34:38,16.7,2026-06-14_02
394,14,Extraction,Pulling out trash,13:44:19,13:44:23,4.4,2026-06-14_02
395,18,Earthworks,Dig trench,17:34:38,17:36:34,116,2026-06-14_02
395,14,Fluidizing,Mixing,13:44:23,13:44:35,12.2,2026-06-14_02
396,11,Rest,,17:34:43,17:36:00,77.1,2026-06-14_02
396,14,Extraction,Pulling out trash,13:44:35,13:44:45,10.1,2026-06-14_02
397,11,Sludge handling,Container transport,17:36:00,17:38:32,151.8,2026-06-14_02
397,14,Fluidizing,Mixing,13:44:45,13:45:04,18.4,2026-06-14_02
398,1,Travel,On errand,17:36:15,17:36:29,14.6,2026-06-14_02
398,12,Rest,,13:44:59,13:45:54,55.4,2026-06-14_02
399,1,Earthworks,Dig trench,17:36:29,17:45:27,537.6,2026-06-14_02
399,14,Extraction,Pulling out trash,13:45:04,13:45:14,10.5,2026-06-14_02
400,18,Rest,,17:36:34,17:37:22,48,2026-06-14_02
400,14,Fluidizing,Mixing,13:45:14,13:45:29,15.1,2026-06-14_02
401,18,Earthworks,Fill trench,17:37:22,17:38:24,62,2026-06-14_02
401,10,Equipment,Maneuvering,13:45:23,13:46:28,64.7,2026-06-14_02
402,18,Rest,,17:38:24,17:39:04,40.7,2026-06-14_02
402,14,Extraction,Pulling out trash,13:45:29,13:46:38,68.7,2026-06-14_02
403,11,Rest,,17:38:32,17:41:29,177.3,2026-06-14_02
403,12,Travel,On errand,13:45:54,13:46:18,23.9,2026-06-14_02
404,18,Earthworks,Fill trench,17:39:04,17:40:39,94.3,2026-06-14_02
404,12,Equipment,Maneuvering,13:46:18,13:47:35,77.1,2026-06-14_02
405,18,Rest,,17:40:39,17:41:38,59.4,2026-06-14_02
405,10,Sludge handling,Container transport,13:46:28,13:47:18,50.5,2026-06-14_02
406,11,Earthworks,Fill trench,17:41:29,17:42:37,67.9,2026-06-14_02
406,14,Fluidizing,Mixing,13:46:38,13:47:23,45.2,2026-06-14_02
407,18,Earthworks,Fill trench,17:41:38,17:45:54,255.5,2026-06-14_02
407,10,Rest,,13:47:18,13:47:48,29.8,2026-06-14_02
408,11,Extraction,Pulling out trash,17:42:37,17:47:52,314.4,2026-06-14_02
408,14,Communication,With other gulper(s),13:47:23,13:47:41,17.9,2026-06-14_02
409,1,Earthworks,Fill trench,17:45:27,17:46:34,67.4,2026-06-14_02
409,12,Earthworks,Fill trench,13:47:35,13:48:07,31.7,2026-06-14_02
410,18,Rest,,17:45:54,17:48:28,154,2026-06-14_02
410,14,Earthworks,Fill trench,13:47:41,13:48:01,19.6,2026-06-14_02
411,1,Rest,,17:46:34,17:46:41,6.4,2026-06-14_02
411,10,Communication,With other gulper(s),13:47:48,13:48:09,21.3,2026-06-14_02
412,1,Earthworks,Fill trench,17:46:41,17:49:27,166.3,2026-06-14_02
412,14,Earthworks,Put hole in pit liner,13:48:01,13:52:32,270.9,2026-06-14_02
413,11,Rest,,17:47:52,17:49:39,106.9,2026-06-14_02
413,12,Rest,,13:48:07,13:49:49,101.6,2026-06-14_02
414,3,Rest,,17:47:58,17:48:09,11.5,2026-06-14_02
414,10,Rest,,13:48:09,13:49:51,101.9,2026-06-14_02
415,3,Earthworks,Fill trench,17:48:09,17:54:03,353.8,2026-06-14_02
415,12,Communication,With other gulper(s),13:49:49,13:49:59,10.2,2026-06-14_02
416,18,Superstructure,Modification,17:48:28,17:49:10,42.6,2026-06-14_02
416,10,Equipment,Maneuvering,13:49:51,13:50:25,33.3,2026-06-14_02
417,18,Rest,,17:49:10,17:51:34,143.8,2026-06-14_02
417,12,Rest,,13:49:59,13:50:35,35.9,2026-06-14_02
418,1,Communication,With other gulper(s),17:49:27,17:49:34,6.5,2026-06-14_02
418,10,Fluidizing,Mixing,13:50:25,13:55:01,276.6,2026-06-14_02
419,1,Earthworks,Fill trench,17:49:34,17:50:38,64.9,2026-06-14_02
419,12,Communication,With other gulper(s),13:50:35,13:52:08,93.4,2026-06-14_02
420,11,Rest,,17:49:39,17:51:04,85.2,2026-06-14_02
420,12,Fluidizing,Adding water,13:52:08,13:52:12,4.1,2026-06-14_02
421,1,Travel,On errand,17:50:38,17:50:44,6.1,2026-06-14_02
421,12,Fluidizing,Fetching water,13:52:12,13:52:42,30.1,2026-06-14_02
422,1,Earthworks,Fill trench,17:50:44,18:02:13,688.2,2026-06-14_02
422,14,Extraction,Removing sludge,13:52:32,13:56:46,254.5,2026-06-14_02
423,11,Rest,,17:51:04,17:52:17,73.1,2026-06-14_02
423,12,Fluidizing,Adding water,13:52:42,13:52:46,4.2,2026-06-14_02
424,18,Earthworks,Fill trench,17:51:34,17:52:51,76.6,2026-06-14_02
424,12,Communication,With other gulper(s),13:52:46,13:53:32,45.3,2026-06-14_02
425,11,Earthworks,Fill trench,17:52:17,17:54:27,130.1,2026-06-14_02
425,12,Rest,,13:53:32,13:53:48,16.1,2026-06-14_02
426,18,Earthworks,Fill trench,17:52:51,17:52:57,6.6,2026-06-14_02
426,12,Communication,With other gulper(s),13:53:48,13:56:00,132.6,2026-06-14_02
427,18,Rest,,17:52:57,17:53:38,40.3,2026-06-14_02
427,10,Rest,,13:55:01,13:55:09,8.2,2026-06-14_02
428,18,Earthworks,Fill trench,17:53:38,17:54:09,31.6,2026-06-14_02
428,10,Fluidizing,Mixing,13:55:09,13:59:09,239.2,2026-06-14_02
429,3,Rest,,17:54:03,17:54:34,31.4,2026-06-14_02
429,12,Superstructure,Inspection,13:56:00,13:56:09,8.3,2026-06-14_02
430,18,Rest,,17:54:09,17:56:02,112.8,2026-06-14_02
430,12,Communication,With other gulper(s),13:56:09,13:59:05,176.6,2026-06-14_02
431,11,Rest,,17:54:27,17:55:34,66.7,2026-06-14_02
431,14,Communication,With other gulper(s),13:56:46,13:58:26,100.2,2026-06-14_02
432,3,Earthworks,Fill trench,17:54:34,17:55:18,44.1,2026-06-14_02
432,14,Extraction,Removing sludge,13:58:26,14:03:38,311.6,2026-06-14_02
433,3,Rest,,17:55:18,17:56:43,84.5,2026-06-14_02
433,12,Fluidizing,Mixing,13:59:05,14:00:28,82.7,2026-06-14_02
434,11,Earthworks,Fill trench,17:55:34,17:57:26,112.4,2026-06-14_02
434,10,Rest,,13:59:09,13:59:34,26,2026-06-14_02
435,18,Earthworks,Fill trench,17:56:02,18:10:31,869.1,2026-06-14_02
435,10,Communication,With other gulper(s),13:59:34,14:00:01,26.4,2026-06-14_02
436,3,Earthworks,Fill trench,17:56:43,18:09:45,781.6,2026-06-14_02
436,10,Rest,,14:00:01,14:00:25,24.2,2026-06-14_02
437,11,Travel,On errand,17:57:26,17:57:48,21.4,2026-06-14_02
437,10,Extraction,Pulling out trash,14:00:25,14:01:33,68.3,2026-06-14_02
438,11,Rest,,17:57:48,18:02:07,259.8,2026-06-14_02
438,12,Extraction,Pulling out trash,14:00:28,14:00:37,8.8,2026-06-14_02
439,11,Communication,With other gulper(s),18:02:07,18:06:09,241.8,2026-06-14_02
439,12,Fluidizing,Mixing,14:00:37,14:00:49,12.6,2026-06-14_02
440,1,Communication,With other gulper(s),18:02:13,18:06:02,229.4,2026-06-14_02
440,12,Extraction,Pulling out trash,14:00:49,14:01:30,40.9,2026-06-14_02
441,1,Earthworks,Fill trench,18:06:02,18:10:21,259.5,2026-06-14_02
441,12,Fluidizing,Mixing,14:01:30,14:01:43,13,2026-06-14_02
442,11,Earthworks,Fill trench,18:06:09,18:09:18,188.6,2026-06-14_02
442,10,Rest,,14:01:33,14:03:08,95.1,2026-06-14_02
443,11,Superstructure,Cleaning,18:09:18,18:12:24,186.6,2026-06-14_02
443,12,Extraction,Pulling out trash,14:01:43,14:03:20,96.9,2026-06-14_02
444,3,Fluidizing,Fetching water,18:09:45,18:12:29,164.7,2026-06-14_02
444,10,Extraction,Pulling out trash,14:03:08,14:06:41,212.7,2026-06-14_02
445,1,Superstructure,Repair,18:10:21,18:12:08,106.2,2026-06-14_02
445,12,Fluidizing,Mixing,14:03:20,14:03:42,22,2026-06-14_02
446,18,Superstructure,Repair,18:10:31,18:11:22,51.4,2026-06-14_02
446,14,Communication,With other gulper(s),14:03:38,14:04:11,33.2,2026-06-14_02
447,18,Sludge handling,Container transport,18:11:22,18:12:18,55.4,2026-06-14_02
447,12,Extraction,Pulling out trash,14:03:42,14:05:51,128.6,2026-06-14_02
448,1,Equipment,Cleaning,18:12:08,18:13:08,60.2,2026-06-14_02
448,14,Equipment,Maneuvering,14:04:11,14:04:15,4,2026-06-14_02
449,18,Equipment,Cleaning,18:12:18,18:14:25,127.5,2026-06-14_02
449,14,Communication,With other gulper(s),14:04:15,14:07:30,194.4,2026-06-14_02
450,1,Rest,,18:13:08,18:13:15,6.9,2026-06-14_02
450,12,Fluidizing,Mixing,14:05:51,14:06:47,56.1,2026-06-14_02
451,1,Communication,With other gulper(s),18:13:15,18:13:36,21.3,2026-06-14_02
451,10,Sludge handling,Container transport,14:06:41,14:07:33,51.8,2026-06-14_02
452,11,Equipment,Cleaning,19:43:28,19:48:09,280.6,2026-06-14_02
452,12,Equipment,Maneuvering,14:06:47,14:06:53,6.5,2026-06-14_02
453,3,Equipment,Cleaning,19:43:34,19:48:09,274.2,2026-06-14_02
453,12,Fluidizing,Fetching water,14:06:53,14:07:22,28.2,2026-06-14_02
454,1,Equipment,Cleaning,19:44:42,19:48:09,206.4,2026-06-14_02
454,12,Fluidizing,Adding water,14:07:22,14:07:41,19.9,2026-06-14_02
455,18,Communication,With other gulper(s),19:45:29,19:48:09,159.2,2026-06-14_02
455,14,Sludge handling,Container transport,14:07:30,14:07:37,7.3,2026-06-14_02
456,10,Equipment,Maneuvering,14:07:33,14:07:52,18.7,2026-06-14_02
457,14,Equipment,Maneuvering,14:07:37,14:07:48,11.2,2026-06-14_02
458,12,Fluidizing,Fetching water,14:07:41,14:08:04,22.3,2026-06-14_02
459,14,Extraction,Removing sludge,14:07:48,14:13:56,367.6,2026-06-14_02
460,10,Rest,,14:07:52,14:12:18,266.3,2026-06-14_02
461,12,Fluidizing,Adding water,14:08:04,14:08:45,41.3,2026-06-14_02
462,12,Communication,With other gulper(s),14:08:45,14:08:49,4,2026-06-14_02
463,12,Fluidizing,Mixing,14:08:49,14:12:22,213.4,2026-06-14_02
464,10,Extraction,Pulling out trash,14:12:18,14:14:03,104.6,2026-06-14_02
465,12,Extraction,Pulling out trash,14:12:22,14:14:00,98.1,2026-06-14_02
466,14,Rest,,14:13:56,14:15:56,119.9,2026-06-14_02
467,12,Fluidizing,Mixing,14:14:00,14:14:14,14,2026-06-14_02
468,10,Rest,,14:14:03,14:14:05,2.6,2026-06-14_02
469,10,Communication,With other gulper(s),14:14:05,14:14:17,12.1,2026-06-14_02
470,12,Extraction,Pulling out trash,14:14:14,14:15:53,98.7,2026-06-14_02
471,10,Extraction,Pulling out trash,14:14:17,14:15:51,93.4,2026-06-14_02
472,10,Rest,,14:15:51,14:16:06,15.2,2026-06-14_02
473,12,Fluidizing,Mixing,14:15:53,14:16:03,9.6,2026-06-14_02
474,14,Communication,With other gulper(s),14:15:56,14:18:51,175.9,2026-06-14_02
475,12,Extraction,Pulling out trash,14:16:03,14:17:55,112.7,2026-06-14_02
476,10,Extraction,Pulling out trash,14:16:06,14:17:01,55.4,2026-06-14_02
477,10,Rest,,14:17:01,14:17:06,5.1,2026-06-14_02
478,10,Extraction,Pulling out trash,14:17:06,14:17:52,45.4,2026-06-14_02
479,10,Rest,,14:17:52,14:18:09,17.4,2026-06-14_02
480,12,Fluidizing,Mixing,14:17:55,14:18:19,23.7,2026-06-14_02
481,10,Communication,With other gulper(s),14:18:09,14:18:27,18.2,2026-06-14_02
482,12,Communication,With other gulper(s),14:18:19,14:19:21,62.2,2026-06-14_02
483,10,Equipment,Maneuvering,14:18:27,14:18:56,28.3,2026-06-14_02
484,14,Extraction,Pulling out trash,14:18:51,14:19:08,16.8,2026-06-14_02
485,10,Sludge handling,Container transport,14:18:56,14:19:15,19.8,2026-06-14_02
486,14,Fluidizing,Mixing,14:19:08,14:21:45,156.8,2026-06-14_02
487,10,Communication,With other gulper(s),14:19:15,14:19:31,15.6,2026-06-14_02
488,12,Rest,,14:19:21,14:19:27,6.1,2026-06-14_02
489,12,Communication,With other gulper(s),14:19:27,14:20:03,36.2,2026-06-14_02
490,10,Rest,,14:19:31,14:24:59,327.8,2026-06-14_02
491,12,Extraction,Removing sludge,14:20:03,14:20:52,49,2026-06-14_02
492,12,Communication,With other gulper(s),14:20:52,14:21:34,41.6,2026-06-14_02
493,12,Equipment,Maneuvering,14:21:34,14:28:21,407,2026-06-14_02
494,14,Rest,,14:21:45,14:23:37,112,2026-06-14_02
495,14,Fluidizing,Mixing,14:23:37,14:25:40,122.5,2026-06-14_02
496,10,Equipment,Maneuvering,14:24:59,14:25:09,10.1,2026-06-14_02
497,10,Rest,,14:25:09,14:25:36,27.3,2026-06-14_02
498,10,Extraction,Pulling out trash,14:25:36,14:27:39,122.2,2026-06-14_02
499,14,Extraction,Pulling out trash,14:25:40,14:27:42,122.7,2026-06-14_02
500,10,Communication,With other gulper(s),14:27:39,14:27:51,12.6,2026-06-14_02
501,14,Fluidizing,Mixing,14:27:42,14:28:00,17.2,2026-06-14_02
502,10,Extraction,Pulling out trash,14:27:51,14:28:26,34.7,2026-06-14_02
503,14,Communication,With other gulper(s),14:28:00,14:28:12,12.8,2026-06-14_02
504,14,Fluidizing,Mixing,14:28:12,14:28:51,38.5,2026-06-14_02
505,12,Communication,With other gulper(s),14:28:21,14:29:04,42.6,2026-06-14_02
506,10,Equipment,Maneuvering,14:28:26,14:28:30,4.4,2026-06-14_02
507,10,Sludge handling,Container transport,14:28:30,14:28:47,16.8,2026-06-14_02
508,10,Equipment,Maneuvering,14:28:47,14:29:19,31.8,2026-06-14_02
509,14,Communication,With other gulper(s),14:28:51,14:29:38,46.7,2026-06-14_02
510,12,Equipment,Maneuvering,14:29:04,14:29:30,26.4,2026-06-14_02
511,10,Communication,With other gulper(s),14:29:19,14:30:08,49.5,2026-06-14_02
512,12,Communication,With other gulper(s),14:29:30,14:30:20,49.4,2026-06-14_02
513,14,Equipment,Repairing,14:29:38,14:31:19,101.1,2026-06-14_02
514,10,Rest,,14:30:08,14:31:51,102.8,2026-06-14_02
515,12,Rest,,14:30:20,14:30:29,9.5,2026-06-14_02
516,12,Equipment,Maneuvering,14:30:29,14:31:21,52.4,2026-06-14_02
517,14,Fluidizing,Mixing,14:31:19,14:31:54,34.8,2026-06-14_02
518,12,Rest,,14:31:21,14:32:02,41,2026-06-14_02
519,10,Extraction,Pulling out trash,14:31:51,14:35:30,218.4,2026-06-14_02
520,14,Extraction,Pulling out trash,14:31:54,14:35:39,225.5,2026-06-14_02
521,12,Equipment,Maneuvering,14:32:02,14:32:09,6.1,2026-06-14_02
522,12,Superstructure,Inspection,14:32:09,14:32:41,32.8,2026-06-14_02
523,12,Communication,With other gulper(s),14:32:41,14:32:47,6.1,2026-06-14_02
524,12,Rest,,14:32:47,14:33:10,22.4,2026-06-14_02
525,12,Communication,With other gulper(s),14:33:10,14:34:03,53.1,2026-06-14_02
526,12,Rest,,14:34:03,14:34:14,11.3,2026-06-14_02
527,12,Communication,With other gulper(s),14:34:14,14:34:19,4.6,2026-06-14_02
528,12,Equipment,Maneuvering,14:34:19,14:34:33,14.6,2026-06-14_02
529,12,Rest,,14:34:33,14:35:26,52.8,2026-06-14_02
530,12,Equipment,Maneuvering,14:35:26,14:35:35,9.3,2026-06-14_02
531,10,Sludge handling,Container transport,14:35:30,14:35:50,20.9,2026-06-14_02
532,12,Fluidizing,Fetching water,14:35:35,14:36:02,26.1,2026-06-14_02
533,14,Fluidizing,Mixing,14:35:39,14:37:13,94.4,2026-06-14_02
534,10,Equipment,Maneuvering,14:35:50,14:36:34,43.7,2026-06-14_02
535,12,Fluidizing,Adding water,14:36:02,14:36:30,28.9,2026-06-14_02
536,12,Fluidizing,Fetching water,14:36:30,14:36:43,12.3,2026-06-14_02
537,10,Rest,,14:36:34,14:37:18,44.4,2026-06-14_02
538,12,Superstructure,Cleaning,14:36:43,14:37:10,26.7,2026-06-14_02
539,12,Fluidizing,Fetching water,14:37:10,14:37:35,25.1,2026-06-14_02
540,14,Communication,With other gulper(s),14:37:13,14:37:53,39.8,2026-06-14_02
541,10,Sludge handling,Container transport,14:37:18,14:37:22,3.9,2026-06-14_02
542,10,Fluidizing,Fetching water,14:37:22,14:37:30,8.1,2026-06-14_02
543,10,Rest,,14:37:30,14:38:03,32.7,2026-06-14_02
544,12,Fluidizing,Adding water,14:37:35,14:37:38,3.7,2026-06-14_02
545,12,Superstructure,Cleaning,14:37:38,14:38:08,29.8,2026-06-14_02
546,14,Fluidizing,Mixing,14:37:53,14:40:50,176.9,2026-06-14_02
547,10,Equipment,Maneuvering,14:38:03,14:39:31,88.4,2026-06-14_02
548,12,Rest,,14:38:08,14:39:28,79.6,2026-06-14_02
549,12,Communication,With other gulper(s),14:39:28,14:39:55,27.2,2026-06-14_02
550,10,Rest,,14:39:31,14:40:17,45.9,2026-06-14_02
551,12,Rest,,14:39:55,14:40:08,13.2,2026-06-14_02
552,12,Fluidizing,Adding water,14:40:08,14:40:25,16.9,2026-06-14_02
553,10,Superstructure,Inspection,14:40:17,14:40:44,26.4,2026-06-14_02
554,12,Equipment,Maneuvering,14:40:25,14:40:47,22,2026-06-14_02
555,10,Extraction,Pulling out trash,14:40:44,14:41:01,17.2,2026-06-14_02
556,12,Extraction,Pulling out trash,14:40:47,14:40:58,11.5,2026-06-14_02
557,14,Extraction,Pulling out trash,14:40:50,14:40:54,4.3,2026-06-14_02
558,14,Fluidizing,Mixing,14:40:54,14:41:34,39.8,2026-06-14_02
559,12,Rest,,14:40:58,14:41:28,29.9,2026-06-14_02
560,10,Rest,,14:41:01,14:43:47,166.1,2026-06-14_02
561,12,Extraction,Pulling out trash,14:41:28,14:41:58,29.2,2026-06-14_02
562,14,Extraction,Pulling out trash,14:41:34,14:42:00,25.4,2026-06-14_02
563,12,Fluidizing,Mixing,14:41:58,14:42:33,35.3,2026-06-14_02
564,14,Rest,,14:42:00,14:42:36,36.3,2026-06-14_02
565,12,Extraction,Pulling out trash,14:42:33,14:42:42,9,2026-06-14_02
566,14,Extraction,Pulling out trash,14:42:36,14:42:55,18.5,2026-06-14_02
567,12,Rest,,14:42:42,14:43:02,20.4,2026-06-14_02
568,14,Fluidizing,Mixing,14:42:55,14:43:06,11.7,2026-06-14_02
569,12,Extraction,Pulling out trash,14:43:02,14:43:59,56.3,2026-06-14_02
570,14,Extraction,Pulling out trash,14:43:06,14:43:56,50,2026-06-14_02
571,10,Fluidizing,Fetching water,14:43:47,14:55:15,688.1,2026-06-14_02
572,14,Fluidizing,Mixing,14:43:56,14:44:16,20.3,2026-06-14_02
573,12,Rest,,14:43:59,14:44:04,5.8,2026-06-14_02
574,12,Communication,With other gulper(s),14:44:04,14:44:54,49.4,2026-06-14_02
575,14,Communication,With other gulper(s),14:44:16,14:44:35,18.7,2026-06-14_02
576,14,Fluidizing,Mixing,14:44:35,14:44:50,14.8,2026-06-14_02
577,14,Extraction,Pulling out trash,14:44:50,14:45:29,39.4,2026-06-14_02
578,12,Extraction,Pulling out trash,14:44:54,14:45:32,38.3,2026-06-14_02
579,14,Fluidizing,Mixing,14:45:29,14:45:45,15.8,2026-06-14_02
580,12,Rest,,14:45:32,14:45:38,6.1,2026-06-14_02
581,12,Equipment,Maneuvering,14:45:38,14:45:55,16.9,2026-06-14_02
582,14,Equipment,Maneuvering,14:45:45,14:45:51,6.1,2026-06-14_02
583,14,Extraction,Pulling out trash,14:45:51,14:48:36,164.3,2026-06-14_02
584,12,Rest,,14:45:55,14:46:03,8.3,2026-06-14_02
585,12,Extraction,Pulling out trash,14:46:03,14:46:26,23.1,2026-06-14_02
586,12,Rest,,14:46:26,14:46:34,7.9,2026-06-14_02
587,12,Extraction,Pulling out trash,14:46:34,14:47:15,41.1,2026-06-14_02
588,12,Rest,,14:47:15,14:47:28,12.3,2026-06-14_02
589,12,Extraction,Pulling out trash,14:47:28,14:47:37,9.7,2026-06-14_02
590,12,Rest,,14:47:37,14:49:10,92.9,2026-06-14_02
591,14,Extraction,Removing sludge,14:48:36,14:50:59,143.3,2026-06-14_02
592,12,Fluidizing,Mixing,14:49:10,14:51:02,111.5,2026-06-14_02
593,14,Equipment,Maneuvering,14:50:59,14:51:13,13.9,2026-06-14_02
594,12,Equipment,Maneuvering,14:51:02,14:51:07,5.4,2026-06-14_02
595,12,Extraction,Pulling out trash,14:51:07,14:51:23,15.6,2026-06-14_02
596,14,Communication,With other gulper(s),14:51:13,14:51:17,4.6,2026-06-14_02
597,14,Equipment,Maneuvering,14:51:17,14:51:38,20.5,2026-06-14_02
598,12,Fluidizing,Mixing,14:51:23,14:51:28,5.7,2026-06-14_02
599,12,Extraction,Pulling out trash,14:51:28,14:53:08,99.3,2026-06-14_02
600,14,Extraction,Removing sludge,14:51:38,14:53:34,116.3,2026-06-14_02
601,12,Fluidizing,Mixing,14:53:08,14:54:40,92.3,2026-06-14_02
602,14,Equipment,Maneuvering,14:53:34,14:53:43,8.2,2026-06-14_02
603,14,Communication,With other gulper(s),14:53:43,14:54:27,44.1,2026-06-14_02
604,14,Rest,,14:54:27,14:56:21,114.8,2026-06-14_02
605,12,Rest,,14:54:40,14:56:32,112,2026-06-14_02
606,10,Rest,,14:55:15,14:57:07,112.4,2026-06-14_02
607,14,Fluidizing,Mixing,14:56:21,14:57:03,41.6,2026-06-14_02
608,12,Communication,With other gulper(s),14:56:32,14:59:29,176.8,2026-06-14_02
609,14,Communication,With other gulper(s),14:57:03,14:57:12,9.2,2026-06-14_02
610,10,Communication,With other gulper(s),14:57:07,14:59:25,138,2026-06-14_02
611,14,Equipment,Maneuvering,14:57:12,14:57:25,13.2,2026-06-14_02
612,14,Communication,With other gulper(s),14:57:25,14:57:45,19.3,2026-06-14_02
613,14,Extraction,Removing sludge,14:57:45,15:02:36,291.1,2026-06-14_02
614,10,Fluidizing,Mixing,14:59:25,15:02:39,193.1,2026-06-14_02
615,12,Rest,,14:59:29,15:02:58,208.9,2026-06-14_02
616,14,Fluidizing,Mixing,15:02:36,15:06:46,250.5,2026-06-14_02
617,10,Communication,With other gulper(s),15:02:39,15:03:46,67.5,2026-06-14_02
618,12,Extraction,Removing sludge,15:02:58,15:04:30,92.6,2026-06-14_02
619,10,Rest,,15:03:46,15:08:05,259,2026-06-14_02
620,12,Communication,With other gulper(s),15:04:30,15:05:44,73.3,2026-06-14_02
621,12,Extraction,Removing sludge,15:05:44,15:07:18,94.4,2026-06-14_02
622,14,Communication,With other gulper(s),15:06:46,15:07:22,36,2026-06-14_02
623,12,Fluidizing,Mixing,15:07:18,15:08:35,77.3,2026-06-14_02
624,14,Extraction,Removing sludge,15:07:22,15:10:33,190.6,2026-06-14_02
625,10,Communication,With other gulper(s),15:08:05,15:08:47,41.8,2026-06-14_02
626,12,Equipment,Maneuvering,15:08:35,15:08:51,15.3,2026-06-14_02
627,10,Sludge handling,Container transport,15:08:47,15:08:54,7.1,2026-06-14_02
628,12,Fluidizing,Fetching water,15:08:51,15:08:57,6.9,2026-06-14_02
629,10,Equipment,Maneuvering,15:08:54,15:09:11,17.3,2026-06-14_02
630,12,Fluidizing,Adding water,15:08:57,15:09:38,40.9,2026-06-14_02
631,10,Communication,With other gulper(s),15:09:11,15:09:31,20,2026-06-14_02
632,10,Equipment,Maneuvering,15:09:31,15:09:52,20.8,2026-06-14_02
633,12,Fluidizing,Fetching water,15:09:38,15:10:00,22.1,2026-06-14_02
634,10,Fluidizing,Mixing,15:09:52,15:12:52,180,2026-06-14_02
635,12,Fluidizing,Adding water,15:10:00,15:10:36,36.1,2026-06-14_02
636,14,Communication,With other gulper(s),15:10:33,15:10:51,18,2026-06-14_02
637,12,Rest,,15:10:36,15:12:48,131,2026-06-14_02
638,14,Extraction,Removing sludge,15:10:51,15:15:41,290.6,2026-06-14_02
639,12,Fluidizing,Mixing,15:12:48,15:18:16,328.6,2026-06-14_02
640,10,Communication,With other gulper(s),15:12:52,15:14:06,73.5,2026-06-14_02
641,10,Rest,,15:14:06,15:16:18,132.3,2026-06-14_02
642,14,Equipment,Maneuvering,15:15:41,15:15:55,13.7,2026-06-14_02
643,14,Rest,,15:15:55,15:16:29,33.8,2026-06-14_02
644,10,Sludge handling,Container transport,15:16:18,15:16:31,13.4,2026-06-14_02
645,14,Communication,With other gulper(s),15:16:29,15:17:28,58.9,2026-06-14_02
646,10,Equipment,Maneuvering,15:16:31,15:16:51,19.9,2026-06-14_02
647,10,Fluidizing,Fetching water,15:16:51,15:17:38,46.4,2026-06-14_02
648,14,Rest,,15:17:28,15:17:51,23.6,2026-06-14_02
649,10,Equipment,Maneuvering,15:17:38,15:18:01,22.9,2026-06-14_02
650,14,Communication,With other gulper(s),15:17:51,15:18:20,28.2,2026-06-14_02
651,10,Fluidizing,Adding water,15:18:01,15:18:10,9.5,2026-06-14_02
652,10,Superstructure,Cleaning,15:18:10,15:18:57,47,2026-06-14_02
653,12,Superstructure,Cleaning,15:18:16,15:18:43,27,2026-06-14_02
654,14,Rest,,15:18:20,15:18:33,13.1,2026-06-14_02
655,14,Extraction,Removing sludge,15:18:33,15:19:07,34.4,2026-06-14_02
656,12,Communication,With other gulper(s),15:18:43,15:18:49,6.1,2026-06-14_02
657,12,Fluidizing,Mixing,15:18:49,15:21:28,159.2,2026-06-14_02
658,10,Fluidizing,Fetching water,15:18:57,15:22:19,202,2026-06-14_02
659,14,Earthworks,Repair pit liner,15:19:07,15:21:22,134.7,2026-06-14_02
660,14,Communication,With other gulper(s),15:21:22,15:22:41,79.3,2026-06-14_02
661,12,Communication,With other gulper(s),15:21:28,15:22:45,76,2026-06-14_02
662,10,Rest,,15:22:19,15:24:58,159.3,2026-06-14_02
663,14,Rest,,15:22:41,15:25:05,144.4,2026-06-14_02
664,12,Communication,With client(s),15:22:45,15:24:21,96.2,2026-06-14_02
665,12,Communication,With other gulper(s),15:24:21,15:25:30,69.1,2026-06-14_02
666,10,Fluidizing,Fetching water,15:24:58,15:25:12,13.5,2026-06-14_02
667,14,Communication,With other gulper(s),15:25:05,15:26:00,54.6,2026-06-14_02
668,10,Communication,With other gulper(s),15:25:12,15:25:25,13.2,2026-06-14_02
669,10,Fluidizing,Fetching water,15:25:25,15:26:14,49.2,2026-06-14_02
670,12,Communication,With client(s),15:25:30,15:26:28,57.7,2026-06-14_02
671,14,Equipment,Maneuvering,15:26:00,15:26:24,24.1,2026-06-14_02
672,10,Equipment,Maneuvering,15:26:14,15:26:42,27.3,2026-06-14_02
673,14,Superstructure,Repair,15:26:24,15:31:52,328.1,2026-06-14_02
674,12,Superstructure,Repair,15:26:28,15:29:38,190.4,2026-06-14_02
675,10,Fluidizing,Fetching water,15:26:42,15:26:55,13.3,2026-06-14_02
676,10,Rest,,15:26:55,15:27:30,34.7,2026-06-14_02
677,10,Equipment,Maneuvering,15:27:30,15:28:04,34.3,2026-06-14_02
678,10,Rest,,15:28:04,15:30:32,148.6,2026-06-14_02
679,12,Communication,With other gulper(s),15:29:38,15:30:07,29,2026-06-14_02
680,12,Rest,,15:30:07,15:30:25,17.7,2026-06-14_02
681,12,Earthworks,Fill trench,15:30:25,15:36:38,373.5,2026-06-14_02
682,10,Communication,With other gulper(s),15:30:32,15:30:49,16.3,2026-06-14_02
683,10,Superstructure,Cleaning,15:30:49,15:32:08,79.1,2026-06-14_02
684,14,Earthworks,Fill trench,15:31:52,15:36:23,271.1,2026-06-14_02
685,10,Equipment,Cleaning,15:32:08,15:33:37,89.3,2026-06-14_02
686,10,Superstructure,Cleaning,15:33:37,15:35:39,122.2,2026-06-14_02
687,10,Equipment,Cleaning,15:35:39,15:35:46,6.6,2026-06-14_02
688,10,Equipment,Maneuvering,15:35:46,15:35:53,7.2,2026-06-14_02
689,10,Equipment,Cleaning,15:35:53,15:37:06,72.6,2026-06-14_02
690,14,Rest,,15:36:23,15:36:32,8.8,2026-06-14_02
691,14,Earthworks,Fill trench,15:36:32,15:39:21,168.9,2026-06-14_02
692,12,Communication,With client(s),15:36:38,15:37:12,33.8,2026-06-14_02
693,10,Rest,,15:37:06,15:39:02,116.6,2026-06-14_02
694,12,Rest,,15:37:12,15:37:36,23.8,2026-06-14_02
695,12,Communication,With other gulper(s),15:37:36,15:37:47,11.2,2026-06-14_02
696,12,Rest,,15:37:47,15:38:23,36.2,2026-06-14_02
697,12,Earthworks,Fill trench,15:38:23,15:44:08,345.2,2026-06-14_02
698,10,Equipment,Cleaning,15:39:02,15:40:24,81.8,2026-06-14_02
699,14,Communication,With other gulper(s),15:39:21,15:39:33,11.8,2026-06-14_02
700,14,Rest,,15:39:33,15:42:19,166.4,2026-06-14_02
701,10,Superstructure,Cleaning,15:40:24,15:41:03,38.9,2026-06-14_02
702,10,Rest,,15:41:03,15:41:31,27.8,2026-06-14_02
703,10,Fluidizing,Fetching water,15:41:31,15:42:23,52.5,2026-06-14_02
704,14,Communication,With other gulper(s),15:42:19,15:43:19,60.3,2026-06-14_02
705,10,Superstructure,Cleaning,15:42:23,15:44:02,99,2026-06-14_02
706,14,Rest,,15:43:19,15:44:16,56.7,2026-06-14_02
707,10,Fluidizing,Fetching water,15:44:02,15:48:17,254.1,2026-06-14_02
708,12,Rest,,15:44:08,15:51:22,433.5,2026-06-14_02
709,14,Equipment,Cleaning,15:44:16,15:44:55,38.4,2026-06-14_02
710,14,Earthworks,Fill trench,15:44:55,15:51:25,390.3,2026-06-14_02
711,10,Rest,,15:48:17,15:50:32,135.2,2026-06-14_02
712,10,Equipment,Cleaning,15:50:32,16:02:56,743.9,2026-06-14_02
713,12,Communication,With other gulper(s),15:51:22,15:53:14,112.3,2026-06-14_02
714,14,Communication,With other gulper(s),15:51:25,15:53:12,106.7,2026-06-14_02
715,14,Earthworks,Fill trench,15:53:12,15:55:01,109.2,2026-06-14_02
716,12,Communication,With client(s),15:53:14,15:53:59,44.7,2026-06-14_02
717,14,Rest,,15:55:01,15:55:54,53,2026-06-14_02
718,14,Equipment,Repairing,15:55:54,15:56:10,16.7,2026-06-14_02
719,14,Equipment,Cleaning,15:56:10,15:56:35,24.5,2026-06-14_02
720,12,Rest,,15:56:21,15:57:25,63.6,2026-06-14_02
721,14,Equipment,Maneuvering,15:56:35,15:57:31,56,2026-06-14_02
722,12,Communication,With other gulper(s),15:57:25,15:57:41,15.9,2026-06-14_02
723,14,Rest,,15:57:31,15:58:33,62.4,2026-06-14_02
724,12,Equipment,Maneuvering,15:57:41,15:57:50,9.4,2026-06-14_02
725,12,Rest,,15:57:50,15:58:42,51.5,2026-06-14_02
726,14,Superstructure,Repair,15:58:33,15:59:17,43.7,2026-06-14_02
727,12,Communication,With other gulper(s),15:58:42,15:59:20,38,2026-06-14_02
728,14,Rest,,16:00:52,16:00:55,3.7,2026-06-14_02
729,14,Equipment,Cleaning,16:02:55,16:10:13,438,2026-06-14_02
730,10,Communication,With other gulper(s),16:02:56,16:03:02,6.2,2026-06-14_02
731,10,Equipment,Cleaning,16:07:51,16:10:13,142.9,2026-06-14_02
732,12,Rest,,16:10:12,16:10:13,1.6,2026-06-14_02
1,1,Communication,With client(s),11:47:24,11:50:31,187.4,2026-06-16_01
2,18,Superstructure,Inspection,11:47:30,11:50:58,207.7,2026-06-16_01
3,11,Communication,With other gulper(s),11:47:37,11:48:39,62.6,2026-06-16_01
4,11,Communication,With other gulper(s),11:48:39,11:48:45,5.7,2026-06-16_01
5,11,Superstructure,Inspection,11:48:45,11:52:21,215.4,2026-06-16_01
6,1,Equipment,Maneuvering,11:50:31,11:50:52,21.5,2026-06-16_01
7,1,Earthworks,Dig trench,11:50:52,11:56:25,333,2026-06-16_01
8,18,Communication,With other gulper(s),11:50:58,11:51:50,52.4,2026-06-16_01
9,18,Earthworks,Dig trench,11:51:50,11:57:28,338.1,2026-06-16_01
10,11,Equipment,Maneuvering,11:52:21,11:52:28,7,2026-06-16_01
11,11,Rest,,11:52:28,11:54:02,94.7,2026-06-16_01
12,11,Earthworks,Dig trench,11:54:02,11:55:20,77.5,2026-06-16_01
13,11,Rest,,11:55:20,11:56:39,79.2,2026-06-16_01
14,1,Rest,,11:56:25,11:57:38,73.1,2026-06-16_01
15,11,Earthworks,Dig trench,11:56:39,11:58:41,122.2,2026-06-16_01
16,18,Rest,,11:57:28,11:58:25,56.6,2026-06-16_01
17,1,Earthworks,Dig trench,11:57:38,11:58:20,41.4,2026-06-16_01
18,1,Rest,,11:58:20,11:59:59,98.9,2026-06-16_01
19,18,Earthworks,Dig trench,11:58:25,11:58:38,13.8,2026-06-16_01
20,18,Rest,,11:58:38,12:01:20,162,2026-06-16_01
21,11,Earthworks,Dig trench,11:58:41,12:00:04,82.4,2026-06-16_01
22,1,Earthworks,Dig trench,11:59:59,12:03:05,186.7,2026-06-16_01
23,11,Rest,,12:00:04,12:01:26,82.2,2026-06-16_01
24,18,Earthworks,Dig trench,12:01:20,12:05:16,236,2026-06-16_01
25,11,Communication,With other gulper(s),12:01:26,12:02:29,63.2,2026-06-16_01
26,11,Rest,,12:02:29,12:04:01,91.8,2026-06-16_01
27,1,Rest,,12:03:05,12:03:28,22.4,2026-06-16_01
28,1,Earthworks,Dig trench,12:03:28,12:13:28,600.2,2026-06-16_01
29,11,Earthworks,Dig trench,12:04:01,12:04:28,27.1,2026-06-16_01
30,11,Rest,,12:04:28,12:09:32,304.3,2026-06-16_01
31,18,Rest,,12:05:16,12:06:26,70,2026-06-16_01
32,18,Communication,With other gulper(s),12:06:26,12:07:24,57.5,2026-06-16_01
33,18,Equipment,Maneuvering,12:07:24,12:08:04,40.3,2026-06-16_01
34,18,Earthworks,Dig trench,12:08:04,12:09:08,64.2,2026-06-16_01
35,18,Rest,,12:09:08,12:10:37,89,2026-06-16_01
36,11,Equipment,Maneuvering,12:09:32,12:09:37,5.1,2026-06-16_01
37,11,Rest,,12:09:37,12:10:41,63.6,2026-06-16_01
38,18,Communication,With other gulper(s),12:10:37,12:12:01,83.8,2026-06-16_01
39,11,Communication,With other gulper(s),12:10:41,12:12:04,82.7,2026-06-16_01
40,18,Rest,,12:12:01,12:13:22,80.8,2026-06-16_01
41,11,Rest,,12:12:04,12:17:04,300.6,2026-06-16_01
42,18,Earthworks,Dig trench,12:13:22,12:14:13,50.9,2026-06-16_01
43,1,Rest,,12:13:28,12:14:08,40.4,2026-06-16_01
44,1,Earthworks,Dig trench,12:14:08,12:16:55,166.5,2026-06-16_01
45,18,Rest,,12:14:13,12:18:24,250.8,2026-06-16_01
46,1,Disposal,,12:16:55,12:16:57,2.4,2026-06-16_01
47,1,Rest,,12:16:57,12:20:13,195.1,2026-06-16_01
48,11,Earthworks,Dig trench,12:17:04,12:18:31,86.7,2026-06-16_01
49,18,Communication,With other gulper(s),12:18:24,12:20:50,146,2026-06-16_01
50,11,Communication,With other gulper(s),12:18:31,12:19:11,39.9,2026-06-16_01
51,11,Superstructure,Modification,12:19:11,12:20:52,101.6,2026-06-16_01
52,1,Earthworks,Dig trench,12:20:13,12:21:33,80.3,2026-06-16_01
53,18,Rest,,12:20:50,12:21:37,46.8,2026-06-16_01
54,11,Rest,,12:20:52,12:23:34,161.5,2026-06-16_01
55,1,Rest,,12:21:33,12:22:56,83.2,2026-06-16_01
56,18,Earthworks,Dig trench,12:21:37,12:27:20,343.7,2026-06-16_01
57,1,Earthworks,Dig trench,12:22:56,12:23:27,31.2,2026-06-16_01
58,1,Rest,,12:23:27,12:25:54,147.2,2026-06-16_01
59,11,Communication,With other gulper(s),12:23:34,12:27:15,221,2026-06-16_01
60,1,Earthworks,Dig trench,12:25:54,12:39:57,842.9,2026-06-16_01
61,11,Equipment,Maneuvering,12:27:15,12:29:36,141.4,2026-06-16_01
62,18,Rest,,12:27:20,12:29:14,114,2026-06-16_01
63,18,Earthworks,Dig trench,12:29:14,12:32:22,188.1,2026-06-16_01
64,11,Rest,,12:29:36,12:32:17,160.3,2026-06-16_01
65,11,Earthworks,Dig trench,12:32:17,12:34:21,124.4,2026-06-16_01
66,18,Rest,,12:32:22,12:32:29,7,2026-06-16_01
67,18,Earthworks,Dig trench,12:32:29,12:39:52,442.5,2026-06-16_01
68,11,Rest,,12:34:21,12:39:47,325.9,2026-06-16_01
69,11,Earthworks,Dig trench,12:39:47,12:42:39,172.1,2026-06-16_01
70,18,Travel,On errand,12:39:52,12:41:13,81.1,2026-06-16_01
71,1,Travel,On errand,12:39:57,12:41:19,81.6,2026-06-16_01
72,18,Rest,,12:41:13,12:41:58,45.3,2026-06-16_01
73,1,Earthworks,Dig trench,12:41:19,13:16:33,2113.9,2026-06-16_01
74,18,Earthworks,Dig trench,12:41:58,12:42:35,37.2,2026-06-16_01
75,18,Rest,,12:42:35,12:44:27,111.7,2026-06-16_01
76,11,Rest,,12:42:39,12:45:01,142.1,2026-06-16_01
77,18,Earthworks,Dig trench,12:44:27,12:44:56,28.4,2026-06-16_01
78,18,Rest,,12:44:56,12:46:24,88.1,2026-06-16_01
79,11,Travel,On errand,12:45:01,12:46:30,89.3,2026-06-16_01
80,18,Earthworks,Dig trench,12:46:24,12:51:38,314.6,2026-06-16_01
81,11,Rest,,12:46:30,13:04:34,1083.3,2026-06-16_01
82,18,Rest,,12:51:38,12:52:50,71.8,2026-06-16_01
83,18,Earthworks,Dig trench,12:52:50,12:53:33,43.1,2026-06-16_01
84,18,Rest,,12:53:33,12:56:38,184.8,2026-06-16_01
85,18,Earthworks,Dig trench,12:56:38,12:58:38,120,2026-06-16_01
86,18,Rest,,12:58:38,13:00:43,125.3,2026-06-16_01
87,18,Earthworks,Dig trench,13:00:43,13:01:33,49.8,2026-06-16_01
88,18,Rest,,13:01:33,13:07:42,369.1,2026-06-16_01
89,11,Earthworks,Dig trench,13:04:34,13:07:57,202.9,2026-06-16_01
90,18,Earthworks,Dig trench,13:07:42,13:10:17,154.9,2026-06-16_01
91,11,Rest,,13:07:57,13:10:29,152.9,2026-06-16_01
92,18,Equipment,Maneuvering,13:10:17,13:10:26,9.2,2026-06-16_01
93,18,Earthworks,Dig trench,13:10:26,13:12:43,136.4,2026-06-16_01
94,11,Equipment,Maneuvering,13:10:29,13:11:07,37.7,2026-06-16_01
95,11,Rest,,13:11:07,13:16:24,317.2,2026-06-16_01
96,18,Rest,,13:12:43,13:16:41,238.5,2026-06-16_01
97,11,Earthworks,Dig trench,13:16:24,13:17:18,53.8,2026-06-16_01
98,1,Superstructure,Modification,13:16:33,13:29:02,749.6,2026-06-16_01
99,18,Earthworks,Dig trench,13:16:41,13:27:54,673,2026-06-16_01
100,11,Communication,With other gulper(s),13:17:18,13:17:25,7.2,2026-06-16_01
101,11,Earthworks,Dig trench,13:17:25,13:27:58,632.5,2026-06-16_01
102,18,Fluidizing,Fetching water,13:27:54,13:32:00,246.1,2026-06-16_01
103,11,Fluidizing,Fetching water,13:27:58,13:35:09,431.2,2026-06-16_01
104,1,Earthworks,Dig trench,13:29:02,13:29:52,50,2026-06-16_01
105,1,Fluidizing,Mixing,13:29:52,13:30:39,46.5,2026-06-16_01
106,1,Earthworks,Dig trench,13:30:39,13:31:30,51.2,2026-06-16_01
107,1,Earthworks,Put hole in pit liner,13:31:30,13:32:58,88.3,2026-06-16_01
108,18,Fluidizing,Mixing,13:32:00,13:38:40,399.6,2026-06-16_01
109,1,Extraction,Removing sludge,13:32:58,13:38:45,346.3,2026-06-16_01
110,11,Rest,,13:35:09,13:37:01,111.9,2026-06-16_01
111,11,Fluidizing,Fetching water,13:37:01,13:40:01,180.2,2026-06-16_01
112,18,Communication,With other gulper(s),13:38:40,13:41:16,156.1,2026-06-16_01
113,1,Communication,With other gulper(s),13:38:45,13:39:00,15.8,2026-06-16_01
114,1,Extraction,Removing sludge,13:39:00,14:03:07,1446.4,2026-06-16_01
115,11,Rest,,13:40:01,13:44:20,258.9,2026-06-16_01
116,18,Fluidizing,Mixing,13:41:16,13:42:03,46.6,2026-06-16_01
117,18,Rest,,13:42:03,13:43:13,70.3,2026-06-16_01
118,18,Earthworks,Dig trench,13:43:13,14:00:20,1026.6,2026-06-16_01
119,11,Fluidizing,Mixing,13:44:20,14:00:28,967.8,2026-06-16_01
120,18,Extraction,Removing sludge,14:00:20,14:03:14,174.1,2026-06-16_01
121,11,Extraction,Removing sludge,14:00:28,14:03:19,170.9,2026-06-16_01
122,1,Extraction,Removing sludge,14:03:07,14:17:46,879.6,2026-06-16_01
123,18,Equipment,Cleaning,14:03:14,14:04:02,48,2026-06-16_01
124,11,Communication,With other gulper(s),14:03:19,14:03:27,8.3,2026-06-16_01
125,11,Equipment,Maneuvering,14:03:27,14:03:38,11,2026-06-16_01
126,11,Rest,,14:03:38,14:03:54,16.2,2026-06-16_01
127,11,Equipment,Maneuvering,14:03:54,14:06:07,133.1,2026-06-16_01
128,18,Fluidizing,Mixing,14:04:02,14:13:29,567.5,2026-06-16_01
129,11,Fluidizing,Fetching water,14:06:07,14:13:24,436.9,2026-06-16_01
130,11,Rest,,14:13:24,14:17:52,267.5,2026-06-16_01
131,18,Communication,With other gulper(s),14:13:29,14:13:43,14.4,2026-06-16_01
132,18,Fluidizing,Mixing,14:13:43,14:16:18,155,2026-06-16_01
133,18,Communication,With other gulper(s),14:16:18,14:16:34,15.1,2026-06-16_01
134,18,Rest,,14:16:34,14:16:55,21.2,2026-06-16_01
135,18,Fluidizing,Mixing,14:16:55,14:18:44,109.7,2026-06-16_01
136,1,Communication,With other gulper(s),14:17:46,14:18:53,66.5,2026-06-16_01
137,11,Communication,With client(s),14:17:52,14:17:54,2.4,2026-06-16_01
138,11,Communication,With other gulper(s),14:17:54,14:19:18,84,2026-06-16_01
139,18,Extraction,Removing sludge,14:18:44,14:21:56,192,2026-06-16_01
140,1,Extraction,Removing sludge,14:18:53,14:21:49,176.3,2026-06-16_01
141,11,Extraction,Removing sludge,14:19:18,14:22:02,164.4,2026-06-16_01
142,1,Communication,With other gulper(s),14:21:49,14:22:07,17.7,2026-06-16_01
143,18,Rest,,14:21:56,14:23:12,75.7,2026-06-16_01
144,11,Rest,,14:22:02,14:23:42,100.1,2026-06-16_01
145,1,Extraction,Removing sludge,14:22:07,14:23:06,59.4,2026-06-16_01
146,1,Communication,With other gulper(s),14:23:06,14:24:44,97.7,2026-06-16_01
147,18,Fluidizing,Mixing,14:23:12,14:33:32,619.6,2026-06-16_01
148,11,Equipment,Maneuvering,14:23:42,14:24:30,47.9,2026-06-16_01
149,11,Rest,,14:24:30,14:26:07,96.8,2026-06-16_01
150,1,Extraction,Removing sludge,14:24:44,14:28:10,206.2,2026-06-16_01
151,11,Earthworks,Dig trench,14:26:07,14:42:03,956.2,2026-06-16_01
152,1,Communication,With other gulper(s),14:28:10,14:28:19,9.3,2026-06-16_01
153,1,Extraction,Removing sludge,14:28:19,14:36:28,489,2026-06-16_01
154,18,Rest,,14:33:32,14:34:56,83.9,2026-06-16_01
155,18,Travel,On errand,14:34:56,14:36:45,109.4,2026-06-16_01
156,1,Superstructure,Repair,14:36:28,14:37:00,31.9,2026-06-16_01
157,18,Earthworks,Repair pit liner,14:36:45,14:37:43,58.2,2026-06-16_01
158,1,Earthworks,Repair pit liner,14:37:00,14:37:49,48.3,2026-06-16_01
159,18,Equipment,Maneuvering,14:37:43,14:39:23,100.1,2026-06-16_01
160,1,Rest,,14:37:49,14:39:20,91,2026-06-16_01
161,1,Earthworks,Repair pit liner,14:39:20,14:41:31,131.2,2026-06-16_01
162,18,Rest,,14:39:23,14:41:57,153.5,2026-06-16_01
163,1,Superstructure,Cleaning,14:41:31,14:41:50,19.2,2026-06-16_01
164,1,Equipment,Cleaning,14:41:50,14:43:32,101.7,2026-06-16_01
165,18,Equipment,Cleaning,14:41:57,14:44:11,134.2,2026-06-16_01
166,11,Communication,With other gulper(s),14:42:03,14:44:01,117.5,2026-06-16_01
167,1,Earthworks,Fill trench,14:43:32,14:48:49,317.6,2026-06-16_01
168,11,Communication,With other gulper(s),14:44:01,14:44:06,5.6,2026-06-16_01
169,11,Earthworks,Fill trench,14:44:06,14:52:55,528.6,2026-06-16_01
170,18,Fluidizing,Fetching water,14:44:11,14:48:57,285.9,2026-06-16_01
171,1,Rest,,14:48:49,14:49:17,27.1,2026-06-16_01
172,18,Travel,On errand,14:48:57,14:49:11,14.3,2026-06-16_01
173,18,Equipment,Maneuvering,14:49:11,14:50:37,86,2026-06-16_01
174,1,Earthworks,Fill trench,14:49:17,15:08:47,1170.5,2026-06-16_01
175,18,Fluidizing,Mixing,14:50:37,14:50:51,14.4,2026-06-16_01
176,18,Superstructure,Cleaning,14:50:51,14:54:26,214.3,2026-06-16_01
177,11,Earthworks,Dig trench,14:52:55,14:55:26,151.1,2026-06-16_01
178,18,Fluidizing,Fetching water,14:54:26,14:54:59,33.7,2026-06-16_01
179,18,Superstructure,Cleaning,14:54:59,14:57:57,177.3,2026-06-16_01
180,11,Rest,,14:55:26,14:58:05,159.1,2026-06-16_01
181,18,Earthworks,Dig trench,14:57:57,14:58:00,3.3,2026-06-16_01
182,18,Earthworks,Fill trench,14:58:00,15:02:42,281.6,2026-06-16_01
183,11,Earthworks,Dig trench,14:58:05,15:02:04,238.7,2026-06-16_01
184,11,Sludge handling,Filling containers,15:02:04,15:02:16,11.6,2026-06-16_01
185,11,Extraction,Removing sludge,15:02:16,15:04:07,111,2026-06-16_01
186,18,Fluidizing,Fetching water,15:02:42,15:07:04,262,2026-06-16_01
187,11,Earthworks,Fill trench,15:04:07,15:07:17,190.6,2026-06-16_01
188,18,Equipment,Cleaning,15:07:04,15:08:58,114.6,2026-06-16_01
189,11,Equipment,Cleaning,15:07:23,15:29:08,1304.8,2026-06-16_01
190,1,Superstructure,Repair,15:08:47,15:12:20,212.6,2026-06-16_01
191,18,Superstructure,Repair,15:08:58,15:09:19,20.4,2026-06-16_01
192,18,Fluidizing,Fetching water,15:09:19,15:14:17,298.2,2026-06-16_01
193,1,Communication,With client(s),15:12:20,15:13:58,98.1,2026-06-16_01
194,1,Equipment,Cleaning,15:13:58,15:19:12,314.2,2026-06-16_01
195,18,Equipment,Cleaning,15:14:17,15:15:17,60.4,2026-06-16_01
196,18,Fluidizing,Fetching water,15:15:24,15:20:50,326.7,2026-06-16_01
197,1,Travel,On errand,15:21:35,15:22:31,55.7,2026-06-16_01
198,18,Equipment,Cleaning,15:25:10,15:29:08,237.3,2026-06-16_01
199,1,Equipment,Cleaning,15:28:51,15:29:08,16.4,2026-06-16_01
1,4,Earthworks,Dig trench,05:42:48,05:44:22,93.7,2026-06-18_01
2,15,Communication,With client(s),05:42:52,05:43:35,42.8,2026-06-18_01
3,9,Superstructure,Inspection,05:43:04,05:44:16,71.1,2026-06-18_01
4,15,Rest,,05:43:35,05:47:14,218.6,2026-06-18_01
5,9,Earthworks,Dig trench,05:44:16,05:46:45,149.7,2026-06-18_01
6,4,Rest,,05:44:22,05:46:50,148.3,2026-06-18_01
7,9,Rest,,05:46:45,05:53:19,393.6,2026-06-18_01
8,4,Earthworks,Dig trench,05:46:50,05:47:10,19.9,2026-06-18_01
9,4,Rest,,05:47:10,05:49:13,123,2026-06-18_01
10,15,Earthworks,Dig trench,05:47:14,05:49:25,131.7,2026-06-18_01
11,4,Earthworks,Dig trench,05:49:13,05:51:06,112.6,2026-06-18_01
12,15,Rest,,05:49:25,05:51:02,96.9,2026-06-18_01
13,15,Earthworks,Dig trench,05:51:02,05:53:22,139.5,2026-06-18_01
14,4,Rest,,05:51:06,05:55:30,264.6,2026-06-18_01
15,9,Earthworks,Dig trench,05:53:19,05:55:37,138.6,2026-06-18_01
16,15,Rest,,05:53:22,05:55:41,139.2,2026-06-18_01
17,4,Earthworks,Dig trench,05:55:30,05:56:34,63.3,2026-06-18_01
18,9,Rest,,05:55:37,06:06:29,651.5,2026-06-18_01
19,15,Communication,With client(s),05:55:41,05:56:26,45.1,2026-06-18_01
20,15,Earthworks,Dig trench,05:56:26,06:06:33,607.2,2026-06-18_01
21,4,Rest,,05:56:34,05:57:01,27.5,2026-06-18_01
22,4,Equipment,Maneuvering,05:57:01,05:58:57,115.9,2026-06-18_01
23,4,Rest,,05:58:57,05:59:22,25,2026-06-18_01
24,4,Equipment,Maneuvering,05:59:22,06:01:50,147.7,2026-06-18_01
25,4,Rest,,06:01:50,06:21:15,1165.1,2026-06-18_01
26,9,Earthworks,Dig trench,06:06:29,06:13:45,435.7,2026-06-18_01
27,15,Rest,,06:06:33,06:13:40,426.6,2026-06-18_01
28,15,Earthworks,Dig trench,06:13:40,06:21:19,459.1,2026-06-18_01
29,9,Rest,,06:13:45,06:34:54,1269.1,2026-06-18_01
30,4,Equipment,Maneuvering,06:21:15,06:23:14,119,2026-06-18_01
31,15,Earthworks,Put hole in pit liner,06:21:19,06:32:37,677.7,2026-06-18_01
32,4,Rest,,06:23:14,06:32:22,548.2,2026-06-18_01
33,4,Travel,On errand,06:32:22,06:32:27,4.7,2026-06-18_01
34,4,Communication,With client(s),06:32:27,06:33:56,89,2026-06-18_01
35,15,Communication,With client(s),06:32:37,06:33:50,73.2,2026-06-18_01
36,15,Extraction,Removing sludge,06:33:50,07:02:13,1703.2,2026-06-18_01
37,4,Fluidizing,Mixing,06:33:56,06:38:49,293,2026-06-18_01
38,9,Equipment,Maneuvering,06:34:54,06:38:43,229.1,2026-06-18_01
39,9,Fluidizing,Mixing,06:38:43,06:39:39,56.3,2026-06-18_01
40,4,Rest,,06:38:49,06:39:33,44.5,2026-06-18_01
41,4,Fluidizing,Mixing,06:39:33,06:48:12,518.7,2026-06-18_01
42,9,Rest,,06:39:39,06:48:21,521.4,2026-06-18_01
43,4,Rest,,06:48:12,06:52:07,235.4,2026-06-18_01
44,9,Equipment,Maneuvering,06:48:21,06:52:04,222.9,2026-06-18_01
45,9,Rest,,06:52:04,06:58:41,397.4,2026-06-18_01
46,4,Equipment,Maneuvering,06:52:07,06:54:11,124.2,2026-06-18_01
47,4,Fluidizing,Fetching water,06:54:11,06:58:37,265.9,2026-06-18_01
48,4,Rest,,06:58:37,07:00:15,98,2026-06-18_01
49,9,Communication,With other gulper(s),06:58:41,06:58:43,2.2,2026-06-18_01
50,9,Communication,With client(s),06:58:43,07:01:59,196.3,2026-06-18_01
51,4,Fluidizing,Adding water,07:00:15,07:03:12,176.7,2026-06-18_01
52,9,Rest,,07:01:59,07:03:17,77.1,2026-06-18_01
53,15,Earthworks,Repair pit liner,07:02:13,07:06:37,264.1,2026-06-18_01
54,4,Fluidizing,Fetching water,07:03:12,07:04:14,61.8,2026-06-18_01
55,9,Travel,On errand,07:03:17,07:03:26,9.9,2026-06-18_01
56,9,Earthworks,Repair pit liner,07:03:26,07:06:26,179.3,2026-06-18_01
57,4,Rest,,07:04:14,07:06:22,127.9,2026-06-18_01
58,4,Earthworks,Fill trench,07:06:22,07:19:52,810.1,2026-06-18_01
59,9,Earthworks,Fill trench,07:06:26,07:19:42,796.5,2026-06-18_01
60,15,Earthworks,Fill trench,07:06:37,07:10:36,238.2,2026-06-18_01
61,15,Equipment,Cleaning,07:10:36,07:22:47,731.8,2026-06-18_01
62,9,Equipment,Cleaning,07:19:42,07:19:57,14.7,2026-06-18_01
63,4,Equipment,Cleaning,07:19:52,07:21:52,119.9,2026-06-18_01
64,9,Rest,,07:19:57,07:22:55,178.3,2026-06-18_01
65,4,Fluidizing,Fetching water,07:21:52,07:25:39,227.3,2026-06-18_01
66,15,Communication,With client(s),07:22:47,07:25:53,185.7,2026-06-18_01
67,9,Equipment,Cleaning,07:22:55,07:25:49,173.4,2026-06-18_01
68,4,Communication,With client(s),07:25:39,07:25:45,5.5,2026-06-18_01
69,4,Rest,,07:25:45,07:25:58,12.8,2026-06-18_01
70,9,Rest,,07:25:49,07:25:58,9,2026-06-18_01
71,15,Rest,,07:25:53,07:25:58,4.6,2026-06-18_01
1,16,Earthworks,Dig trench,12:59:23,13:00:22,59.3,2026-06-22_02
2,14,Communication,With client(s),12:59:29,12:59:46,17,2026-06-22_02
3,19,Equipment,Maneuvering,12:59:36,13:12:29,773.3,2026-06-22_02
4,14,Communication,With other gulper(s),12:59:46,13:00:29,43.3,2026-06-22_02
5,12,Communication,With client(s),12:59:50,13:00:36,45.8,2026-06-22_02
6,16,Rest,,13:00:22,13:10:23,601.1,2026-06-22_02
7,14,Earthworks,Dig trench,13:00:29,13:11:26,656.8,2026-06-22_02
8,12,Rest,,13:00:36,13:00:54,18.3,2026-06-22_02
9,12,Communication,With client(s),13:00:54,13:03:28,154.2,2026-06-22_02
10,12,Communication,With other gulper(s),13:03:28,13:10:32,423.2,2026-06-22_02
11,16,Earthworks,Dig trench,13:10:23,13:15:42,319,2026-06-22_02
12,12,Earthworks,Dig trench,13:10:32,13:14:15,223.1,2026-06-22_02
13,14,Rest,,13:11:26,13:13:32,125.6,2026-06-22_02
14,19,Earthworks,Dig trench,13:12:29,13:20:08,458.4,2026-06-22_02
15,14,Equipment,Maneuvering,13:13:32,13:13:36,3.9,2026-06-22_02
16,14,Earthworks,Dig trench,13:13:36,13:19:34,358.8,2026-06-22_02
17,12,Communication,With client(s),13:14:15,13:16:14,118.8,2026-06-22_02
18,16,Rest,,13:15:42,13:19:42,240.1,2026-06-22_02
19,12,Fluidizing,Fetching water,13:16:14,13:21:05,291.5,2026-06-22_02
20,14,Fluidizing,Fetching water,13:19:34,13:19:37,2.8,2026-06-22_02
21,14,Fluidizing,Adding water,13:19:37,13:20:15,38.3,2026-06-22_02
22,16,Earthworks,Dig trench,13:19:42,13:19:52,9.7,2026-06-22_02
23,16,Fluidizing,Fetching water,13:19:52,13:20:56,64.2,2026-06-22_02
24,19,Rest,,13:20:08,13:23:24,196.4,2026-06-22_02
25,14,Earthworks,Dig trench,13:20:15,13:20:27,12,2026-06-22_02
26,14,Equipment,Maneuvering,13:20:27,13:20:32,4.5,2026-06-22_02
27,14,Earthworks,Dig trench,13:20:32,13:22:15,103.1,2026-06-22_02
28,16,Fluidizing,Adding water,13:20:56,13:21:20,23.5,2026-06-22_02
29,12,Rest,,13:21:05,13:22:04,59.2,2026-06-22_02
30,16,Fluidizing,Fetching water,13:21:20,13:23:29,129.6,2026-06-22_02
31,12,Earthworks,Dig trench,13:22:04,13:26:44,279.4,2026-06-22_02
32,14,Communication,With other gulper(s),13:22:15,13:22:23,7.5,2026-06-22_02
33,14,Rest,,13:22:23,13:23:10,47.7,2026-06-22_02
34,14,Equipment,Maneuvering,13:23:10,13:26:32,201.9,2026-06-22_02
35,19,Earthworks,Dig trench,13:23:24,13:31:56,511.6,2026-06-22_02
36,16,Rest,,13:23:29,13:24:06,36.4,2026-06-22_02
37,16,Earthworks,Dig trench,13:24:06,13:31:21,435,2026-06-22_02
38,14,Communication,With other gulper(s),13:26:32,13:29:48,195.7,2026-06-22_02
39,12,Equipment,Maneuvering,13:26:44,13:27:44,60.8,2026-06-22_02
40,12,Fluidizing,Mixing,13:27:44,13:29:19,94.6,2026-06-22_02
41,12,Extraction,Pulling out trash,13:29:19,13:51:46,1346.6,2026-06-22_02
42,14,Extraction,Pulling out trash,13:29:48,13:39:23,575.1,2026-06-22_02
43,16,Fluidizing,Fetching water,13:31:21,13:33:39,138.8,2026-06-22_02
44,19,Earthworks,Dig trench,13:31:56,13:51:11,1155.8,2026-06-22_02
45,16,Equipment,Maneuvering,13:33:39,13:39:04,324.1,2026-06-22_02
46,16,Fluidizing,Fetching water,13:39:04,13:39:40,36.8,2026-06-22_02
47,14,Communication,With client(s),13:39:23,13:41:05,102.4,2026-06-22_02
48,16,Fluidizing,Adding water,13:39:40,13:41:54,133.8,2026-06-22_02
49,14,Extraction,Pulling out trash,13:41:05,13:41:10,4.6,2026-06-22_02
50,14,Rest,,13:41:10,13:42:13,62.9,2026-06-22_02
51,16,Rest,,13:41:54,13:42:05,10.7,2026-06-22_02
52,16,Earthworks,Dig trench,13:42:05,13:51:36,571.5,2026-06-22_02
53,14,Earthworks,Dig trench,13:42:13,13:51:28,554.8,2026-06-22_02
54,19,Earthworks,Put hole in pit liner,13:51:11,13:55:57,286,2026-06-22_02
55,14,Earthworks,Put hole in pit liner,13:51:28,13:56:32,303.9,2026-06-22_02
56,16,Earthworks,Dig trench,13:51:36,13:51:40,4,2026-06-22_02
57,16,Rest,,13:51:40,13:56:15,274.9,2026-06-22_02
58,12,Rest,,13:51:46,13:57:01,315.9,2026-06-22_02
59,19,Extraction,Removing sludge,13:55:57,13:57:09,71.7,2026-06-22_02
60,16,Fluidizing,Fetching water,13:56:15,13:58:16,120.4,2026-06-22_02
61,14,Extraction,Removing sludge,13:56:32,13:57:20,48,2026-06-22_02
62,12,Communication,With other gulper(s),13:57:01,13:58:06,64.9,2026-06-22_02
63,19,Earthworks,Put hole in pit liner,13:57:09,14:01:27,257.4,2026-06-22_02
64,14,Superstructure,Modification,13:57:20,14:02:03,283,2026-06-22_02
65,12,Rest,,13:58:06,14:02:06,239.8,2026-06-22_02
66,16,Rest,,13:58:16,14:01:14,178.5,2026-06-22_02
67,16,Fluidizing,Mixing,14:01:14,14:04:01,166.5,2026-06-22_02
68,19,Extraction,Removing sludge,14:01:27,14:10:06,519.6,2026-06-22_02
69,14,Fluidizing,Adding water,14:02:03,14:02:44,41.4,2026-06-22_02
70,12,Communication,With other gulper(s),14:02:06,14:02:16,9.4,2026-06-22_02
71,12,Fluidizing,Fetching water,14:02:16,14:05:25,189.3,2026-06-22_02
72,14,Rest,,14:02:44,14:03:51,67.1,2026-06-22_02
73,14,Fluidizing,Mixing,14:03:51,14:05:17,86.3,2026-06-22_02
74,16,Communication,With other gulper(s),14:04:01,14:05:22,81.5,2026-06-22_02
75,14,Earthworks,Put hole in pit liner,14:05:17,14:12:41,443.4,2026-06-22_02
76,16,Rest,,14:05:22,14:09:49,267.1,2026-06-22_02
77,12,Rest,,14:05:25,14:09:55,269.8,2026-06-22_02
78,16,Rest,,14:09:49,14:11:09,79.6,2026-06-22_02
79,12,Earthworks,Dig trench,14:09:55,14:13:26,211.1,2026-06-22_02
80,19,Rest,,14:10:06,14:11:16,69.6,2026-06-22_02
81,16,Communication,With other gulper(s),14:11:09,14:13:15,126.4,2026-06-22_02
82,19,Communication,With other gulper(s),14:11:16,14:13:30,134.1,2026-06-22_02
83,14,Extraction,Removing sludge,14:12:41,14:15:21,160.4,2026-06-22_02
84,16,Fluidizing,Mixing,14:13:15,14:18:54,338.7,2026-06-22_02
85,12,Rest,,14:13:26,14:19:01,335.6,2026-06-22_02
86,19,Rest,,14:13:30,14:15:27,116.9,2026-06-22_02
87,14,Rest,,14:15:21,14:18:15,173.4,2026-06-22_02
88,19,Extraction,Removing sludge,14:15:27,14:22:08,401,2026-06-22_02
89,14,Extraction,Removing sludge,14:18:15,14:22:00,225.8,2026-06-22_02
90,16,Rest,,14:18:54,14:21:44,170,2026-06-22_02
91,12,Fluidizing,Adding water,14:19:01,14:19:49,47.9,2026-06-22_02
92,12,Rest,,14:19:49,14:22:03,134.1,2026-06-22_02
93,16,Extraction,Removing sludge,14:21:44,14:26:27,282.6,2026-06-22_02
94,14,Rest,,14:22:00,14:24:13,133.1,2026-06-22_02
95,12,Rest,,14:22:03,14:23:33,89.4,2026-06-22_02
96,19,Rest,,14:22:08,14:27:16,308.6,2026-06-22_02
97,12,Fluidizing,Mixing,14:23:33,14:24:23,49.9,2026-06-22_02
98,14,Extraction,Removing sludge,14:24:13,14:31:01,407.9,2026-06-22_02
99,12,Earthworks,Dig trench,14:24:23,14:27:11,167.9,2026-06-22_02
100,16,Fluidizing,Fetching water,14:26:27,14:33:04,397.4,2026-06-22_02
101,12,Earthworks,Dig trench,14:27:11,14:47:25,1214.2,2026-06-22_02
102,19,Extraction,Removing sludge,14:27:16,14:31:11,234,2026-06-22_02
103,14,Fluidizing,Mixing,14:31:01,14:32:01,59.9,2026-06-22_02
104,19,Rest,,14:31:11,14:33:29,138.3,2026-06-22_02
105,14,Communication,With other gulper(s),14:32:01,14:33:09,67.8,2026-06-22_02
106,16,Fluidizing,Adding water,14:33:04,14:36:29,204.6,2026-06-22_02
107,14,Fluidizing,Adding water,14:33:09,14:33:12,3.1,2026-06-22_02
108,14,Fluidizing,Mixing,14:33:12,14:36:23,190.4,2026-06-22_02
109,19,Extraction,Removing sludge,14:33:29,14:35:31,122,2026-06-22_02
110,19,Rest,,14:35:31,14:35:51,19.7,2026-06-22_02
111,19,Extraction,Removing sludge,14:35:51,14:39:29,218.6,2026-06-22_02
112,14,Rest,,14:36:23,14:39:43,200.2,2026-06-22_02
113,16,Rest,,14:36:29,14:47:13,644,2026-06-22_02
114,19,Extraction,Removing sludge,14:39:29,14:47:29,480,2026-06-22_02
115,14,Fluidizing,Mixing,14:39:43,14:47:21,458.2,2026-06-22_02
116,16,Fluidizing,Fetching water,14:47:13,14:54:30,436.8,2026-06-22_02
117,14,Communication,With other gulper(s),14:47:21,14:51:46,264.9,2026-06-22_02
118,12,Rest,,14:47:25,14:54:22,417.4,2026-06-22_02
119,19,Rest,,14:47:29,15:02:45,915.8,2026-06-22_02
120,14,Superstructure,Cleaning,14:51:46,15:02:58,671.7,2026-06-22_02
121,12,Travel,On errand,14:54:22,14:57:00,157.3,2026-06-22_02
122,16,Equipment,Maneuvering,14:54:30,15:02:37,487.5,2026-06-22_02
123,12,Rest,,14:57:00,15:04:25,445.2,2026-06-22_02
124,16,Rest,,15:02:37,15:05:02,144.8,2026-06-22_02
125,19,Earthworks,Repair pit liner,15:02:45,15:04:44,118.6,2026-06-22_02
126,14,Rest,,15:02:58,15:04:35,97.7,2026-06-22_02
127,12,Communication,With other gulper(s),15:04:25,15:05:07,42.6,2026-06-22_02
128,14,Communication,With other gulper(s),15:04:35,15:05:05,29.9,2026-06-22_02
129,19,Earthworks,Repair pit liner,15:04:44,15:04:46,2.3,2026-06-22_02
130,19,Earthworks,Repair pit liner,15:04:46,15:09:23,277.4,2026-06-22_02
131,16,Equipment,Maneuvering,15:05:02,15:09:08,246.3,2026-06-22_02
132,14,Rest,,15:05:05,15:09:19,253.6,2026-06-22_02
133,12,Rest,,15:05:07,15:11:08,360.2,2026-06-22_02
134,16,Earthworks,Fill trench,15:09:08,15:11:17,129.3,2026-06-22_02
135,14,Earthworks,Fill trench,15:09:19,15:15:07,347.9,2026-06-22_02
136,19,Rest,,15:09:23,15:12:19,175.5,2026-06-22_02
137,12,Earthworks,Fill trench,15:11:08,15:15:09,241.3,2026-06-22_02
138,16,Rest,,15:11:17,15:13:28,130.1,2026-06-22_02
139,19,Earthworks,Fill trench,15:12:19,15:15:11,172,2026-06-22_02
140,16,Equipment,Cleaning,15:13:28,15:19:53,385.5,2026-06-22_02
141,14,Rest,,15:15:07,15:19:41,273.9,2026-06-22_02
142,12,Rest,,15:15:09,15:19:30,261.5,2026-06-22_02
143,19,Rest,,15:15:11,15:23:38,506.8,2026-06-22_02
144,12,Earthworks,Fill trench,15:19:30,15:30:09,638.6,2026-06-22_02
145,14,Earthworks,Fill trench,15:19:41,15:30:16,635,2026-06-22_02
146,16,Travel,On errand,15:19:53,15:20:59,65.9,2026-06-22_02
147,16,Equipment,Cleaning,15:20:59,15:38:59,1079.7,2026-06-22_02
148,19,Earthworks,Fill trench,15:23:38,15:30:06,388.7,2026-06-22_02
149,19,Rest,,15:30:06,15:32:22,135.4,2026-06-22_02
150,12,Rest,,15:30:09,15:32:57,167.7,2026-06-22_02
151,14,Rest,,15:30:16,15:32:36,140.7,2026-06-22_02
152,19,Equipment,Cleaning,15:32:22,15:41:58,576,2026-06-22_02
153,14,Equipment,Cleaning,15:32:36,15:42:08,571.3,2026-06-22_02
154,12,Equipment,Cleaning,15:32:57,15:42:00,543.8,2026-06-22_02
155,16,Fluidizing,Fetching water,15:38:59,15:41:53,174.8,2026-06-22_02
156,16,Equipment,Cleaning,15:41:53,15:47:00,306.6,2026-06-22_02
157,19,Rest,,15:41:58,15:47:00,302.3,2026-06-22_02
158,12,Rest,,15:42:00,15:47:00,299.7,2026-06-22_02
159,14,Rest,,15:42:08,15:47:00,292.4,2026-06-22_02
1,10,Superstructure,Modification,11:18:19,11:18:22,2.7,2026-06-29_01
2,10,Superstructure,Inspection,11:18:22,11:22:04,222.3,2026-06-29_01
3,16,Superstructure,Inspection,11:18:32,11:22:17,224.9,2026-06-29_01
4,12,Superstructure,Inspection,11:18:39,11:22:30,230.4,2026-06-29_01
5,6,Superstructure,Inspection,11:18:43,11:22:11,208,2026-06-29_01
6,10,Earthworks,Dig trench,11:22:04,11:27:31,326.8,2026-06-29_01
7,6,Earthworks,Dig trench,11:22:11,11:28:13,362.5,2026-06-29_01
8,16,Fluidizing,Fetching water,11:22:17,11:27:42,325.4,2026-06-29_01
9,12,Equipment,Maneuvering,11:22:30,11:27:24,294.1,2026-06-29_01
10,12,Rest,,11:27:24,11:28:31,66.8,2026-06-29_01
11,10,Rest,,11:27:31,11:32:52,321.2,2026-06-29_01
12,16,Earthworks,Dig trench,11:27:42,11:35:52,489.9,2026-06-29_01
13,6,Equipment,Maneuvering,11:28:13,11:33:09,295.5,2026-06-29_01
14,12,Equipment,Maneuvering,11:28:31,11:33:03,272,2026-06-29_01
15,10,Fluidizing,Mixing,11:32:52,11:32:55,3.1,2026-06-29_01
16,10,Fluidizing,Adding water,11:32:55,11:33:51,55.6,2026-06-29_01
17,12,Fluidizing,Adding water,11:33:03,11:33:54,50.9,2026-06-29_01
18,6,Earthworks,Dig trench,11:33:09,11:41:55,525.7,2026-06-29_01
19,10,Fluidizing,Mixing,11:33:51,11:37:44,233.1,2026-06-29_01
20,12,Fluidizing,Mixing,11:33:54,11:35:47,113.3,2026-06-29_01
21,12,Rest,,11:35:47,11:37:31,104.2,2026-06-29_01
22,16,Fluidizing,Mixing,11:35:52,11:38:35,162.7,2026-06-29_01
23,12,Earthworks,Dig trench,11:37:31,11:48:25,654.2,2026-06-29_01
24,10,Extraction,Pulling out trash,11:37:44,11:45:53,489,2026-06-29_01
25,16,Extraction,Pulling out trash,11:38:35,11:46:00,445.1,2026-06-29_01
26,6,Rest,,11:41:55,11:48:22,386.9,2026-06-29_01
27,10,Rest,,11:45:53,11:46:32,39.1,2026-06-29_01
28,16,Extraction,Pulling out trash,11:46:00,11:46:23,23.5,2026-06-29_01
29,16,Fluidizing,Mixing,11:46:23,11:48:30,126.2,2026-06-29_01
30,10,Fluidizing,Mixing,11:46:32,11:48:45,133.2,2026-06-29_01
31,6,Earthworks,Dig trench,11:48:22,11:54:15,353,2026-06-29_01
32,12,Communication,With other gulper(s),11:48:25,11:49:37,71.2,2026-06-29_01
33,16,Rest,,11:48:30,11:49:32,62,2026-06-29_01
34,10,Extraction,Pulling out trash,11:48:45,11:50:08,82.4,2026-06-29_01
35,16,Earthworks,Dig trench,11:49:32,11:53:39,247.2,2026-06-29_01
36,12,Rest,,11:49:37,11:53:46,248.9,2026-06-29_01
37,10,Rest,,11:50:08,11:52:52,164.1,2026-06-29_01
38,10,Extraction,Pulling out trash,11:52:52,11:53:15,23.3,2026-06-29_01
39,10,Fluidizing,Mixing,11:53:15,11:56:31,196.1,2026-06-29_01
40,16,Rest,,11:53:39,12:02:20,520.8,2026-06-29_01
41,12,Communication,With other gulper(s),11:53:46,11:55:48,122.8,2026-06-29_01
42,6,Communication,With other gulper(s),11:54:15,11:56:38,143.1,2026-06-29_01
43,12,Rest,,11:55:48,12:00:00,251.4,2026-06-29_01
44,10,Rest,,11:56:31,11:57:19,47.6,2026-06-29_01
45,6,Earthworks,Dig trench,11:56:38,12:00:05,206.8,2026-06-29_01
46,10,Earthworks,Dig trench,11:57:19,12:00:22,183.3,2026-06-29_01
47,12,Communication,With other gulper(s),12:00:00,12:00:12,12.3,2026-06-29_01
48,6,Rest,,12:00:05,12:02:17,132.3,2026-06-29_01
49,12,Earthworks,Dig trench,12:00:12,12:14:51,878.9,2026-06-29_01
50,10,Rest,,12:00:22,12:02:24,122.3,2026-06-29_01
51,6,Communication,With other gulper(s),12:02:17,12:03:20,62.9,2026-06-29_01
52,16,Communication,With other gulper(s),12:02:20,12:03:14,54.3,2026-06-29_01
53,10,Communication,With other gulper(s),12:02:24,12:03:16,51.6,2026-06-29_01
54,16,Rest,,12:03:14,12:08:06,292.3,2026-06-29_01
55,10,Rest,,12:03:16,12:12:24,548.1,2026-06-29_01
56,6,Rest,,12:03:20,12:12:00,520,2026-06-29_01
57,16,Earthworks,Dig trench,12:08:06,12:12:10,243.5,2026-06-29_01
58,6,Earthworks,Dig trench,12:12:00,12:18:51,410.8,2026-06-29_01
59,16,Rest,,12:12:10,12:14:44,154.4,2026-06-29_01
60,10,Fluidizing,Mixing,12:12:24,12:19:04,400,2026-06-29_01
61,16,Earthworks,Dig trench,12:14:44,12:23:51,546.4,2026-06-29_01
62,12,Fluidizing,Mixing,12:14:51,12:15:53,61.9,2026-06-29_01
63,12,Rest,,12:15:53,12:19:17,204.7,2026-06-29_01
64,6,Rest,,12:18:51,12:21:43,172.3,2026-06-29_01
65,10,Rest,,12:19:04,12:24:22,317.8,2026-06-29_01
66,12,Communication,With other gulper(s),12:19:17,12:21:32,134.8,2026-06-29_01
67,12,Rest,,12:21:32,12:23:57,144.8,2026-06-29_01
68,6,Earthworks,Dig trench,12:21:43,12:24:14,150.7,2026-06-29_01
69,16,Rest,,12:23:51,12:37:31,820.8,2026-06-29_01
70,12,Earthworks,Dig trench,12:23:57,12:34:43,645.8,2026-06-29_01
71,6,Rest,,12:24:14,12:25:15,61.1,2026-06-29_01
72,10,Earthworks,Dig trench,12:24:22,12:34:50,627.9,2026-06-29_01
73,6,Earthworks,Dig trench,12:25:15,12:43:30,1095.2,2026-06-29_01
74,12,Communication,With other gulper(s),12:34:43,12:36:38,114.8,2026-06-29_01
75,10,Rest,,12:34:50,12:36:28,98.4,2026-06-29_01
76,10,Fluidizing,Mixing,12:36:28,12:43:18,409.6,2026-06-29_01
77,12,Earthworks,Dig trench,12:36:38,12:43:39,421.7,2026-06-29_01
78,16,Fluidizing,Mixing,12:37:31,12:49:54,743.1,2026-06-29_01
79,10,Rest,,12:43:18,12:59:33,975,2026-06-29_01
80,6,Rest,,12:43:30,12:48:50,319.7,2026-06-29_01
81,12,Earthworks,Dig trench,12:43:39,12:49:49,369.7,2026-06-29_01
82,6,Earthworks,Put hole in pit liner,12:48:50,12:49:43,53.2,2026-06-29_01
83,6,Rest,,12:49:43,12:55:13,330.6,2026-06-29_01
84,12,Earthworks,Put hole in pit liner,12:49:49,12:55:17,327.9,2026-06-29_01
85,16,Rest,,12:49:54,12:55:24,330,2026-06-29_01
86,6,Earthworks,Dig trench,12:55:13,13:04:15,541.2,2026-06-29_01
87,12,Rest,,12:55:17,12:59:37,259.7,2026-06-29_01
88,16,Earthworks,Dig trench,12:55:24,12:59:40,256.1,2026-06-29_01
89,10,Communication,With other gulper(s),12:59:33,13:04:07,273.9,2026-06-29_01
90,12,Communication,With other gulper(s),12:59:37,13:04:24,287.6,2026-06-29_01
91,16,Communication,With other gulper(s),12:59:40,13:04:20,279.2,2026-06-29_01
92,10,Earthworks,Dig trench,13:04:07,13:13:23,555.9,2026-06-29_01
93,6,Equipment,Maneuvering,13:04:15,13:12:25,490,2026-06-29_01
94,16,Rest,,13:04:20,13:23:32,1152.4,2026-06-29_01
95,12,Rest,,13:04:24,13:13:36,551.9,2026-06-29_01
96,6,Rest,,13:12:25,13:13:41,76.1,2026-06-29_01
97,10,Rest,,13:13:23,13:18:11,288.1,2026-06-29_01
98,12,Earthworks,Dig trench,13:13:36,13:27:04,808.1,2026-06-29_01
99,6,Earthworks,Dig trench,13:13:41,13:16:03,142.7,2026-06-29_01
100,6,Rest,,13:16:03,13:27:23,679.9,2026-06-29_01
101,10,Fluidizing,Mixing,13:18:11,13:23:39,328.5,2026-06-29_01
102,16,Communication,With other gulper(s),13:23:32,13:27:00,207.7,2026-06-29_01
103,10,Communication,With other gulper(s),13:23:39,13:27:10,211.3,2026-06-29_01
104,16,Rest,,13:27:00,13:37:48,648.5,2026-06-29_01
105,12,Earthworks,Put hole in pit liner,13:27:04,13:27:31,26.9,2026-06-29_01
106,10,Rest,,13:27:10,13:37:45,634.1,2026-06-29_01
107,6,Earthworks,Put hole in pit liner,13:27:23,13:37:35,611.3,2026-06-29_01
108,12,Rest,,13:27:31,13:37:27,595.7,2026-06-29_01
109,12,Extraction,Removing sludge,13:37:27,14:19:11,2504.6,2026-06-29_01
110,6,Rest,,13:37:35,13:38:37,62.7,2026-06-29_01
111,10,Fluidizing,Mixing,13:37:45,13:42:33,288.4,2026-06-29_01
112,16,Fluidizing,Mixing,13:37:48,13:46:45,537.2,2026-06-29_01
113,6,Equipment,Maneuvering,13:38:37,13:42:56,258.9,2026-06-29_01
114,10,Rest,,13:42:33,13:46:37,243.9,2026-06-29_01
115,6,Rest,,13:42:56,13:46:29,212.4,2026-06-29_01
116,6,Extraction,Removing sludge,13:46:29,14:02:43,974.7,2026-06-29_01
117,10,Fluidizing,Mixing,13:46:37,13:54:27,469.7,2026-06-29_01
118,16,Rest,,13:46:45,13:51:11,265.8,2026-06-29_01
119,16,Fluidizing,Mixing,13:51:11,13:55:53,281.4,2026-06-29_01
120,10,Equipment,Maneuvering,13:54:27,14:02:34,487.2,2026-06-29_01
121,16,Rest,,13:55:53,14:00:21,268.5,2026-06-29_01
122,16,Fluidizing,Mixing,14:00:21,14:18:56,1114.7,2026-06-29_01
123,6,Fluidizing,Mixing,14:02:43,14:19:16,993.1,2026-06-29_01
124,16,Rest,,14:18:56,14:28:56,600,2026-06-29_01
125,12,Fluidizing,Mixing,14:19:11,14:32:32,800.2,2026-06-29_01
126,6,Extraction,Removing sludge,14:19:16,14:27:50,513.3,2026-06-29_01
127,6,Equipment,Maneuvering,14:27:50,14:32:37,286.9,2026-06-29_01
128,16,Fluidizing,Mixing,14:28:56,14:32:29,213.2,2026-06-29_01
129,10,Rest,,14:51:24,15:21:42,1818.1,2026-06-29_01
130,16,Rest,,15:21:18,15:22:11,52.6,2026-06-29_01
131,10,Fluidizing,Mixing,15:21:42,15:25:10,207.8,2026-06-29_01
132,12,Rest,,15:21:44,15:21:52,7.4,2026-06-29_01
133,12,Extraction,Removing sludge,15:21:52,15:25:22,210.1,2026-06-29_01
134,6,Rest,,15:21:57,15:21:59,2.8,2026-06-29_01
135,6,Superstructure,Modification,15:21:59,15:29:14,434.8,2026-06-29_01
136,16,Extraction,Removing sludge,15:22:11,15:25:12,181.6,2026-06-29_01
137,10,Rest,,15:25:10,15:29:21,251.2,2026-06-29_01
138,16,Communication,With other gulper(s),15:25:12,15:27:22,129.2,2026-06-29_01
139,12,Equipment,Maneuvering,15:25:22,15:27:15,113.3,2026-06-29_01
140,12,Rest,,15:27:15,15:29:26,130.7,2026-06-29_01
141,16,Rest,,15:27:22,15:29:35,133.3,2026-06-29_01
142,6,Fluidizing,Mixing,15:29:14,15:36:03,408.9,2026-06-29_01
143,10,Fluidizing,Fetching water,15:29:21,15:34:52,331.1,2026-06-29_01
144,12,Fluidizing,Fetching water,15:29:26,15:34:38,312.3,2026-06-29_01
145,16,Fluidizing,Fetching water,15:29:35,15:34:44,309.3,2026-06-29_01
146,12,Fluidizing,Adding water,15:34:38,15:35:24,45.9,2026-06-29_01
147,16,Fluidizing,Adding water,15:34:44,15:35:30,45.8,2026-06-29_01
148,10,Rest,,15:34:52,15:36:17,84.9,2026-06-29_01
149,12,Fluidizing,Mixing,15:35:24,15:37:31,126.7,2026-06-29_01
150,16,Rest,,15:35:30,15:39:32,241.9,2026-06-29_01
151,6,Extraction,Pulling out trash,15:36:03,15:37:40,97,2026-06-29_01
152,10,Extraction,Removing sludge,15:36:17,15:45:26,548.4,2026-06-29_01
153,12,Equipment,Maneuvering,15:37:31,15:42:22,291,2026-06-29_01
154,6,Extraction,Removing sludge,15:37:40,15:45:33,472.5,2026-06-29_01
155,16,Fluidizing,Mixing,15:39:32,15:42:28,176,2026-06-29_01
156,12,Rest,,15:42:22,15:43:44,81.4,2026-06-29_01
157,16,Rest,,15:42:28,15:47:17,289.2,2026-06-29_01
158,12,Communication,With other gulper(s),15:43:44,15:45:18,94.3,2026-06-29_01
159,12,Equipment,Cleaning,15:45:18,15:47:27,128.4,2026-06-29_01
160,10,Communication,With other gulper(s),15:45:26,15:47:32,126.5,2026-06-29_01
161,6,Communication,With other gulper(s),15:45:33,15:47:44,131.1,2026-06-29_01
162,16,Fluidizing,Fetching water,15:47:17,15:49:10,112.8,2026-06-29_01
163,12,Fluidizing,Fetching water,15:47:27,15:49:03,96.6,2026-06-29_01
164,10,Rest,,15:47:32,16:08:13,1240.7,2026-06-29_01
165,6,Fluidizing,Mixing,15:47:44,15:52:18,273.9,2026-06-29_01
166,12,Fluidizing,Mixing,15:49:03,15:53:58,295,2026-06-29_01
167,16,Rest,,15:49:10,15:51:09,119.5,2026-06-29_01
168,16,Extraction,Removing sludge,15:51:09,15:54:09,179.5,2026-06-29_01
169,6,Rest,,15:52:18,15:53:51,93.9,2026-06-29_01
170,6,Extraction,Pulling out trash,15:53:51,15:55:57,125.8,2026-06-29_01
171,12,Extraction,Pulling out trash,15:53:58,16:14:43,1244.8,2026-06-29_01
172,16,Rest,,15:54:09,15:55:49,100.5,2026-06-29_01
173,16,Extraction,Removing sludge,15:55:49,16:00:08,258.6,2026-06-29_01
174,6,Rest,,15:55:57,16:00:27,269.9,2026-06-29_01
175,16,Rest,,16:00:08,16:19:01,1133,2026-06-29_01
176,6,Extraction,Removing sludge,16:00:27,16:04:56,268.3,2026-06-29_01
177,6,Rest,,16:04:56,16:12:12,436.7,2026-06-29_01
178,10,Extraction,Removing sludge,16:08:13,16:11:20,187,2026-06-29_01
179,10,Rest,,16:11:20,16:14:20,180.6,2026-06-29_01
180,6,Extraction,Removing sludge,16:12:12,16:14:13,121.2,2026-06-29_01
181,6,Equipment,Maneuvering,16:14:13,16:16:43,149.7,2026-06-29_01
182,10,Equipment,Maneuvering,16:14:20,16:16:50,149.9,2026-06-29_01
183,12,Fluidizing,Mixing,16:14:43,16:15:22,38.6,2026-06-29_01
184,12,Extraction,Pulling out trash,16:15:22,16:16:57,95.7,2026-06-29_01
185,6,Earthworks,Fill trench,16:16:43,16:26:13,570.2,2026-06-29_01
186,10,Earthworks,Fill trench,16:16:50,16:31:13,862.3,2026-06-29_01
187,12,Extraction,Removing sludge,16:16:57,16:17:56,59.3,2026-06-29_01
188,12,Fluidizing,Fetching water,16:17:56,16:19:24,87.6,2026-06-29_01
189,16,Fluidizing,Fetching water,16:19:01,16:26:22,441.3,2026-06-29_01
190,12,Superstructure,Cleaning,16:19:24,16:26:31,426.5,2026-06-29_01
191,6,Fluidizing,Fetching water,16:26:13,16:31:05,291.6,2026-06-29_01
192,16,Rest,,16:26:22,16:28:59,156.7,2026-06-29_01
193,12,Rest,,16:26:31,16:29:06,155,2026-06-29_01
194,16,Equipment,Cleaning,16:28:59,16:31:35,155.7,2026-06-29_01
195,12,Equipment,Cleaning,16:29:06,16:30:30,84.1,2026-06-29_01
196,12,Communication,With other gulper(s),16:30:30,16:31:17,47.5,2026-06-29_01
197,6,Communication,With other gulper(s),16:31:05,16:31:38,33.3,2026-06-29_01
198,10,Rest,,16:31:13,16:31:42,29.8,2026-06-29_01
199,12,Communication,With other gulper(s),16:31:17,16:31:28,10.3,2026-06-29_01
200,12,Superstructure,Repair,16:31:28,16:37:18,350.9,2026-06-29_01
201,16,Superstructure,Repair,16:31:35,16:33:33,118.6,2026-06-29_01
202,6,Superstructure,Repair,16:31:38,16:37:06,327.8,2026-06-29_01
203,10,Superstructure,Repair,16:31:42,16:33:15,92.5,2026-06-29_01
204,10,Earthworks,Fill trench,16:33:15,17:01:45,1710.4,2026-06-29_01
205,16,Equipment,Cleaning,16:33:33,17:07:40,2047.3,2026-06-29_01
206,6,Earthworks,Fill trench,16:37:06,17:02:23,1517.1,2026-06-29_01
207,12,Earthworks,Fill trench,16:37:18,16:40:18,179.1,2026-06-29_01
208,12,Fluidizing,Fetching water,16:40:18,16:46:43,385,2026-06-29_01
209,12,Superstructure,Cleaning,16:46:43,17:07:47,1264.2,2026-06-29_01
210,10,Rest,,17:01:45,17:08:10,385.3,2026-06-29_01
211,6,Rest,,17:02:23,17:07:54,330.5,2026-06-29_01
212,16,Rest,,17:07:40,17:08:50,69.6,2026-06-29_01
213,12,Rest,,17:07:47,17:08:34,47,2026-06-29_01
214,6,Earthworks,Fill trench,17:07:54,17:09:20,86.3,2026-06-29_01
215,10,Earthworks,Fill trench,17:08:10,17:11:38,207.2,2026-06-29_01
216,12,Earthworks,Fill trench,17:08:34,17:13:18,284.7,2026-06-29_01
217,16,Communication,With other gulper(s),17:08:50,17:11:14,143.5,2026-06-29_01
218,6,Rest,,17:09:20,17:11:02,101.8,2026-06-29_01
219,6,Earthworks,Fill trench,17:11:02,17:16:25,323.8,2026-06-29_01
220,16,Rest,,17:11:14,17:13:12,118,2026-06-29_01
221,10,Rest,,17:11:38,17:13:30,112.4,2026-06-29_01
222,16,Equipment,Cleaning,17:13:12,17:24:09,656.4,2026-06-29_01
223,12,Rest,,17:13:18,17:16:11,172.1,2026-06-29_01
224,10,Equipment,Cleaning,17:13:30,17:16:37,186.6,2026-06-29_01
225,12,Earthworks,Fill trench,17:16:16,17:24:09,472.8,2026-06-29_01
226,6,Rest,,17:16:31,17:24:09,457.8,2026-06-29_01
227,10,Rest,,17:16:37,17:21:27,290.5,2026-06-29_01
228,10,Superstructure,Cleaning,17:21:29,17:24:09,160.1,2026-06-29_01
1,17,Superstructure,Modification,14:39:54,14:42:38,164.1,2026-07-03_02
2,19,Superstructure,Modification,14:40:09,14:42:32,143.6,2026-07-03_02
3,18,Communication,With other gulper(s),14:40:16,14:44:04,228.2,2026-07-03_02
4,3,Superstructure,Modification,14:41:36,14:43:37,120.9,2026-07-03_02
5,19,Equipment,Maneuvering,14:42:32,14:45:07,155.2,2026-07-03_02
6,17,Communication,With other gulper(s),14:42:38,14:44:15,96.6,2026-07-03_02
7,3,Rest,,14:43:37,14:44:28,51.9,2026-07-03_02
8,18,Rest,,14:44:04,14:45:15,71.3,2026-07-03_02
9,17,Fluidizing,Fetching water,14:44:15,14:44:48,33.5,2026-07-03_02
10,3,Fluidizing,Fetching water,14:44:28,14:48:09,220.5,2026-07-03_02
11,17,Fluidizing,Adding water,14:44:48,14:44:51,2.8,2026-07-03_02
12,17,Fluidizing,Mixing,14:44:51,14:46:24,92.9,2026-07-03_02
13,19,Fluidizing,Mixing,14:45:07,14:47:05,117.5,2026-07-03_02
14,18,Equipment,Maneuvering,14:45:15,14:46:16,60.9,2026-07-03_02
15,18,Extraction,Pulling out trash,14:46:16,14:57:03,646.6,2026-07-03_02
16,17,Extraction,Pulling out trash,14:46:24,14:49:55,210.9,2026-07-03_02
17,19,Extraction,Pulling out trash,14:47:05,14:50:02,177.3,2026-07-03_02
18,3,Rest,,14:48:09,14:49:19,70.4,2026-07-03_02
19,3,Extraction,Pulling out trash,14:49:19,14:57:00,460.9,2026-07-03_02
20,17,Fluidizing,Mixing,14:49:55,14:52:49,174,2026-07-03_02
21,19,Fluidizing,Mixing,14:50:02,14:53:11,189.2,2026-07-03_02
22,17,Extraction,Pulling out trash,14:52:49,14:55:51,181.9,2026-07-03_02
23,19,Extraction,Pulling out trash,14:53:11,14:54:58,106.4,2026-07-03_02
24,19,Fluidizing,Mixing,14:54:58,14:55:43,45,2026-07-03_02
25,19,Extraction,Pulling out trash,14:55:43,14:56:45,62.1,2026-07-03_02
26,17,Fluidizing,Mixing,14:55:51,14:58:24,153.2,2026-07-03_02
27,19,Equipment,Maneuvering,14:56:45,14:57:16,31.4,2026-07-03_02
28,3,Rest,,14:57:00,15:00:10,189.9,2026-07-03_02
29,18,Rest,,14:57:03,15:00:18,194.7,2026-07-03_02
30,19,Fluidizing,Mixing,14:57:16,14:58:13,56.7,2026-07-03_02
31,19,Extraction,Pulling out trash,14:58:13,14:59:07,54.3,2026-07-03_02
32,17,Extraction,Pulling out trash,14:58:24,14:59:15,51.2,2026-07-03_02
33,19,Fluidizing,Mixing,14:59:07,15:02:16,188.7,2026-07-03_02
34,17,Fluidizing,Mixing,14:59:15,15:02:12,176.4,2026-07-03_02
35,3,Equipment,Maneuvering,15:00:10,15:01:00,49.7,2026-07-03_02
36,18,Extraction,Pulling out trash,15:00:18,15:01:06,47.9,2026-07-03_02
37,3,Sludge handling,Filling containers,15:01:00,15:03:27,146.8,2026-07-03_02
38,18,Sludge handling,Filling containers,15:01:06,15:09:25,499.5,2026-07-03_02
39,17,Extraction,Pulling out trash,15:02:12,15:03:09,57.7,2026-07-03_02
40,19,Extraction,Pulling out trash,15:02:16,15:06:01,225.2,2026-07-03_02
41,17,Rest,,15:03:09,15:03:18,8.3,2026-07-03_02
42,17,Extraction,Pulling out trash,15:03:18,15:05:56,158,2026-07-03_02
43,3,Extraction,Pulling out trash,15:03:27,15:09:03,336.1,2026-07-03_02
44,17,Fluidizing,Mixing,15:05:56,15:07:59,123.3,2026-07-03_02
45,19,Fluidizing,Mixing,15:06:01,15:08:06,124.7,2026-07-03_02
46,17,Rest,,15:07:59,15:08:11,12.1,2026-07-03_02
47,19,Rest,,15:08:06,15:08:19,12.7,2026-07-03_02
48,17,Rest,,15:08:11,15:10:17,126.5,2026-07-03_02
49,19,Extraction,Pulling out trash,15:08:19,15:10:26,127.6,2026-07-03_02
50,3,Rest,,15:09:03,15:11:21,138.6,2026-07-03_02
51,18,Fluidizing,Fetching water,15:09:25,15:12:24,179,2026-07-03_02
52,17,Extraction,Pulling out trash,15:10:17,15:12:59,162,2026-07-03_02
53,19,Fluidizing,Mixing,15:10:26,15:13:58,212.3,2026-07-03_02
54,3,Extraction,Pulling out trash,15:11:21,15:12:43,81.8,2026-07-03_02
55,18,Extraction,Pulling out trash,15:12:24,15:13:47,82.6,2026-07-03_02
56,3,Fluidizing,Adding water,15:12:43,15:14:05,81.5,2026-07-03_02
57,17,Fluidizing,Mixing,15:12:59,15:13:38,38.3,2026-07-03_02
58,17,Extraction,Pulling out trash,15:13:38,15:16:13,155.3,2026-07-03_02
59,18,Rest,,15:13:47,15:15:45,118.2,2026-07-03_02
60,19,Extraction,Pulling out trash,15:13:58,15:15:13,75,2026-07-03_02
61,3,Rest,,15:14:05,15:14:51,46.2,2026-07-03_02
62,3,Extraction,Pulling out trash,15:14:51,15:15:28,37.7,2026-07-03_02
63,19,Equipment,Cleaning,15:15:13,15:15:18,4.5,2026-07-03_02
64,19,Fluidizing,Mixing,15:15:18,15:15:52,33.8,2026-07-03_02
65,3,Rest,,15:15:28,15:21:25,356.6,2026-07-03_02
66,18,Fluidizing,Fetching water,15:15:45,15:21:56,370.7,2026-07-03_02
67,19,Rest,,15:15:52,15:19:09,197.5,2026-07-03_02
68,17,Communication,With other gulper(s),15:16:13,15:18:32,139.4,2026-07-03_02
69,17,Rest,,15:18:32,15:18:39,6.6,2026-07-03_02
70,17,Equipment,Maneuvering,15:18:39,15:22:25,225.8,2026-07-03_02
71,19,Rest,,15:19:09,15:19:33,24.1,2026-07-03_02
72,19,Fluidizing,Mixing,15:19:33,15:21:14,100.7,2026-07-03_02
73,19,Equipment,Maneuvering,15:21:14,15:22:12,57.9,2026-07-03_02
74,3,Fluidizing,Fetching water,15:21:25,15:26:13,288.1,2026-07-03_02
75,18,Fluidizing,Adding water,15:21:56,15:23:01,65.1,2026-07-03_02
76,19,Fluidizing,Mixing,15:22:12,15:25:35,203.3,2026-07-03_02
77,17,Fluidizing,Mixing,15:22:25,15:24:47,141.7,2026-07-03_02
78,18,Rest,,15:23:01,15:23:20,19.4,2026-07-03_02
79,18,Extraction,Pulling out trash,15:23:20,15:23:53,32.4,2026-07-03_02
80,18,Rest,,15:23:53,15:24:38,45.5,2026-07-03_02
81,18,Extraction,Pulling out trash,15:24:38,15:33:35,536.7,2026-07-03_02
82,17,Extraction,Pulling out trash,15:24:47,15:25:17,30.5,2026-07-03_02
83,17,Extraction,Pulling out trash,15:25:17,15:26:23,65.5,2026-07-03_02
84,19,Extraction,Pulling out trash,15:25:35,15:26:17,42.2,2026-07-03_02
85,3,Fluidizing,Adding water,15:26:13,15:28:41,148,2026-07-03_02
86,19,Rest,,15:26:17,15:27:09,51.6,2026-07-03_02
87,17,Fluidizing,Mixing,15:26:23,15:28:24,121.2,2026-07-03_02
88,19,Fluidizing,Mixing,15:27:09,15:34:29,440,2026-07-03_02
89,17,Extraction,Pulling out trash,15:28:24,15:30:58,153.8,2026-07-03_02
90,3,Extraction,Pulling out trash,15:28:41,15:32:44,243.1,2026-07-03_02
91,17,Fluidizing,Mixing,15:30:58,15:31:12,14.5,2026-07-03_02
92,17,Extraction,Pulling out trash,15:31:12,15:32:38,85.6,2026-07-03_02
93,17,Fluidizing,Mixing,15:32:38,15:33:19,41.5,2026-07-03_02
94,3,Rest,,15:32:44,15:33:38,53.5,2026-07-03_02
95,17,Extraction,Pulling out trash,15:33:19,15:41:54,514.8,2026-07-03_02
96,18,Rest,,15:33:35,15:39:05,330.2,2026-07-03_02
97,3,Extraction,Pulling out trash,15:33:38,15:47:14,816.1,2026-07-03_02
98,19,Extraction,Pulling out trash,15:34:29,15:36:31,122,2026-07-03_02
99,19,Equipment,Maneuvering,15:36:31,15:42:01,330.4,2026-07-03_02
100,18,Extraction,Pulling out trash,15:39:05,15:47:08,483.5,2026-07-03_02
101,17,Fluidizing,Mixing,15:41:54,15:43:02,67.6,2026-07-03_02
102,19,Fluidizing,Mixing,15:42:01,15:44:27,145.6,2026-07-03_02
103,17,Extraction,Pulling out trash,15:43:02,15:44:45,103.5,2026-07-03_02
104,19,Extraction,Pulling out trash,15:44:27,15:48:13,226.1,2026-07-03_02
105,17,Fluidizing,Mixing,15:44:45,15:46:22,96.8,2026-07-03_02
106,17,Extraction,Pulling out trash,15:46:22,15:48:28,126.1,2026-07-03_02
107,18,Rest,,15:47:08,15:49:42,153.9,2026-07-03_02
108,3,Rest,,15:47:14,15:49:31,137.5,2026-07-03_02
109,19,Fluidizing,Mixing,15:48:13,15:50:09,115.6,2026-07-03_02
110,17,Fluidizing,Mixing,15:48:28,15:50:52,143.7,2026-07-03_02
111,3,Extraction,Pulling out trash,15:49:31,15:52:47,195.8,2026-07-03_02
112,18,Extraction,Pulling out trash,15:49:42,15:50:59,77.2,2026-07-03_02
113,19,Extraction,Pulling out trash,15:50:09,15:53:59,230.5,2026-07-03_02
114,17,Extraction,Pulling out trash,15:50:52,15:51:57,65.4,2026-07-03_02
115,18,Rest,,15:50:59,15:52:07,67.8,2026-07-03_02
116,17,Fluidizing,Mixing,15:51:57,15:54:47,169.5,2026-07-03_02
117,18,Sludge handling,Filling containers,15:52:07,15:55:49,221.4,2026-07-03_02
118,3,Rest,,15:52:47,15:54:20,92.8,2026-07-03_02
119,19,Fluidizing,Mixing,15:53:59,15:54:39,40.3,2026-07-03_02
120,3,Sludge handling,Filling containers,15:54:20,15:55:57,97.2,2026-07-03_02
121,19,Rest,,15:54:39,15:56:08,88.6,2026-07-03_02
122,17,Extraction,Pulling out trash,15:54:47,15:57:09,142,2026-07-03_02
123,18,Fluidizing,Fetching water,15:55:49,15:58:16,147.7,2026-07-03_02
124,3,Extraction,Pulling out trash,15:55:57,16:01:18,321.1,2026-07-03_02
125,19,Fluidizing,Mixing,15:56:08,15:56:51,43.3,2026-07-03_02
126,19,Rest,,15:56:51,15:59:05,133.5,2026-07-03_02
127,17,Fluidizing,Mixing,15:57:09,15:57:22,13.8,2026-07-03_02
128,17,Extraction,Pulling out trash,15:57:22,15:58:50,87.2,2026-07-03_02
129,18,Fluidizing,Adding water,15:58:16,16:01:23,186.4,2026-07-03_02
130,17,Fluidizing,Mixing,15:58:50,16:01:01,131.2,2026-07-03_02
131,19,Fluidizing,Mixing,15:59:05,16:02:18,193,2026-07-03_02
132,17,Extraction,Pulling out trash,16:01:01,16:02:05,64.5,2026-07-03_02
133,3,Rest,,16:01:18,16:03:19,120.8,2026-07-03_02
134,18,Rest,,16:01:23,16:03:14,111.7,2026-07-03_02
135,17,Fluidizing,Mixing,16:02:05,16:04:40,154.5,2026-07-03_02
136,19,Extraction,Pulling out trash,16:02:18,16:03:29,70.8,2026-07-03_02
137,18,Communication,With other gulper(s),16:03:14,16:06:05,170.6,2026-07-03_02
138,3,Extraction,Pulling out trash,16:03:19,16:06:11,171.5,2026-07-03_02
139,19,Fluidizing,Mixing,16:03:29,16:05:25,116.7,2026-07-03_02
140,17,Extraction,Pulling out trash,16:04:40,16:05:35,54.9,2026-07-03_02
141,19,Extraction,Pulling out trash,16:05:25,16:07:41,135.7,2026-07-03_02
142,17,Fluidizing,Mixing,16:05:35,16:07:49,134.7,2026-07-03_02
143,18,Rest,,16:06:05,16:15:14,549.3,2026-07-03_02
144,3,Rest,,16:06:11,16:14:21,490.7,2026-07-03_02
145,19,Fluidizing,Mixing,16:07:41,16:13:55,374.6,2026-07-03_02
146,17,Extraction,Pulling out trash,16:07:49,16:13:42,352.5,2026-07-03_02
147,17,Fluidizing,Mixing,16:13:42,16:15:03,81.1,2026-07-03_02
148,19,Extraction,Pulling out trash,16:13:55,16:16:19,143.6,2026-07-03_02
149,3,Extraction,Pulling out trash,16:14:21,16:17:15,173.3,2026-07-03_02
150,17,Extraction,Pulling out trash,16:15:03,16:16:15,72.1,2026-07-03_02
151,18,Extraction,Pulling out trash,16:15:14,16:17:09,114.5,2026-07-03_02
152,17,Rest,,16:16:15,16:18:48,152.9,2026-07-03_02
153,19,Rest,,16:16:19,16:19:17,177.6,2026-07-03_02
154,18,Fluidizing,Fetching water,16:17:09,16:19:02,113.2,2026-07-03_02
155,3,Fluidizing,Fetching water,16:17:15,16:18:55,100.4,2026-07-03_02
156,17,Fluidizing,Mixing,16:18:48,16:20:14,86,2026-07-03_02
157,3,Rest,,16:18:55,16:21:48,173.5,2026-07-03_02
158,18,Fluidizing,Adding water,16:19:02,16:21:43,161.3,2026-07-03_02
159,19,Fluidizing,Mixing,16:19:17,16:23:05,228.5,2026-07-03_02
160,17,Extraction,Pulling out trash,16:20:14,16:20:50,35.9,2026-07-03_02
161,17,Fluidizing,Mixing,16:20:50,16:22:11,81.1,2026-07-03_02
162,18,Rest,,16:21:43,16:23:31,108.3,2026-07-03_02
163,3,Extraction,Pulling out trash,16:21:48,16:23:22,94,2026-07-03_02
164,17,Extraction,Pulling out trash,16:22:11,16:25:18,186.4,2026-07-03_02
165,19,Extraction,Pulling out trash,16:23:05,16:25:12,126.6,2026-07-03_02
166,3,Rest,,16:23:22,16:25:32,129.5,2026-07-03_02
167,18,Extraction,Pulling out trash,16:23:31,16:25:38,127,2026-07-03_02
168,19,Equipment,Maneuvering,16:25:12,16:28:38,206.8,2026-07-03_02
169,17,Equipment,Maneuvering,16:25:18,16:28:36,198.5,2026-07-03_02
170,3,Earthworks,Dig trench,16:25:32,16:58:57,2005.2,2026-07-03_02
171,18,Equipment,Maneuvering,16:25:38,16:28:32,173.2,2026-07-03_02
172,18,Fluidizing,Fetching water,16:28:32,16:33:45,313.4,2026-07-03_02
173,17,Rest,,16:28:36,16:31:32,175.6,2026-07-03_02
174,19,Rest,,16:28:38,16:33:41,303,2026-07-03_02
175,17,Equipment,Maneuvering,16:31:32,16:34:33,181.8,2026-07-03_02
176,19,Communication,With other gulper(s),16:33:41,16:34:39,57.9,2026-07-03_02
177,18,Communication,With other gulper(s),16:33:45,16:35:02,77.1,2026-07-03_02
178,17,Extraction,Removing sludge,16:34:33,16:39:28,294.3,2026-07-03_02
179,19,Rest,,16:34:39,16:36:53,133.8,2026-07-03_02
180,18,Equipment,Maneuvering,16:35:02,16:36:01,58.8,2026-07-03_02
181,18,Rest,,16:36:01,16:39:16,195.2,2026-07-03_02
182,19,Equipment,Maneuvering,16:36:53,16:39:22,148.6,2026-07-03_02
183,18,Fluidizing,Fetching water,16:39:16,16:50:32,676.4,2026-07-03_02
184,19,Fluidizing,Fetching water,16:39:22,16:42:48,206.1,2026-07-03_02
185,17,Rest,,16:39:28,16:42:45,197.5,2026-07-03_02
186,17,Fluidizing,Adding water,16:42:45,16:47:18,272.4,2026-07-03_02
187,19,Fluidizing,Adding water,16:42:48,16:45:00,132,2026-07-03_02
188,19,Fluidizing,Mixing,16:45:00,16:46:41,101.2,2026-07-03_02
189,19,Extraction,Pulling out trash,16:46:41,16:47:09,27.8,2026-07-03_02
190,19,Fluidizing,Mixing,16:47:09,16:48:18,68.7,2026-07-03_02
191,17,Fluidizing,Fetching water,16:47:18,16:50:24,186.1,2026-07-03_02
192,19,Extraction,Pulling out trash,16:48:18,16:49:51,93.7,2026-07-03_02
193,19,Equipment,Cleaning,16:49:51,16:49:54,3.3,2026-07-03_02
194,19,Fluidizing,Mixing,16:49:55,16:55:53,358.2,2026-07-03_02
195,17,Equipment,Maneuvering,16:50:24,16:55:56,331.8,2026-07-03_02
196,18,Communication,With other gulper(s),16:50:32,16:52:10,97.6,2026-07-03_02
197,18,Equipment,Maneuvering,16:52:10,16:56:02,232.3,2026-07-03_02
198,19,Rest,,16:55:53,16:56:56,63.3,2026-07-03_02
199,17,Rest,,16:55:56,16:56:43,47.3,2026-07-03_02
200,18,Rest,,16:56:02,16:57:01,58.6,2026-07-03_02
201,17,Extraction,Pulling out trash,16:56:43,16:56:46,2.9,2026-07-03_02
202,17,Extraction,Removing sludge,16:56:46,17:02:26,339.9,2026-07-03_02
203,19,Communication,With other gulper(s),16:56:56,16:59:40,163.5,2026-07-03_02
204,18,Communication,With other gulper(s),16:57:01,17:02:32,331,2026-07-03_02
205,3,Rest,,16:58:57,17:06:49,472.3,2026-07-03_02
206,19,Equipment,Maneuvering,16:59:40,17:00:51,71.6,2026-07-03_02
207,19,Rest,,17:00:51,17:04:55,244,2026-07-03_02
208,17,Rest,,17:02:26,17:04:29,122.9,2026-07-03_02
209,18,Rest,,17:02:32,17:04:49,137.4,2026-07-03_02
210,17,Equipment,Maneuvering,17:04:29,17:11:58,449.6,2026-07-03_02
211,18,Equipment,Maneuvering,17:04:49,17:11:52,423,2026-07-03_02
212,19,Equipment,Maneuvering,17:04:55,17:12:03,427.9,2026-07-03_02
213,3,Equipment,Maneuvering,17:06:49,17:12:06,316.1,2026-07-03_02
214,18,Fluidizing,Fetching water,17:11:52,17:27:44,951.6,2026-07-03_02
215,17,Fluidizing,Fetching water,17:11:58,17:12:50,51.5,2026-07-03_02
216,19,Rest,,17:12:03,17:12:44,41.3,2026-07-03_02
217,3,Rest,,17:12:06,17:13:02,56.4,2026-07-03_02
218,19,Fluidizing,Mixing,17:12:44,17:17:48,304.1,2026-07-03_02
219,17,Fluidizing,Adding water,17:12:50,17:12:56,6,2026-07-03_02
220,17,Fluidizing,Adding water,17:12:56,17:14:40,103.9,2026-07-03_02
221,3,Fluidizing,Fetching water,17:13:02,17:20:52,470.5,2026-07-03_02
222,17,Fluidizing,Fetching water,17:14:40,17:16:27,107.6,2026-07-03_02
223,17,Fluidizing,Adding water,17:16:27,17:16:39,12,2026-07-03_02
224,17,Equipment,Maneuvering,17:16:39,17:26:52,612.7,2026-07-03_02
225,19,Rest,,17:17:48,17:20:58,190,2026-07-03_02
226,3,Rest,,17:20:52,17:22:38,105.3,2026-07-03_02
227,19,Fluidizing,Mixing,17:20:58,17:22:44,105.9,2026-07-03_02
228,3,Equipment,Cleaning,17:22:38,17:24:28,110.2,2026-07-03_02
229,19,Rest,,17:22:44,17:24:21,96.2,2026-07-03_02
230,19,Extraction,Removing sludge,17:24:21,17:26:31,130.7,2026-07-03_02
231,3,Extraction,Removing sludge,17:24:28,17:27:52,203.9,2026-07-03_02
232,19,Rest,,17:26:31,17:36:32,601,2026-07-03_02
233,17,Disposal,,17:26:52,17:30:05,192.7,2026-07-03_02
234,18,Disposal,,17:27:44,17:30:43,179.3,2026-07-03_02
235,3,Disposal,,17:27:52,17:36:46,534.6,2026-07-03_02
236,17,Extraction,Removing sludge,17:30:05,17:36:36,391.7,2026-07-03_02
237,18,Extraction,Removing sludge,17:30:43,17:42:30,707,2026-07-03_02
238,19,Extraction,Removing sludge,17:36:32,17:41:42,309.9,2026-07-03_02
239,17,Communication,With other gulper(s),17:36:36,17:41:52,315.1,2026-07-03_02
240,3,Extraction,Removing sludge,17:41:09,18:00:44,1175.2,2026-07-03_02
241,19,Rest,,17:41:42,17:45:51,249.4,2026-07-03_02
242,17,Equipment,Maneuvering,17:41:52,17:46:24,272.4,2026-07-03_02
243,18,Rest,,17:42:30,17:44:43,132.7,2026-07-03_02
244,18,Equipment,Cleaning,17:44:43,17:46:02,79.2,2026-07-03_02
245,18,Equipment,Maneuvering,17:46:02,17:48:54,171.8,2026-07-03_02
246,19,Earthworks,Fill trench,17:50:11,17:59:07,535.6,2026-07-03_02
247,17,Extraction,Removing sludge,17:50:42,17:59:00,497.5,2026-07-03_02
248,18,Extraction,Removing sludge,17:53:17,17:59:14,357.1,2026-07-03_02
249,17,Earthworks,Dig trench,17:59:00,18:07:04,484,2026-07-03_02
250,19,Rest,,17:59:07,18:06:48,460.7,2026-07-03_02
251,18,Earthworks,Dig trench,17:59:14,18:06:24,429.8,2026-07-03_02
252,3,Earthworks,Dig trench,18:00:44,18:08:12,447.8,2026-07-03_02
253,18,Rest,,18:06:24,18:08:04,99.8,2026-07-03_02
254,19,Earthworks,Dig trench,18:06:48,18:11:37,289.2,2026-07-03_02
255,17,Extraction,Removing sludge,18:07:04,18:25:54,1130.4,2026-07-03_02
256,18,Equipment,Maneuvering,18:08:04,18:09:54,110.9,2026-07-03_02
257,3,Extraction,Removing sludge,18:08:12,18:25:59,1066.9,2026-07-03_02
258,18,Extraction,Removing sludge,18:09:54,18:18:26,511.5,2026-07-03_02
259,19,Equipment,Maneuvering,18:11:37,18:18:40,422.6,2026-07-03_02
260,18,Sludge handling,Container transport,18:18:26,18:21:13,167.4,2026-07-03_02
261,19,Sludge handling,Filling containers,18:18:40,18:21:19,159,2026-07-03_02
262,18,Communication,With other gulper(s),18:21:13,18:23:32,138.9,2026-07-03_02
263,19,Communication,With other gulper(s),18:21:19,18:23:37,138.5,2026-07-03_02
264,18,Sludge handling,Container transport,18:23:32,18:28:26,293.3,2026-07-03_02
265,19,Sludge handling,Container transport,18:23:37,18:28:32,295,2026-07-03_02
266,17,Earthworks,Fill trench,18:25:54,18:34:27,513.4,2026-07-03_02
267,3,Earthworks,Fill trench,18:25:59,18:33:18,439.7,2026-07-03_02
268,18,Superstructure,Cleaning,18:28:26,18:30:36,130.8,2026-07-03_02
269,19,Rest,,18:28:32,18:30:31,118.7,2026-07-03_02
270,18,Fluidizing,Fetching water,18:30:36,18:34:07,210.5,2026-07-03_02
271,3,Fluidizing,Fetching water,18:33:18,18:34:52,93.8,2026-07-03_02
272,18,Superstructure,Cleaning,18:34:07,18:36:20,133.5,2026-07-03_02
273,17,Equipment,Cleaning,18:34:27,18:44:30,602.5,2026-07-03_02
274,18,Fluidizing,Fetching water,18:36:20,18:40:44,263.2,2026-07-03_02
275,19,Superstructure,Cleaning,18:36:56,18:52:33,936.9,2026-07-03_02
276,18,Equipment,Cleaning,18:40:44,18:44:36,232.9,2026-07-03_02
277,3,Equipment,Cleaning,18:42:06,18:53:21,674.7,2026-07-03_02
278,18,Fluidizing,Fetching water,18:44:36,18:45:14,37.6,2026-07-03_02
279,17,Fluidizing,Fetching water,18:50:45,18:52:23,98.3,2026-07-03_02
280,17,Equipment,Cleaning,18:52:23,18:53:56,93.5,2026-07-03_02
281,19,Equipment,Cleaning,18:52:33,18:54:21,107.9,2026-07-03_02
282,3,Superstructure,Repair,18:53:21,18:59:15,354,2026-07-03_02
283,17,Superstructure,Repair,18:53:56,18:56:00,123.7,2026-07-03_02
284,19,Superstructure,Repair,18:54:21,18:55:47,85.8,2026-07-03_02
285,18,Equipment,Cleaning,18:54:47,18:55:39,52.2,2026-07-03_02
286,18,Equipment,Maneuvering,18:55:39,18:59:12,212.4,2026-07-03_02
287,17,Equipment,Cleaning,18:56:00,18:59:03,182.7,2026-07-03_02
288,19,Rest,,18:59:03,19:03:58,295.2,2026-07-03_02
289,17,Equipment,Maneuvering,18:59:03,18:59:41,38.7,2026-07-03_02
290,3,Rest,,18:59:15,18:59:55,40.1,2026-07-03_02
291,17,Earthworks,Fill trench,18:59:41,19:01:02,80.3,2026-07-03_02
292,17,Communication,With other gulper(s),19:01:17,19:01:54,37.2,2026-07-03_02
293,17,Equipment,Cleaning,19:01:57,19:03:58,120.5,2026-07-03_02
294,18,Rest,,19:02:22,19:03:58,96.3,2026-07-03_02
295,3,Superstructure,Repair,19:02:59,19:03:58,58.9,2026-07-03_02
1,1,Earthworks,Dig trench,10:45:06,10:50:28,321.6,2026-07-09_01
2,14,Earthworks,Dig trench,10:45:14,10:47:02,107.2,2026-07-09_01
3,10,Rest,,10:45:19,10:46:00,40.7,2026-07-09_01
4,16,Superstructure,Inspection,10:45:25,10:47:48,143.1,2026-07-09_01
5,10,Superstructure,Modification,10:46:00,10:47:45,105.3,2026-07-09_01
6,14,Rest,,10:47:02,10:48:26,84.6,2026-07-09_01
7,10,Fluidizing,Fetching water,10:47:45,10:55:24,459.2,2026-07-09_01
8,16,Fluidizing,Fetching water,10:47:48,10:55:27,459.1,2026-07-09_01
9,14,Earthworks,Dig trench,10:48:26,10:58:21,594.9,2026-07-09_01
10,1,Rest,,10:50:28,10:52:21,113.7,2026-07-09_01
11,1,Earthworks,Dig trench,10:52:21,10:54:29,127.5,2026-07-09_01
12,1,Rest,,10:54:29,10:55:33,63.7,2026-07-09_01
13,10,Rest,,10:55:24,10:55:47,22.4,2026-07-09_01
14,16,Rest,,10:55:27,10:58:45,198.3,2026-07-09_01
15,1,Earthworks,Dig trench,10:55:33,10:58:18,165.4,2026-07-09_01
16,10,Earthworks,Dig trench,10:55:47,11:04:27,520.4,2026-07-09_01
17,1,Communication,With other gulper(s),10:58:18,10:58:33,15,2026-07-09_01
18,14,Rest,,10:58:21,10:58:49,28.1,2026-07-09_01
19,1,Earthworks,Dig trench,10:58:33,11:12:45,851.9,2026-07-09_01
20,16,Earthworks,Dig trench,10:58:45,11:03:55,309.3,2026-07-09_01
21,14,Earthworks,Dig trench,10:58:49,11:01:12,143.2,2026-07-09_01
22,14,Rest,,11:01:12,11:05:54,281.6,2026-07-09_01
23,16,Rest,,11:03:55,11:06:05,130.9,2026-07-09_01
24,10,Rest,,11:04:27,11:07:24,177.5,2026-07-09_01
25,14,Earthworks,Dig trench,11:05:54,11:11:59,364.7,2026-07-09_01
26,16,Earthworks,Dig trench,11:06:05,11:10:46,280.6,2026-07-09_01
27,10,Earthworks,Dig trench,11:07:24,11:08:26,61.2,2026-07-09_01
28,10,Rest,,11:08:26,11:10:53,147.7,2026-07-09_01
29,16,Rest,,11:10:46,11:12:06,79.5,2026-07-09_01
30,10,Earthworks,Dig trench,11:10:53,11:11:53,59.6,2026-07-09_01
31,10,Rest,,11:11:53,11:14:18,144.6,2026-07-09_01
32,14,Rest,,11:11:59,11:17:00,301,2026-07-09_01
33,16,Earthworks,Dig trench,11:12:06,11:17:18,312.9,2026-07-09_01
34,1,Rest,,11:12:45,11:14:31,105.8,2026-07-09_01
35,10,Earthworks,Dig trench,11:14:18,11:14:48,30.2,2026-07-09_01
36,1,Earthworks,Dig trench,11:14:31,11:16:21,109.9,2026-07-09_01
37,10,Rest,,11:14:48,11:17:07,139.3,2026-07-09_01
38,1,Rest,,11:16:21,11:17:13,52.2,2026-07-09_01
39,14,Earthworks,Dig trench,11:17:00,11:24:29,449.3,2026-07-09_01
40,10,Earthworks,Dig trench,11:17:07,11:18:13,66.2,2026-07-09_01
41,1,Earthworks,Dig trench,11:17:13,11:24:37,443.9,2026-07-09_01
42,16,Rest,,11:17:18,11:19:05,106.6,2026-07-09_01
43,10,Rest,,11:18:13,11:18:56,43,2026-07-09_01
44,10,Earthworks,Dig trench,11:18:56,11:20:16,79.7,2026-07-09_01
45,16,Communication,With other gulper(s),11:19:05,11:20:25,79.7,2026-07-09_01
46,10,Rest,,11:20:16,11:22:10,113.9,2026-07-09_01
47,16,Rest,,11:20:25,11:22:16,111.5,2026-07-09_01
48,10,Earthworks,Dig trench,11:22:10,11:23:05,54.5,2026-07-09_01
49,16,Communication,With other gulper(s),11:22:16,11:28:29,372.5,2026-07-09_01
50,10,Equipment,Maneuvering,11:23:05,11:24:32,87.8,2026-07-09_01
51,14,Communication,With other gulper(s),11:24:29,11:28:23,234.1,2026-07-09_01
52,10,Rest,,11:24:32,11:32:13,460.3,2026-07-09_01
53,1,Rest,,11:24:37,11:28:12,215.4,2026-07-09_01
54,1,Superstructure,Modification,11:28:12,11:33:39,327,2026-07-09_01
55,14,Superstructure,Modification,11:28:23,11:34:01,337.9,2026-07-09_01
56,16,Rest,,11:28:29,11:32:01,212.2,2026-07-09_01
57,16,Superstructure,Modification,11:32:01,11:36:16,255.5,2026-07-09_01
58,10,Superstructure,Modification,11:32:13,11:33:50,97,2026-07-09_01
59,1,Fluidizing,Mixing,11:33:39,11:36:25,165.9,2026-07-09_01
60,10,Fluidizing,Adding water,11:33:50,11:36:40,170.2,2026-07-09_01
61,14,Fluidizing,Adding water,11:34:01,11:35:18,77.3,2026-07-09_01
62,14,Earthworks,Dig trench,11:35:18,11:36:46,87.6,2026-07-09_01
63,16,Fluidizing,Mixing,11:36:16,11:41:35,318.3,2026-07-09_01
64,1,Extraction,Pulling out trash,11:36:25,11:37:29,64,2026-07-09_01
65,10,Extraction,Pulling out trash,11:36:40,11:37:22,42.3,2026-07-09_01
66,14,Communication,With other gulper(s),11:36:46,11:37:55,68.8,2026-07-09_01
67,10,Rest,,11:37:22,11:40:16,173.8,2026-07-09_01
68,1,Fluidizing,Mixing,11:37:29,11:40:23,174,2026-07-09_01
69,14,Earthworks,Dig trench,11:37:55,11:40:08,133.2,2026-07-09_01
70,14,Equipment,Maneuvering,11:40:08,11:42:44,156.4,2026-07-09_01
71,10,Extraction,Pulling out trash,11:40:16,11:47:27,431.4,2026-07-09_01
72,1,Extraction,Pulling out trash,11:40:23,11:42:39,136.3,2026-07-09_01
73,16,Extraction,Pulling out trash,11:41:35,11:44:58,203.7,2026-07-09_01
74,1,Fluidizing,Mixing,11:42:39,11:44:23,103.3,2026-07-09_01
75,14,Rest,,11:42:44,11:45:10,145.6,2026-07-09_01
76,1,Extraction,Pulling out trash,11:44:23,11:49:34,311.6,2026-07-09_01
77,16,Fluidizing,Fetching water,11:44:58,11:45:03,5,2026-07-09_01
78,16,Fluidizing,Mixing,11:45:03,11:46:02,58.7,2026-07-09_01
79,14,Extraction,Pulling out trash,11:45:10,11:45:56,45.6,2026-07-09_01
80,14,Communication,With other gulper(s),11:45:56,11:47:21,85,2026-07-09_01
81,16,Communication,With other gulper(s),11:46:02,11:47:07,65,2026-07-09_01
82,16,Fluidizing,Mixing,11:47:07,11:51:43,276.3,2026-07-09_01
83,14,Extraction,Pulling out trash,11:47:21,11:49:14,113.6,2026-07-09_01
84,10,Rest,,11:47:27,11:48:11,43.4,2026-07-09_01
85,10,Extraction,Pulling out trash,11:48:11,11:49:42,91.3,2026-07-09_01
86,14,Communication,With other gulper(s),11:49:14,11:49:56,41.9,2026-07-09_01
87,1,Fluidizing,Mixing,11:49:34,11:50:58,84.1,2026-07-09_01
88,10,Rest,,11:49:42,11:50:42,60,2026-07-09_01
89,14,Fluidizing,Adding water,11:49:56,11:51:51,114.8,2026-07-09_01
90,10,Extraction,Pulling out trash,11:50:42,11:52:43,121.1,2026-07-09_01
91,1,Extraction,Pulling out trash,11:50:58,11:52:27,88.4,2026-07-09_01
92,16,Extraction,Pulling out trash,11:51:43,11:52:49,65.2,2026-07-09_01
93,14,Extraction,Pulling out trash,11:51:51,11:52:57,65.8,2026-07-09_01
94,1,Fluidizing,Fetching water,11:52:27,11:52:29,2.5,2026-07-09_01
95,1,Fluidizing,Mixing,11:52:29,11:57:17,288.2,2026-07-09_01
96,10,Rest,,11:52:43,11:54:28,105.1,2026-07-09_01
97,16,Extraction,Removing sludge,11:52:49,11:54:11,82,2026-07-09_01
98,14,Communication,With other gulper(s),11:52:57,11:54:01,64.2,2026-07-09_01
99,14,Rest,,11:54:01,11:55:11,69.6,2026-07-09_01
100,16,Fluidizing,Mixing,11:54:11,11:55:16,65.2,2026-07-09_01
101,10,Extraction,Pulling out trash,11:54:28,11:58:35,246.9,2026-07-09_01
102,14,Communication,With other gulper(s),11:55:11,11:56:25,74,2026-07-09_01
103,16,Rest,,11:55:16,11:55:46,30.2,2026-07-09_01
104,16,Equipment,Cleaning,11:55:46,11:56:16,29.6,2026-07-09_01
105,16,Fluidizing,Adding water,11:56:16,11:58:27,131.4,2026-07-09_01
106,14,Equipment,Maneuvering,11:56:25,11:58:22,117.6,2026-07-09_01
107,1,Extraction,Removing sludge,11:57:17,12:02:43,326,2026-07-09_01
108,14,Extraction,Removing sludge,11:58:22,12:02:48,265.9,2026-07-09_01
109,16,Rest,,11:58:27,12:00:29,122.4,2026-07-09_01
110,10,Rest,,11:58:35,11:59:34,59.3,2026-07-09_01
111,10,Equipment,Maneuvering,11:59:34,12:02:03,148.6,2026-07-09_01
112,16,Fluidizing,Mixing,12:00:29,12:01:01,31.1,2026-07-09_01
113,16,Fluidizing,Adding water,12:01:01,12:01:28,27.9,2026-07-09_01
114,16,Fluidizing,Mixing,12:01:28,12:06:44,315.9,2026-07-09_01
115,10,Disposal,,12:02:03,12:02:58,55.4,2026-07-09_01
116,1,Equipment,Maneuvering,12:02:43,12:04:29,105.9,2026-07-09_01
117,14,Equipment,Maneuvering,12:02:48,12:04:35,106.9,2026-07-09_01
118,10,Rest,,12:02:58,12:04:08,70.1,2026-07-09_01
119,10,Equipment,Maneuvering,12:04:08,12:06:52,163.2,2026-07-09_01
120,1,Extraction,Removing sludge,12:04:29,12:06:56,146.4,2026-07-09_01
121,14,Extraction,Removing sludge,12:04:35,12:07:10,155.3,2026-07-09_01
122,16,Rest,,12:06:44,12:08:04,79.5,2026-07-09_01
123,10,Rest,,12:06:52,12:08:58,126.7,2026-07-09_01
124,1,Equipment,Maneuvering,12:06:56,12:08:25,89.4,2026-07-09_01
125,14,Equipment,Maneuvering,12:07:10,12:08:30,79.7,2026-07-09_01
126,16,Fluidizing,Mixing,12:08:04,12:11:01,176.9,2026-07-09_01
127,1,Extraction,Removing sludge,12:08:25,12:10:52,147.2,2026-07-09_01
128,14,Extraction,Removing sludge,12:08:30,12:10:56,145.8,2026-07-09_01
129,10,Extraction,Removing sludge,12:08:58,12:10:44,106.1,2026-07-09_01
130,10,Travel,On errand,12:10:44,12:12:39,114.2,2026-07-09_01
131,1,Rest,,12:10:52,12:12:57,124.7,2026-07-09_01
132,14,Rest,,12:10:56,12:12:51,115.4,2026-07-09_01
133,16,Rest,,12:11:01,12:12:28,87.6,2026-07-09_01
134,16,Fluidizing,Mixing,12:12:28,12:17:00,272.2,2026-07-09_01
135,10,Rest,,12:12:39,12:17:29,289.9,2026-07-09_01
136,14,Rest,,12:12:51,12:17:20,268.4,2026-07-09_01
137,1,Travel,On errand,12:12:57,12:17:09,252.2,2026-07-09_01
138,16,Rest,,12:17:00,12:19:06,125.3,2026-07-09_01
139,1,Extraction,Pulling out trash,12:17:09,12:19:29,139.8,2026-07-09_01
140,14,Extraction,Pulling out trash,12:17:20,12:20:32,192.8,2026-07-09_01
141,10,Extraction,Pulling out trash,12:17:29,12:21:29,240.3,2026-07-09_01
142,16,Fluidizing,Fetching water,12:19:06,12:19:50,44.5,2026-07-09_01
143,1,Fluidizing,Fetching water,12:19:29,12:20:27,57.7,2026-07-09_01
144,16,Equipment,Maneuvering,12:19:50,12:27:04,434,2026-07-09_01
145,1,Equipment,Maneuvering,12:20:27,12:26:31,364.6,2026-07-09_01
146,14,Equipment,Maneuvering,12:20:32,12:22:24,111.7,2026-07-09_01
147,10,Communication,With other gulper(s),12:21:29,12:22:30,61,2026-07-09_01
148,14,Equipment,Cleaning,12:22:24,12:24:01,96.6,2026-07-09_01
149,10,Rest,,12:22:30,12:26:35,245.5,2026-07-09_01
150,14,Equipment,Maneuvering,12:24:01,12:26:19,138.8,2026-07-09_01
151,14,Communication,With other gulper(s),12:26:19,12:30:19,239.9,2026-07-09_01
152,1,Fluidizing,Mixing,12:26:31,12:30:15,223.5,2026-07-09_01
153,10,Extraction,Pulling out trash,12:26:35,12:30:08,213,2026-07-09_01
154,16,Fluidizing,Mixing,12:27:04,12:33:54,409.7,2026-07-09_01
155,10,Rest,,12:30:08,12:33:00,171.3,2026-07-09_01
156,1,Extraction,Pulling out trash,12:30:15,12:42:35,740.2,2026-07-09_01
157,14,Extraction,Pulling out trash,12:30:19,12:32:45,145.6,2026-07-09_01
158,14,Rest,,12:32:45,12:34:03,78.5,2026-07-09_01
159,10,Extraction,Pulling out trash,12:33:00,12:34:08,68.7,2026-07-09_01
160,16,Rest,,12:33:54,12:42:03,488.7,2026-07-09_01
161,14,Communication,With other gulper(s),12:34:03,12:35:58,114.3,2026-07-09_01
162,10,Rest,,12:34:08,12:36:45,156.3,2026-07-09_01
163,14,Equipment,Maneuvering,12:35:58,12:36:58,60.6,2026-07-09_01
164,10,Extraction,Pulling out trash,12:36:45,12:38:04,79.7,2026-07-09_01
165,14,Extraction,Pulling out trash,12:36:58,12:37:57,58.2,2026-07-09_01
166,14,Equipment,Maneuvering,12:37:57,12:44:30,393.6,2026-07-09_01
167,10,Rest,,12:38:04,12:42:42,277.8,2026-07-09_01
168,16,Fluidizing,Mixing,12:42:03,12:46:31,267.8,2026-07-09_01
169,1,Fluidizing,Mixing,12:42:35,12:43:17,42.3,2026-07-09_01
170,10,Extraction,Pulling out trash,12:42:42,12:51:16,514.2,2026-07-09_01
171,1,Extraction,Pulling out trash,12:43:17,12:51:23,485.7,2026-07-09_01
172,14,Extraction,Pulling out trash,12:44:30,12:44:33,2.5,2026-07-09_01
173,14,Extraction,Removing sludge,12:44:33,12:46:37,124.2,2026-07-09_01
174,16,Extraction,Pulling out trash,12:46:31,12:51:48,317.5,2026-07-09_01
175,14,Rest,,12:46:37,12:50:22,225.7,2026-07-09_01
176,14,Extraction,Pulling out trash,12:50:22,12:52:12,109.9,2026-07-09_01
177,10,Rest,,12:51:16,12:52:18,61.5,2026-07-09_01
178,1,Fluidizing,Mixing,12:51:23,12:55:52,268.8,2026-07-09_01
179,16,Rest,,12:51:48,12:57:24,336,2026-07-09_01
180,14,Fluidizing,Mixing,12:52:12,12:58:07,354.3,2026-07-09_01
181,10,Extraction,Pulling out trash,12:52:18,12:55:43,205.5,2026-07-09_01
182,10,Rest,,12:55:43,12:58:30,166.4,2026-07-09_01
183,1,Fluidizing,Mixing,12:55:52,12:57:31,99.5,2026-07-09_01
184,16,Communication,With other gulper(s),12:57:24,12:58:02,38.2,2026-07-09_01
185,1,Extraction,Pulling out trash,12:57:31,13:00:21,169.6,2026-07-09_01
186,16,Equipment,Maneuvering,12:58:02,12:59:48,106.2,2026-07-09_01
187,14,Rest,,12:58:07,12:58:58,51.3,2026-07-09_01
188,10,Extraction,Pulling out trash,12:58:30,13:01:52,202,2026-07-09_01
189,14,Equipment,Cleaning,12:58:58,13:00:00,61.7,2026-07-09_01
190,16,Extraction,Pulling out trash,12:59:48,13:01:48,119.7,2026-07-09_01
191,14,Fluidizing,Mixing,13:00:00,13:02:05,125.6,2026-07-09_01
192,1,Fluidizing,Mixing,13:00:21,13:08:26,485.4,2026-07-09_01
193,16,Rest,,13:01:48,13:05:37,228.5,2026-07-09_01
194,10,Rest,,13:01:52,13:05:10,198.6,2026-07-09_01
195,14,Extraction,Pulling out trash,13:02:05,13:02:08,2.8,2026-07-09_01
196,14,Extraction,Removing sludge,13:02:08,13:26:52,1484.1,2026-07-09_01
197,10,Fluidizing,Fetching water,13:05:10,13:10:24,313.1,2026-07-09_01
198,16,Extraction,Removing sludge,13:05:37,13:07:44,127.2,2026-07-09_01
199,16,Rest,,13:07:44,13:12:36,291.7,2026-07-09_01
200,1,Extraction,Pulling out trash,13:08:26,13:10:09,102.8,2026-07-09_01
201,1,Fluidizing,Mixing,13:10:09,13:13:33,204.1,2026-07-09_01
202,10,Travel,On errand,13:10:24,13:10:51,27,2026-07-09_01
203,10,Rest,,13:10:51,13:19:30,519.7,2026-07-09_01
204,16,Communication,With other gulper(s),13:12:36,13:12:45,9.4,2026-07-09_01
205,16,Extraction,Removing sludge,13:12:45,13:15:34,169.3,2026-07-09_01
206,1,Travel,On errand,13:13:33,13:14:51,77.4,2026-07-09_01
207,1,Communication,With other gulper(s),13:14:51,13:15:22,31.4,2026-07-09_01
208,1,Fluidizing,Mixing,13:15:22,13:19:16,233.7,2026-07-09_01
209,16,Rest,,13:15:34,13:16:04,29.8,2026-07-09_01
210,16,Extraction,Removing sludge,13:16:04,13:20:51,287,2026-07-09_01
211,1,Extraction,Pulling out trash,13:19:16,13:19:59,43,2026-07-09_01
212,10,Extraction,Pulling out trash,13:19:30,13:20:16,45.8,2026-07-09_01
213,1,Fluidizing,Mixing,13:19:59,13:25:16,317.5,2026-07-09_01
214,10,Rest,,13:20:16,13:21:02,45.8,2026-07-09_01
215,16,Communication,With other gulper(s),13:20:51,13:22:09,78.2,2026-07-09_01
216,10,Communication,With other gulper(s),13:21:02,13:23:02,120.3,2026-07-09_01
217,16,Rest,,13:22:09,13:22:52,42.7,2026-07-09_01
218,16,Extraction,Removing sludge,13:22:52,13:26:55,243.3,2026-07-09_01
219,10,Rest,,13:23:02,13:25:26,144.1,2026-07-09_01
220,1,Rest,,13:25:16,13:30:14,297.8,2026-07-09_01
221,10,Travel,On errand,13:25:26,13:26:41,75.1,2026-07-09_01
222,10,Rest,,13:26:41,13:30:48,246.8,2026-07-09_01
223,14,Communication,With other gulper(s),13:26:52,13:36:31,579,2026-07-09_01
224,16,Rest,,13:26:55,13:36:41,586.2,2026-07-09_01
225,1,Fluidizing,Mixing,13:30:14,13:30:17,3.4,2026-07-09_01
226,1,Fluidizing,Adding water,13:30:17,13:34:18,240.5,2026-07-09_01
227,10,Fluidizing,Adding water,13:30:48,13:36:02,313.6,2026-07-09_01
228,1,Fluidizing,Mixing,13:34:18,13:46:05,706.9,2026-07-09_01
229,10,Rest,,13:36:02,13:41:19,317.8,2026-07-09_01
230,14,Rest,,13:36:31,13:37:11,40.1,2026-07-09_01
231,16,Extraction,Removing sludge,13:36:41,13:41:14,272.3,2026-07-09_01
232,14,Communication,With other gulper(s),13:37:11,13:40:20,189.1,2026-07-09_01
233,14,Rest,,13:40:20,13:40:36,15.8,2026-07-09_01
234,14,Equipment,Maneuvering,13:40:36,13:41:29,53.1,2026-07-09_01
235,16,Fluidizing,Mixing,13:41:14,13:44:13,179.2,2026-07-09_01
236,10,Extraction,Pulling out trash,13:41:19,13:44:17,178,2026-07-09_01
237,14,Extraction,Pulling out trash,13:41:29,13:44:03,153.3,2026-07-09_01
238,14,Superstructure,Cleaning,13:44:03,13:46:08,125.8,2026-07-09_01
239,16,Rest,,14:31:47,14:38:51,423.5,2026-07-09_01
240,10,Rest,,14:31:51,14:35:05,194.3,2026-07-09_01
241,1,Rest,,14:33:37,14:34:15,38.2,2026-07-09_01
242,14,Rest,,14:33:42,14:34:43,61.3,2026-07-09_01
243,1,Fluidizing,Mixing,14:34:15,14:40:43,387.9,2026-07-09_01
244,14,Equipment,Maneuvering,14:34:43,14:38:42,238.8,2026-07-09_01
245,10,Extraction,Pulling out trash,14:35:05,14:38:46,220.8,2026-07-09_01
246,14,Extraction,Removing sludge,14:38:42,14:44:26,344,2026-07-09_01
247,10,Extraction,Removing sludge,14:38:46,14:39:49,63.2,2026-07-09_01
248,16,Fluidizing,Fetching water,14:38:51,14:41:04,133.6,2026-07-09_01
249,10,Rest,,14:39:49,14:41:11,81.3,2026-07-09_01
250,1,Rest,,14:40:43,14:44:11,208,2026-07-09_01
251,16,Rest,,14:41:04,14:44:20,196.2,2026-07-09_01
252,10,Extraction,Removing sludge,14:41:11,14:44:33,202,2026-07-09_01
253,1,Equipment,Maneuvering,14:44:11,14:47:23,191.8,2026-07-09_01
254,16,Equipment,Maneuvering,14:44:20,14:48:08,227.2,2026-07-09_01
255,14,Equipment,Maneuvering,14:44:26,14:48:21,234.9,2026-07-09_01
256,10,Rest,,14:44:33,14:49:21,288.8,2026-07-09_01
257,1,Communication,With other gulper(s),14:47:23,14:47:36,13.2,2026-07-09_01
258,1,Rest,,14:47:36,14:48:12,35.6,2026-07-09_01
259,16,Rest,,14:48:08,14:51:05,177,2026-07-09_01
260,1,Extraction,Removing sludge,14:48:12,14:53:49,337,2026-07-09_01
261,14,Extraction,Removing sludge,14:48:21,14:53:41,319.6,2026-07-09_01
262,10,Equipment,Maneuvering,14:49:21,14:50:06,45.1,2026-07-09_01
263,10,Extraction,Removing sludge,14:50:06,14:51:08,61.7,2026-07-09_01
264,16,Extraction,Removing sludge,14:51:05,14:53:56,171.5,2026-07-09_01
265,10,Rest,,14:51:08,14:58:01,412.6,2026-07-09_01
266,14,Extraction,Pulling out trash,14:53:41,14:57:46,245.4,2026-07-09_01
267,1,Rest,,14:53:49,14:58:47,298.2,2026-07-09_01
268,16,Rest,,14:53:56,14:57:57,240.9,2026-07-09_01
269,14,Equipment,Maneuvering,14:57:46,14:59:43,117.4,2026-07-09_01
270,16,Communication,With other gulper(s),14:57:57,15:00:37,160.3,2026-07-09_01
271,10,Communication,With other gulper(s),14:58:01,15:03:15,314.7,2026-07-09_01
272,1,Equipment,Maneuvering,14:58:47,14:59:50,63.4,2026-07-09_01
273,14,Extraction,Removing sludge,14:59:43,15:02:50,186.9,2026-07-09_01
274,1,Extraction,Removing sludge,14:59:50,15:02:47,177,2026-07-09_01
275,16,Extraction,Removing sludge,15:00:37,15:03:26,168.3,2026-07-09_01
276,1,Equipment,Maneuvering,15:02:47,15:05:21,153.8,2026-07-09_01
277,14,Equipment,Maneuvering,15:02:50,15:06:14,203.5,2026-07-09_01
278,10,Rest,,15:03:15,15:06:45,209.4,2026-07-09_01
279,16,Rest,,15:03:26,15:06:37,191.7,2026-07-09_01
280,1,Fluidizing,Mixing,15:05:21,15:05:30,8.6,2026-07-09_01
281,1,Rest,,15:05:30,15:08:19,169.6,2026-07-09_01
282,14,Extraction,Removing sludge,15:06:14,15:18:46,752.6,2026-07-09_01
283,16,Fluidizing,Fetching water,15:06:37,15:09:39,181.4,2026-07-09_01
284,10,Fluidizing,Fetching water,15:06:45,15:14:42,476.8,2026-07-09_01
285,1,Extraction,Removing sludge,15:08:19,15:16:50,511,2026-07-09_01
286,16,Equipment,Cleaning,15:09:39,15:14:16,277.4,2026-07-09_01
287,16,Rest,,15:14:16,15:14:57,40.5,2026-07-09_01
288,10,Equipment,Cleaning,15:14:42,15:26:17,695.4,2026-07-09_01
289,16,Fluidizing,Fetching water,15:14:57,15:16:32,95.5,2026-07-09_01
290,16,Equipment,Cleaning,15:16:32,15:20:15,222.5,2026-07-09_01
291,1,Rest,,15:16:50,15:20:01,190.1,2026-07-09_01
292,14,Communication,With other gulper(s),15:18:46,15:20:06,79.5,2026-07-09_01
293,1,Extraction,Removing sludge,15:20:01,15:24:00,239.7,2026-07-09_01
294,14,Extraction,Removing sludge,15:20:06,15:24:03,237.3,2026-07-09_01
295,16,Rest,,15:20:15,15:25:13,298.1,2026-07-09_01
296,1,Rest,,15:24:00,15:24:41,40.5,2026-07-09_01
297,14,Rest,,15:24:03,15:24:26,22.7,2026-07-09_01
298,14,Equipment,Cleaning,15:24:26,15:24:34,8.6,2026-07-09_01
299,14,Superstructure,Repair,15:24:34,15:28:52,257.5,2026-07-09_01
300,1,Superstructure,Repair,15:24:41,15:27:17,156.6,2026-07-09_01
301,16,Superstructure,Modification,15:25:13,15:25:15,2.2,2026-07-09_01
302,16,Superstructure,Repair,15:25:15,15:27:25,129.7,2026-07-09_01
303,10,Superstructure,Repair,15:26:17,15:26:37,20.4,2026-07-09_01
304,10,Rest,,15:26:37,15:28:36,118.4,2026-07-09_01
305,1,Superstructure,Cleaning,15:27:17,15:35:37,500,2026-07-09_01
306,16,Rest,,15:27:25,15:31:29,244.6,2026-07-09_01
307,10,Equipment,Cleaning,15:28:36,15:51:50,1394,2026-07-09_01
308,14,Superstructure,Cleaning,15:28:52,15:30:15,83,2026-07-09_01
309,14,Equipment,Maneuvering,15:30:15,15:30:29,13.6,2026-07-09_01
310,14,Equipment,Cleaning,15:30:29,15:31:49,80.1,2026-07-09_01
311,16,Equipment,Cleaning,15:31:29,15:36:58,328.4,2026-07-09_01
312,14,Equipment,Cleaning,15:31:49,15:33:31,102.7,2026-07-09_01
313,14,Equipment,Maneuvering,15:33:31,15:34:59,87.3,2026-07-09_01
314,14,Communication,With other gulper(s),15:34:59,15:36:51,111.8,2026-07-09_01
315,1,Earthworks,Fill trench,15:35:37,15:36:45,67.2,2026-07-09_01
316,1,Communication,With other gulper(s),15:36:45,15:37:44,59.4,2026-07-09_01
317,14,Superstructure,Inspection,15:36:51,15:40:03,192.6,2026-07-09_01
318,16,Rest,,15:36:58,15:40:19,201,2026-07-09_01
319,1,Earthworks,Fill trench,15:37:44,15:57:32,1188.3,2026-07-09_01
320,14,Earthworks,Fill trench,15:40:03,15:44:58,294.7,2026-07-09_01
321,16,Equipment,Cleaning,15:40:19,15:45:56,337.5,2026-07-09_01
322,14,Superstructure,Cleaning,15:44:58,15:48:53,235.4,2026-07-09_01
323,16,Rest,,15:45:56,15:48:41,164.7,2026-07-09_01
324,16,Fluidizing,Fetching water,15:48:41,15:50:39,118.2,2026-07-09_01
325,14,Earthworks,Fill trench,15:48:53,15:55:39,405.4,2026-07-09_01
326,16,Equipment,Cleaning,15:50:39,15:56:38,359.2,2026-07-09_01
327,10,Fluidizing,Fetching water,15:51:50,15:55:52,242.5,2026-07-09_01
328,14,Rest,,15:55:39,15:58:10,151,2026-07-09_01
329,16,Rest,,15:56:38,15:58:16,97.7,2026-07-09_01
330,1,Equipment,Cleaning,15:57:32,16:04:34,421.5,2026-07-09_01
331,14,Earthworks,Fill trench,15:58:10,16:10:51,761.3,2026-07-09_01
332,16,Equipment,Cleaning,15:58:16,16:01:43,207.4,2026-07-09_01
333,16,Fluidizing,Fetching water,16:01:43,16:02:58,74.6,2026-07-09_01
334,16,Equipment,Cleaning,16:02:58,16:04:23,85.5,2026-07-09_01
335,10,Equipment,Cleaning,16:04:41,16:16:44,722.5,2026-07-09_01
336,1,Fluidizing,Fetching water,16:05:02,16:06:26,84.1,2026-07-09_01
337,16,Rest,,16:07:36,16:09:01,84.6,2026-07-09_01
338,14,Equipment,Cleaning,16:11:40,16:16:44,303.9,2026-07-09_01
339,16,Equipment,Cleaning,16:13:51,16:16:44,172.7,2026-07-09_01
340,1,Equipment,Cleaning,16:13:54,16:16:44,170.3,2026-07-09_01
1,4,Superstructure,Inspection,06:36:11,06:38:30,138.8,2026-07-13_01
2,15,Superstructure,Inspection,06:36:24,06:36:46,21.3,2026-07-13_01
3,9,Earthworks,Dig trench,06:36:31,06:38:46,134.5,2026-07-13_01
4,15,Communication,With other gulper(s),06:36:46,06:36:48,2,2026-07-13_01
5,15,Communication,With client(s),06:36:48,06:37:31,43,2026-07-13_01
6,15,Superstructure,Inspection,06:37:31,06:38:22,51,2026-07-13_01
7,15,Rest,,06:38:22,06:41:53,211.3,2026-07-13_01
8,4,Earthworks,Dig trench,06:38:30,06:42:21,231.2,2026-07-13_01
9,9,Rest,,06:38:46,06:40:30,104,2026-07-13_01
10,9,Earthworks,Dig trench,06:40:30,06:45:44,313.8,2026-07-13_01
11,15,Superstructure,Inspection,06:41:53,06:43:03,69.7,2026-07-13_01
12,4,Rest,,06:42:21,06:44:48,146.9,2026-07-13_01
13,15,Rest,,06:43:03,06:47:06,243.7,2026-07-13_01
14,4,Earthworks,Dig trench,06:44:48,06:44:59,11.6,2026-07-13_01
15,4,Rest,,06:44:59,06:45:41,42,2026-07-13_01
16,4,Earthworks,Dig trench,06:45:41,06:47:40,118.5,2026-07-13_01
17,9,Rest,,06:45:44,06:55:36,592.3,2026-07-13_01
18,15,Earthworks,Dig trench,06:47:06,06:57:12,605.5,2026-07-13_01
19,4,Travel,On errand,06:47:40,06:48:18,37.8,2026-07-13_01
20,4,Earthworks,Dig trench,06:48:18,06:50:19,121.5,2026-07-13_01
21,4,Rest,,06:50:19,06:50:37,17.4,2026-07-13_01
22,4,Earthworks,Dig trench,06:50:37,06:55:39,302.6,2026-07-13_01
23,9,Earthworks,Dig trench,06:55:36,06:58:04,147.9,2026-07-13_01
24,4,Rest,,06:55:39,06:59:43,243.8,2026-07-13_01
25,15,Rest,,06:57:12,06:57:25,13.5,2026-07-13_01
26,15,Communication,With other gulper(s),06:57:25,06:57:57,31.6,2026-07-13_01
27,15,Earthworks,Dig trench,06:57:57,06:59:29,92.5,2026-07-13_01
28,9,Rest,,06:58:04,06:59:26,82.2,2026-07-13_01
29,9,Earthworks,Dig trench,06:59:26,07:01:55,149,2026-07-13_01
30,15,Rest,,06:59:29,06:59:40,11,2026-07-13_01
31,15,Communication,With other gulper(s),06:59:40,07:01:50,129.4,2026-07-13_01
32,4,Communication,With other gulper(s),06:59:43,07:03:05,201.7,2026-07-13_01
33,15,Earthworks,Dig trench,07:01:50,07:03:10,80.3,2026-07-13_01
34,9,Rest,,07:01:55,07:03:00,64.8,2026-07-13_01
35,9,Earthworks,Dig trench,07:03:00,07:05:15,135.3,2026-07-13_01
36,4,Rest,,07:03:05,07:04:59,114.2,2026-07-13_01
37,15,Rest,,07:03:10,07:07:50,280,2026-07-13_01
38,4,Earthworks,Dig trench,07:04:59,07:07:47,167.7,2026-07-13_01
39,9,Rest,,07:05:15,07:17:06,710.6,2026-07-13_01
40,4,Rest,,07:07:47,07:20:04,737.4,2026-07-13_01
41,15,Earthworks,Dig trench,07:07:50,07:17:02,551.6,2026-07-13_01
42,15,Rest,,07:17:02,07:17:17,15.4,2026-07-13_01
43,9,Earthworks,Dig trench,07:17:06,07:20:01,174.9,2026-07-13_01
44,15,Communication,With other gulper(s),07:17:17,07:18:54,97.3,2026-07-13_01
45,15,Rest,,07:18:54,07:22:45,230.9,2026-07-13_01
46,9,Rest,,07:20:01,07:24:56,295.7,2026-07-13_01
47,4,Earthworks,Dig trench,07:20:04,07:22:48,163.9,2026-07-13_01
48,15,Earthworks,Dig trench,07:22:45,07:25:20,155.1,2026-07-13_01
49,4,Rest,,07:22:48,07:25:05,136.6,2026-07-13_01
50,9,Travel,On errand,07:24:56,07:29:17,260.5,2026-07-13_01
51,4,Travel,On errand,07:25:05,07:29:30,265.5,2026-07-13_01
52,15,Earthworks,Put hole in pit liner,07:25:20,07:29:36,255.4,2026-07-13_01
53,9,Rest,,07:29:17,07:29:52,35,2026-07-13_01
54,4,Rest,,07:29:30,07:29:41,11.2,2026-07-13_01
55,15,Communication,With other gulper(s),07:29:36,07:30:38,61.9,2026-07-13_01
56,4,Communication,With other gulper(s),07:29:41,07:29:48,6.7,2026-07-13_01
57,4,Equipment,Maneuvering,07:29:48,07:31:24,96.2,2026-07-13_01
58,9,Communication,With other gulper(s),07:29:52,07:30:45,52.7,2026-07-13_01
59,15,Earthworks,Put hole in pit liner,07:30:38,07:40:02,564.4,2026-07-13_01
60,9,Rest,,07:30:45,07:39:53,548,2026-07-13_01
61,4,Rest,,07:31:24,07:31:47,22.6,2026-07-13_01
62,4,Communication,With other gulper(s),07:31:47,07:33:00,73.2,2026-07-13_01
63,4,Rest,,07:33:00,07:39:50,410.5,2026-07-13_01
64,4,Communication,With other gulper(s),07:39:50,07:40:07,16.4,2026-07-13_01
65,9,Communication,With other gulper(s),07:39:53,07:40:05,12,2026-07-13_01
66,15,Rest,,07:40:02,07:40:12,9.8,2026-07-13_01
67,9,Rest,,07:40:05,07:43:19,194,2026-07-13_01
68,4,Rest,,07:40:07,07:44:07,239.9,2026-07-13_01
69,15,Communication,With other gulper(s),07:40:12,07:42:25,133.5,2026-07-13_01
70,15,Earthworks,Put hole in pit liner,07:42:25,07:43:53,87.8,2026-07-13_01
71,9,Earthworks,Dig trench,07:43:19,07:44:00,41.3,2026-07-13_01
72,15,Rest,,07:43:53,07:46:37,163.8,2026-07-13_01
73,9,Rest,,07:44:00,07:47:56,236.1,2026-07-13_01
74,4,Earthworks,Dig trench,07:44:07,07:47:53,226.1,2026-07-13_01
75,15,Communication,With other gulper(s),07:46:37,07:49:15,157.9,2026-07-13_01
76,4,Equipment,Maneuvering,07:47:53,07:50:57,184.3,2026-07-13_01
77,9,Equipment,Maneuvering,07:47:56,07:49:21,85.4,2026-07-13_01
78,15,Equipment,Maneuvering,07:49:15,07:50:43,88,2026-07-13_01
79,9,Rest,,07:49:21,07:54:36,315.1,2026-07-13_01
80,15,Earthworks,Dig trench,07:50:43,07:51:25,42,2026-07-13_01
81,4,Fluidizing,Mixing,07:50:57,07:54:42,224.8,2026-07-13_01
82,15,Extraction,Pulling out trash,07:51:25,07:51:49,23.8,2026-07-13_01
83,15,Extraction,Pulling out trash,07:51:49,07:51:51,2.9,2026-07-13_01
84,15,Extraction,Removing sludge,07:51:51,07:52:48,56.6,2026-07-13_01
85,15,Extraction,Removing sludge,07:52:48,07:56:11,203,2026-07-13_01
86,9,Fluidizing,Mixing,07:54:36,07:56:06,89.6,2026-07-13_01
87,4,Rest,,07:54:42,07:55:55,72.6,2026-07-13_01
88,4,Fluidizing,Mixing,07:55:55,07:57:11,76.3,2026-07-13_01
89,9,Rest,,07:56:06,07:56:56,50.2,2026-07-13_01
90,15,Earthworks,Dig trench,07:56:11,08:02:49,397.7,2026-07-13_01
91,9,Travel,On errand,07:56:56,08:02:34,337.3,2026-07-13_01
92,4,Rest,,07:57:11,08:04:59,467.9,2026-07-13_01
93,9,Rest,,08:02:34,08:05:18,164.2,2026-07-13_01
94,15,Extraction,Removing sludge,08:02:49,08:08:45,355.8,2026-07-13_01
95,4,Fluidizing,Fetching water,08:04:59,08:05:01,2.4,2026-07-13_01
96,4,Fluidizing,Mixing,08:05:01,08:10:02,300.8,2026-07-13_01
97,9,Fluidizing,Mixing,08:05:18,08:09:00,222.2,2026-07-13_01
98,15,Rest,,08:08:45,08:08:56,10.8,2026-07-13_01
99,15,Earthworks,Dig trench,08:08:56,08:11:15,139.9,2026-07-13_01
100,9,Rest,,08:09:00,08:09:10,9.8,2026-07-13_01
101,9,Communication,With other gulper(s),08:09:10,08:10:07,56.9,2026-07-13_01
102,4,Rest,,08:10:02,08:11:05,63.4,2026-07-13_01
103,9,Fluidizing,Mixing,08:10:07,08:23:01,773.8,2026-07-13_01
104,4,Communication,With other gulper(s),08:11:05,08:11:11,5.9,2026-07-13_01
105,4,Rest,,08:11:11,08:16:16,304.6,2026-07-13_01
106,15,Extraction,Removing sludge,08:11:15,08:32:18,1262.6,2026-07-13_01
107,4,Fluidizing,Mixing,08:16:16,08:22:41,385.5,2026-07-13_01
108,4,Rest,,08:22:41,08:23:11,29.6,2026-07-13_01
109,9,Rest,,08:23:01,08:25:30,149.2,2026-07-13_01
110,4,Fluidizing,Mixing,08:23:11,08:31:20,489.2,2026-07-13_01
111,9,Fluidizing,Mixing,08:25:30,08:26:41,70.9,2026-07-13_01
112,9,Rest,,08:26:41,08:31:46,304.9,2026-07-13_01
113,4,Rest,,08:31:20,08:32:08,47.5,2026-07-13_01
114,9,Communication,With other gulper(s),08:31:46,08:32:12,26.4,2026-07-13_01
115,4,Fluidizing,Fetching water,08:32:08,08:38:31,383.2,2026-07-13_01
116,9,Rest,,08:32:12,08:33:31,79.1,2026-07-13_01
117,15,Communication,With other gulper(s),08:32:18,08:33:38,79.8,2026-07-13_01
118,9,Fluidizing,Mixing,08:33:31,08:38:42,310.5,2026-07-13_01
119,15,Extraction,Removing sludge,08:33:38,08:36:21,162.7,2026-07-13_01
120,15,Rest,,08:36:21,08:36:42,21.1,2026-07-13_01
121,15,Extraction,Removing sludge,08:36:42,08:38:52,130.6,2026-07-13_01
122,4,Fluidizing,Adding water,08:38:31,08:38:36,5.2,2026-07-13_01
123,4,Fluidizing,Mixing,08:38:36,08:44:04,328.4,2026-07-13_01
124,9,Rest,,08:38:42,08:39:55,73.6,2026-07-13_01
125,15,Rest,,08:38:52,08:41:00,127.9,2026-07-13_01
126,9,Fluidizing,Mixing,08:39:55,08:44:44,289.2,2026-07-13_01
127,15,Extraction,Removing sludge,08:41:00,08:44:37,217.2,2026-07-13_01
128,4,Fluidizing,Fetching water,08:44:04,08:46:20,135.3,2026-07-13_01
129,15,Rest,,08:44:37,08:45:39,61.3,2026-07-13_01
130,9,Rest,,08:44:44,08:46:06,81.6,2026-07-13_01
131,15,Equipment,Cleaning,08:45:39,08:46:27,48.8,2026-07-13_01
132,9,Fluidizing,Mixing,08:46:06,08:47:56,109.5,2026-07-13_01
133,4,Fluidizing,Mixing,08:46:20,08:47:47,86.8,2026-07-13_01
134,15,Superstructure,Inspection,08:46:27,08:47:51,83.2,2026-07-13_01
135,4,Equipment,Maneuvering,08:47:47,08:48:04,17.6,2026-07-13_01
136,15,Communication,With other gulper(s),08:47:51,08:49:25,94.7,2026-07-13_01
137,9,Fluidizing,Adding water,08:47:56,08:49:51,114.9,2026-07-13_01
138,4,Travel,On errand,08:48:04,08:49:47,103,2026-07-13_01
139,15,Extraction,Removing sludge,08:49:25,08:50:03,37.4,2026-07-13_01
140,4,Equipment,Maneuvering,08:49:47,08:51:42,114.7,2026-07-13_01
141,9,Rest,,08:49:51,08:51:38,107.8,2026-07-13_01
142,15,Earthworks,Repair pit liner,08:50:03,08:54:32,269.1,2026-07-13_01
143,9,Communication,With other gulper(s),08:51:38,08:52:26,47.7,2026-07-13_01
144,4,Rest,,08:51:42,08:54:03,141.6,2026-07-13_01
145,9,Fluidizing,Fetching water,08:52:26,08:54:17,111.1,2026-07-13_01
146,4,Fluidizing,Adding water,08:54:03,08:54:14,10.3,2026-07-13_01
147,4,Rest,,08:54:14,08:55:37,83.8,2026-07-13_01
148,9,Rest,,08:54:17,08:54:25,7.9,2026-07-13_01
149,9,Fluidizing,Fetching water,08:54:25,08:55:21,55.7,2026-07-13_01
150,15,Earthworks,Fill trench,08:54:32,08:56:14,102.3,2026-07-13_01
151,9,Rest,,08:55:21,08:56:06,45.6,2026-07-13_01
152,4,Earthworks,Fill trench,08:55:37,09:06:05,628,2026-07-13_01
153,9,Earthworks,Fill trench,08:56:06,08:57:52,105.2,2026-07-13_01
154,15,Equipment,Cleaning,08:56:14,08:56:37,23.2,2026-07-13_01
155,15,Superstructure,Inspection,08:56:37,08:56:46,8.9,2026-07-13_01
156,15,Equipment,Maneuvering,08:56:46,08:57:14,28.1,2026-07-13_01
157,15,Earthworks,Fill trench,08:57:14,09:01:18,243.4,2026-07-13_01
158,9,Rest,,08:57:52,09:00:17,145.3,2026-07-13_01
159,9,Earthworks,Fill trench,09:00:17,09:04:57,280.3,2026-07-13_01
160,15,Rest,,09:01:18,09:05:07,229.7,2026-07-13_01
161,9,Rest,,09:04:57,09:05:18,20.4,2026-07-13_01
162,15,Communication,With other gulper(s),09:05:07,09:06:01,53.2,2026-07-13_01
163,9,Earthworks,Fill trench,09:05:18,09:08:25,187.7,2026-07-13_01
164,15,Rest,,09:06:01,09:10:28,266.9,2026-07-13_01
165,4,Rest,,09:06:05,09:06:13,7.9,2026-07-13_01
166,4,Equipment,Maneuvering,09:06:13,09:07:27,73.3,2026-07-13_01
167,4,Superstructure,Cleaning,09:07:27,09:09:13,106.6,2026-07-13_01
168,9,Equipment,Cleaning,09:08:25,09:12:20,234.9,2026-07-13_01
169,4,Equipment,Cleaning,09:09:13,09:10:57,104.1,2026-07-13_01
170,15,Equipment,Cleaning,09:10:28,09:14:21,233.8,2026-07-13_01
171,4,Equipment,Maneuvering,09:10:57,09:14:14,197.1,2026-07-13_01
172,9,Fluidizing,Fetching water,09:12:20,09:14:10,109.5,2026-07-13_01
173,9,Equipment,Cleaning,09:14:16,09:14:36,20.3,2026-07-13_01
174,4,Equipment,Cleaning,09:14:17,09:14:36,19.4,2026-07-13_01
175,15,Rest,,09:14:25,09:14:36,11.4,2026-07-13_01
1,18,Earthworks,Dig trench,10:10:31,10:13:42,190.5,2026-07-27_03
2,12,Superstructure,Modification,10:10:57,10:14:27,210,2026-07-27_03
3,2,Earthworks,Dig trench,10:10:59,10:15:42,283.2,2026-07-27_03
4,18,Earthworks,Dig trench,10:13:42,10:16:49,187,2026-07-27_03
5,12,Superstructure,Cleaning,10:14:27,10:16:22,114.3,2026-07-27_03
6,2,Rest,,10:15:42,10:16:00,18.5,2026-07-27_03
7,2,Earthworks,Dig trench,10:16:00,10:16:37,36.7,2026-07-27_03
8,12,Superstructure,Modification,10:16:22,10:19:15,173.6,2026-07-27_03
9,2,Rest,,10:16:37,10:16:57,20.3,2026-07-27_03
10,18,Superstructure,Modification,10:16:49,10:18:54,124.9,2026-07-27_03
11,2,Superstructure,Modification,10:16:57,10:18:59,122,2026-07-27_03
12,2,Earthworks,Dig trench,10:18:59,10:23:52,292.4,2026-07-27_03
13,18,Earthworks,Dig trench,10:19:02,10:27:33,511.6,2026-07-27_03
14,12,Fluidizing,Mixing,10:19:15,10:20:09,53.9,2026-07-27_03
15,12,Fluidizing,Fetching water,10:21:50,10:27:39,348.7,2026-07-27_03
16,2,Rest,,10:23:52,10:24:45,53.3,2026-07-27_03
17,2,Earthworks,Dig trench,10:24:48,10:29:59,311,2026-07-27_03
18,18,Communication,With other gulper(s),10:27:33,10:27:57,23.6,2026-07-27_03
19,12,Communication,With other gulper(s),10:27:39,10:27:50,11.8,2026-07-27_03
20,12,Fluidizing,Adding water,10:27:56,10:28:13,17.3,2026-07-27_03
21,18,Earthworks,Dig trench,10:27:57,10:29:50,112.9,2026-07-27_03
22,12,Fluidizing,Mixing,10:28:15,10:28:39,23.4,2026-07-27_03
23,12,Fluidizing,Adding water,10:29:41,10:29:53,12.8,2026-07-27_03
24,18,Fluidizing,Fetching water,10:30:13,10:35:29,315.8,2026-07-27_03
25,12,Communication,With other gulper(s),10:30:13,10:30:37,24,2026-07-27_03
26,12,Earthworks,Dig trench,10:30:52,10:32:32,100.4,2026-07-27_03
27,2,Communication,With other gulper(s),10:31:41,10:32:16,35.2,2026-07-27_03
28,2,Earthworks,Dig trench,10:32:27,10:32:29,2.4,2026-07-27_03
29,2,Communication,With other gulper(s),10:32:35,10:32:53,18.5,2026-07-27_03
30,2,Earthworks,Dig trench,10:33:00,10:33:34,34,2026-07-27_03
31,12,Communication,With other gulper(s),10:33:07,10:33:22,14.4,2026-07-27_03
32,12,Earthworks,Put hole in pit liner,10:33:42,10:36:09,146.9,2026-07-27_03
33,2,Earthworks,Put hole in pit liner,10:33:51,10:37:50,239.6,2026-07-27_03
34,18,Communication,With other gulper(s),10:35:30,10:36:38,68.2,2026-07-27_03
35,2,Extraction,Removing sludge,10:38:15,10:39:23,67.5,2026-07-27_03
36,18,Fluidizing,Mixing,10:38:49,10:38:53,4.1,2026-07-27_03
37,18,Fluidizing,Mixing,10:39:11,10:39:45,33.4,2026-07-27_03
38,12,Earthworks,Dig trench,10:39:18,10:44:22,304,2026-07-27_03
39,18,Extraction,Removing sludge,10:39:55,10:41:18,83.3,2026-07-27_03
40,18,Fluidizing,Mixing,10:41:18,10:41:57,38.6,2026-07-27_03
41,2,Fluidizing,Mixing,10:41:24,10:42:04,39.8,2026-07-27_03
42,18,Extraction,Removing sludge,10:42:22,10:44:40,138.5,2026-07-27_03
43,2,Fluidizing,Mixing,10:42:25,10:44:45,139.3,2026-07-27_03
44,18,Communication,With other gulper(s),10:44:48,10:45:16,27.9,2026-07-27_03
45,2,Communication,With other gulper(s),10:45:09,10:45:23,14.1,2026-07-27_03
46,18,Extraction,Removing sludge,10:45:26,10:47:11,104.7,2026-07-27_03
47,12,Communication,With other gulper(s),10:45:31,10:48:10,158.7,2026-07-27_03
48,2,Fluidizing,Mixing,10:45:44,10:46:55,71.4,2026-07-27_03
49,2,Communication,With other gulper(s),10:46:55,10:47:48,52.6,2026-07-27_03
50,18,Communication,With other gulper(s),10:47:11,10:47:44,32.7,2026-07-27_03
51,18,Extraction,Removing sludge,10:47:47,10:48:17,29.8,2026-07-27_03
52,18,Fluidizing,Adding water,10:48:46,10:48:56,10.3,2026-07-27_03
53,12,Earthworks,Dig trench,10:49:09,10:51:43,153.1,2026-07-27_03
54,18,Extraction,Removing sludge,10:49:11,10:50:09,58.3,2026-07-27_03
55,2,Fluidizing,Mixing,10:49:27,10:51:46,138.9,2026-07-27_03
56,18,Fluidizing,Adding water,10:50:20,10:50:42,22.2,2026-07-27_03
57,18,Fluidizing,Mixing,10:50:42,10:54:51,249.1,2026-07-27_03
58,2,Communication,With other gulper(s),10:51:49,10:52:14,25.4,2026-07-27_03
59,12,Communication,With other gulper(s),10:51:59,10:52:26,27,2026-07-27_03
60,12,Fluidizing,Fetching water,10:52:26,10:52:49,22.7,2026-07-27_03
61,2,Earthworks,Dig trench,10:52:55,10:54:48,113.2,2026-07-27_03
62,12,Fluidizing,Adding water,10:53:08,10:53:12,4.7,2026-07-27_03
63,12,Earthworks,Dig trench,10:53:30,10:53:52,21,2026-07-27_03
64,12,Communication,With other gulper(s),10:53:52,10:54:16,24.9,2026-07-27_03
65,12,Earthworks,Dig trench,10:54:16,10:55:38,82,2026-07-27_03
66,2,Communication,With other gulper(s),10:54:59,10:55:55,55.9,2026-07-27_03
67,18,Communication,With other gulper(s),10:55:02,10:56:04,62.2,2026-07-27_03
68,2,Fluidizing,Mixing,10:56:00,10:56:21,20.4,2026-07-27_03
69,18,Extraction,Removing sludge,10:56:04,10:56:24,19.5,2026-07-27_03
70,12,Communication,With other gulper(s),10:56:13,10:56:47,33.4,2026-07-27_03
71,2,Communication,With other gulper(s),10:56:33,10:57:02,29.9,2026-07-27_03
72,18,Communication,With other gulper(s),10:56:51,10:57:15,23.8,2026-07-27_03
73,2,Extraction,Pulling out trash,10:57:02,10:57:33,30.1,2026-07-27_03
74,2,Fluidizing,Mixing,10:57:33,10:57:43,10.6,2026-07-27_03
75,18,Extraction,Removing sludge,10:57:35,10:57:55,20.4,2026-07-27_03
76,2,Extraction,Pulling out trash,10:57:46,10:59:12,86.2,2026-07-27_03
77,12,Earthworks,Dig trench,10:57:49,11:02:15,266.2,2026-07-27_03
78,18,Extraction,Pulling out trash,10:58:10,10:59:39,89.6,2026-07-27_03
79,2,Fluidizing,Mixing,10:59:12,10:59:24,12.4,2026-07-27_03
80,2,Extraction,Pulling out trash,10:59:24,11:00:17,52.6,2026-07-27_03
81,2,Extraction,Pulling out trash,11:00:32,11:02:42,129.5,2026-07-27_03
82,18,Extraction,Pulling out trash,11:01:05,11:02:39,93.2,2026-07-27_03
83,12,Communication,With other gulper(s),11:02:26,11:03:36,69.1,2026-07-27_03
84,18,Communication,With other gulper(s),11:02:44,11:03:47,62.1,2026-07-27_03
85,2,Communication,With other gulper(s),11:02:58,11:03:57,59.6,2026-07-27_03
86,12,Fluidizing,Fetching water,11:03:36,11:04:00,24.4,2026-07-27_03
87,18,Fluidizing,Mixing,11:05:14,11:12:02,408.7,2026-07-27_03
88,2,Earthworks,Dig trench,11:05:14,11:09:03,228.7,2026-07-27_03
89,12,Fluidizing,Adding water,11:07:49,11:08:46,57.3,2026-07-27_03
90,12,Earthworks,Dig trench,11:08:46,11:10:53,127,2026-07-27_03
91,2,Rest,,11:09:03,11:12:08,184.6,2026-07-27_03
92,17,Communication,With other gulper(s),11:10:56,11:11:07,10.3,2026-07-27_03
93,12,Communication,With other gulper(s),11:11:19,11:12:46,87.5,2026-07-27_03
94,17,Earthworks,Dig trench,11:12:07,11:16:37,270.6,2026-07-27_03
95,2,Communication,With other gulper(s),11:12:10,11:12:52,41.5,2026-07-27_03
96,18,Communication,With other gulper(s),11:12:14,11:13:00,45.6,2026-07-27_03
97,2,Rest,,11:12:52,11:16:21,209.5,2026-07-27_03
98,18,Extraction,Pulling out trash,11:13:00,11:13:22,22.3,2026-07-27_03
99,12,Extraction,Pulling out trash,11:13:00,11:17:56,296.2,2026-07-27_03
100,18,Fluidizing,Adding water,11:13:28,11:14:50,82.4,2026-07-27_03
101,18,Extraction,Pulling out trash,11:14:50,11:15:44,54,2026-07-27_03
102,18,Communication,With other gulper(s),11:15:48,11:18:59,191.5,2026-07-27_03
103,2,Communication,With other gulper(s),11:16:23,11:19:08,165,2026-07-27_03
104,17,Earthworks,Dig trench,11:17:22,11:21:29,246.7,2026-07-27_03
105,12,Fluidizing,Mixing,11:17:56,11:18:13,16.6,2026-07-27_03
106,18,Fluidizing,Mixing,11:18:59,11:19:20,20.4,2026-07-27_03
107,12,Extraction,Removing sludge,11:19:08,11:21:40,152.5,2026-07-27_03
108,2,Rest,,11:19:12,11:20:51,98.6,2026-07-27_03
109,18,Extraction,Removing sludge,11:19:20,11:19:33,13.5,2026-07-27_03
110,18,Fluidizing,Mixing,11:19:33,11:20:40,67.2,2026-07-27_03
111,18,Extraction,Pulling out trash,11:21:09,11:21:25,15.6,2026-07-27_03
112,2,Earthworks,Dig trench,11:21:16,11:25:40,264.3,2026-07-27_03
113,17,Rest,,11:21:33,11:25:34,240.4,2026-07-27_03
114,18,Fluidizing,Mixing,11:22:22,11:24:37,135.1,2026-07-27_03
115,12,Communication,With other gulper(s),11:22:29,11:25:26,177.3,2026-07-27_03
116,18,Communication,With other gulper(s),11:24:41,11:25:22,41.3,2026-07-27_03
117,12,Communication,With client(s),11:25:31,11:25:48,16.7,2026-07-27_03
118,18,Rest,,11:25:42,11:26:14,32.5,2026-07-27_03
119,12,Fluidizing,Fetching water,11:25:48,11:25:58,10.1,2026-07-27_03
120,2,Communication,With other gulper(s),11:26:00,11:26:20,20,2026-07-27_03
121,12,Fluidizing,Adding water,11:26:01,11:26:10,8.7,2026-07-27_03
122,17,Earthworks,Dig trench,11:26:02,11:36:56,654.2,2026-07-27_03
123,2,Rest,,11:26:20,11:28:18,117.5,2026-07-27_03
124,12,Extraction,Pulling out trash,11:27:37,11:28:09,32.3,2026-07-27_03
125,18,Extraction,Pulling out trash,11:27:49,11:28:15,25.8,2026-07-27_03
126,12,Fluidizing,Mixing,11:28:23,11:29:32,68.2,2026-07-27_03
127,2,Communication,With other gulper(s),11:29:34,11:32:02,148.5,2026-07-27_03
128,18,Communication,With other gulper(s),11:30:24,11:31:25,60.1,2026-07-27_03
129,12,Communication,With other gulper(s),11:31:29,11:34:59,210,2026-07-27_03
130,18,Fluidizing,Mixing,11:31:43,11:35:19,216.7,2026-07-27_03
131,2,Equipment,Maneuvering,11:32:46,11:32:50,3.7,2026-07-27_03
132,2,Communication,With other gulper(s),11:33:25,11:35:14,109.7,2026-07-27_03
133,18,Extraction,Pulling out trash,11:35:30,11:35:39,8.7,2026-07-27_03
134,12,Communication,With client(s),11:35:30,11:41:24,354.2,2026-07-27_03
135,18,Fluidizing,Mixing,11:36:14,11:42:19,365.5,2026-07-27_03
136,2,Extraction,Pulling out trash,11:36:40,11:36:53,12.7,2026-07-27_03
137,2,Communication,With other gulper(s),11:36:53,11:37:03,10.3,2026-07-27_03
138,2,Earthworks,Dig trench,11:38:01,11:41:19,198,2026-07-27_03
139,17,Communication,With other gulper(s),11:38:02,11:38:10,8.4,2026-07-27_03
140,17,Rest,,11:38:10,11:40:55,164.8,2026-07-27_03
141,17,Communication,With client(s),11:41:02,11:41:11,9.4,2026-07-27_03
142,17,Earthworks,Dig trench,11:41:11,11:41:42,30.5,2026-07-27_03
143,2,Rest,,11:41:19,11:42:13,54.9,2026-07-27_03
144,12,Communication,With other gulper(s),11:41:24,11:41:37,12.7,2026-07-27_03
145,17,Communication,With client(s),11:41:42,11:41:54,11.8,2026-07-27_03
146,17,Earthworks,Dig trench,11:41:54,11:42:44,50.8,2026-07-27_03
147,2,Communication,With client(s),11:42:13,11:42:16,2.1,2026-07-27_03
148,12,Communication,With client(s),11:42:18,11:42:31,12.9,2026-07-27_03
149,17,Communication,With other gulper(s),11:42:47,11:43:06,18.9,2026-07-27_03
150,12,Communication,With other gulper(s),11:42:48,11:43:18,29.7,2026-07-27_03
151,17,Earthworks,Dig trench,11:43:06,11:44:25,78.7,2026-07-27_03
152,18,Communication,With other gulper(s),11:43:07,11:43:55,48.4,2026-07-27_03
153,12,Extraction,Pulling out trash,11:43:18,11:44:22,63.5,2026-07-27_03
154,2,Communication,With other gulper(s),11:44:03,11:48:18,255.3,2026-07-27_03
155,18,Disposal,,11:44:06,11:44:08,2.2,2026-07-27_03
156,18,Rest,,11:44:08,11:48:41,273.7,2026-07-27_03
157,17,Communication,With other gulper(s),11:44:29,11:45:23,54.1,2026-07-27_03
158,12,Communication,With other gulper(s),11:44:30,11:45:08,38.8,2026-07-27_03
159,12,Fluidizing,Mixing,11:45:08,11:45:55,46.8,2026-07-27_03
160,17,Earthworks,Dig trench,11:45:32,11:49:07,215.3,2026-07-27_03
161,12,Extraction,Pulling out trash,11:45:55,11:46:14,19.1,2026-07-27_03
162,12,Communication,With other gulper(s),11:46:14,11:48:07,112.9,2026-07-27_03
163,12,Fluidizing,Mixing,11:48:07,11:48:46,38.6,2026-07-27_03
164,2,Rest,,11:48:18,11:49:04,45.5,2026-07-27_03
165,12,Communication,With other gulper(s),11:48:46,11:48:56,10.2,2026-07-27_03
166,12,Fluidizing,Mixing,11:48:56,11:49:19,23,2026-07-27_03
167,17,Communication,With other gulper(s),11:49:10,11:50:29,79.6,2026-07-27_03
168,12,Communication,With other gulper(s),11:49:48,11:52:15,146.9,2026-07-27_03
169,2,Communication,With other gulper(s),11:50:09,11:55:51,342.3,2026-07-27_03
170,17,Earthworks,Dig trench,11:50:35,11:50:59,24,2026-07-27_03
171,18,Communication,With other gulper(s),11:51:35,11:53:21,106,2026-07-27_03
172,17,Communication,With other gulper(s),11:52:11,11:53:11,59.9,2026-07-27_03
173,12,Disposal,,11:52:15,11:52:41,26.2,2026-07-27_03
174,12,Communication,With other gulper(s),11:52:58,11:53:45,46.5,2026-07-27_03
175,17,Fluidizing,Mixing,11:53:11,11:53:37,26,2026-07-27_03
176,17,Extraction,Pulling out trash,11:53:37,11:59:47,370.1,2026-07-27_03
177,12,Extraction,Pulling out trash,11:54:16,11:55:22,65.4,2026-07-27_03
178,12,Communication,With other gulper(s),11:55:22,11:55:31,9.5,2026-07-27_03
179,12,Extraction,Pulling out trash,11:55:43,11:59:39,235.4,2026-07-27_03
180,18,Fluidizing,Fetching water,11:57:46,12:05:38,471.5,2026-07-27_03
181,2,Earthworks,Fill trench,11:59:06,12:00:57,111,2026-07-27_03
182,17,Fluidizing,Mixing,11:59:47,12:00:06,19.5,2026-07-27_03
183,12,Fluidizing,Adding water,11:59:51,12:00:09,17.8,2026-07-27_03
184,17,Extraction,Pulling out trash,12:00:45,12:08:01,436.9,2026-07-27_03
185,2,Extraction,Pulling out trash,12:02:11,12:07:57,346.2,2026-07-27_03
186,12,Extraction,Pulling out trash,12:03:22,12:05:42,140.1,2026-07-27_03
187,18,Communication,With other gulper(s),12:05:56,12:07:40,104.4,2026-07-27_03
188,12,Communication,With other gulper(s),12:06:27,12:09:30,183.2,2026-07-27_03
189,17,Communication,With other gulper(s),12:08:01,12:08:35,34,2026-07-27_03
190,18,Fluidizing,Mixing,12:08:05,12:12:24,258.6,2026-07-27_03
191,2,Communication,With other gulper(s),12:08:41,12:10:18,97.4,2026-07-27_03
192,17,Extraction,Removing sludge,12:09:16,12:12:03,167.3,2026-07-27_03
193,12,Fluidizing,Adding water,12:11:01,12:12:05,64.2,2026-07-27_03
194,17,Communication,With other gulper(s),12:12:03,12:13:13,70.2,2026-07-27_03
195,12,Communication,With other gulper(s),12:12:05,12:14:08,122.3,2026-07-27_03
196,17,Extraction,Removing sludge,12:13:16,12:13:33,16.8,2026-07-27_03
197,2,Disposal,,12:13:17,12:13:28,10.9,2026-07-27_03
198,2,Fluidizing,Mixing,12:13:28,12:14:16,48,2026-07-27_03
199,17,Communication,With other gulper(s),12:13:33,12:14:04,31.4,2026-07-27_03
200,17,Earthworks,Dig trench,12:14:14,12:18:58,284.1,2026-07-27_03
201,2,Extraction,Removing sludge,12:14:16,12:14:18,2.2,2026-07-27_03
202,2,Extraction,Pulling out trash,12:14:22,12:18:54,271.3,2026-07-27_03
203,12,Earthworks,Dig trench,12:15:26,12:21:27,360.9,2026-07-27_03
204,2,Communication,With other gulper(s),12:19:05,12:20:08,62.9,2026-07-27_03
205,17,Communication,With other gulper(s),12:19:45,12:20:17,32,2026-07-27_03
206,2,Fluidizing,Mixing,12:20:08,12:20:24,16.3,2026-07-27_03
207,2,Extraction,Pulling out trash,12:20:24,12:23:55,211.1,2026-07-27_03
208,17,Earthworks,Dig trench,12:20:37,12:26:21,343.3,2026-07-27_03
209,12,Rest,,12:21:27,12:23:06,98.9,2026-07-27_03
210,2,Fluidizing,Mixing,12:23:55,12:24:12,16.3,2026-07-27_03
211,2,Extraction,Pulling out trash,12:24:27,12:26:10,102.2,2026-07-27_03
212,12,Fluidizing,Fetching water,12:25:17,12:26:16,58.3,2026-07-27_03
213,2,Fluidizing,Mixing,12:26:10,12:26:30,20.4,2026-07-27_03
214,17,Communication,With other gulper(s),12:26:21,12:26:50,29.6,2026-07-27_03
215,2,Extraction,Pulling out trash,12:26:30,12:26:58,28.5,2026-07-27_03
216,2,Fluidizing,Mixing,12:26:58,12:27:21,22.5,2026-07-27_03
217,2,Extraction,Pulling out trash,12:27:21,12:28:26,64.8,2026-07-27_03
218,12,Communication,With other gulper(s),12:27:38,12:28:14,36.3,2026-07-27_03
219,12,Earthworks,Dig trench,12:28:14,12:30:47,153.6,2026-07-27_03
220,2,Fluidizing,Mixing,12:28:38,12:29:42,64,2026-07-27_03
221,17,Earthworks,Dig trench,12:28:40,12:29:58,78.5,2026-07-27_03
222,18,Communication,With other gulper(s),12:29:09,12:30:02,53,2026-07-27_03
223,2,Disposal,,12:29:42,12:30:21,39.1,2026-07-27_03
224,17,Rest,,12:29:58,12:30:44,46.2,2026-07-27_03
225,18,Rest,,12:30:02,12:31:43,100.7,2026-07-27_03
226,2,Extraction,Pulling out trash,12:30:21,12:31:16,54.8,2026-07-27_03
227,17,Communication,With other gulper(s),12:30:44,12:31:02,17.8,2026-07-27_03
228,12,Communication,With other gulper(s),12:30:51,12:31:22,31.7,2026-07-27_03
229,17,Earthworks,Dig trench,12:31:02,12:31:57,55.1,2026-07-27_03
230,2,Fluidizing,Mixing,12:31:16,12:31:46,30.2,2026-07-27_03
231,12,Rest,,12:31:22,12:31:55,32.3,2026-07-27_03
232,17,Communication,With other gulper(s),12:31:57,12:32:05,7.8,2026-07-27_03
233,12,Communication,With other gulper(s),12:31:58,12:33:05,66.6,2026-07-27_03
234,17,Earthworks,Dig trench,12:32:05,12:44:40,755,2026-07-27_03
235,2,Extraction,Pulling out trash,12:32:17,12:33:19,61.9,2026-07-27_03
236,18,Communication,With other gulper(s),12:32:24,12:32:32,7.7,2026-07-27_03
237,18,Extraction,Pulling out trash,12:32:32,12:33:13,41,2026-07-27_03
238,12,Rest,,12:33:05,12:38:28,323.3,2026-07-27_03
239,18,Fluidizing,Mixing,12:33:13,12:33:38,25,2026-07-27_03
240,2,Communication,With other gulper(s),12:33:34,12:33:47,13,2026-07-27_03
241,18,Extraction,Pulling out trash,12:33:38,12:34:17,38.7,2026-07-27_03
242,2,Extraction,Pulling out trash,12:34:03,12:34:28,25.2,2026-07-27_03
243,18,Fluidizing,Mixing,12:34:17,12:34:35,18.6,2026-07-27_03
244,2,Extraction,Pulling out trash,12:34:28,12:34:49,20.3,2026-07-27_03
245,18,Extraction,Pulling out trash,12:34:35,12:35:31,55.7,2026-07-27_03
246,2,Rest,,12:34:49,12:35:01,12.8,2026-07-27_03
247,2,Extraction,Pulling out trash,12:35:01,12:35:26,24.3,2026-07-27_03
248,2,Rest,,12:35:26,12:35:52,26.3,2026-07-27_03
249,18,Fluidizing,Mixing,12:35:31,12:36:00,29,2026-07-27_03
250,2,Extraction,Pulling out trash,12:35:52,12:36:41,49.1,2026-07-27_03
251,18,Extraction,Pulling out trash,12:36:00,12:38:46,165.7,2026-07-27_03
252,2,Rest,,12:36:41,12:36:48,6.5,2026-07-27_03
253,2,Extraction,Pulling out trash,12:36:48,12:37:02,14.2,2026-07-27_03
254,2,Rest,,12:37:02,12:37:14,11.8,2026-07-27_03
255,2,Extraction,Pulling out trash,12:37:14,12:37:43,29.2,2026-07-27_03
256,2,Rest,,12:37:43,12:37:57,14.6,2026-07-27_03
257,2,Extraction,Pulling out trash,12:37:57,12:38:40,42.5,2026-07-27_03
258,12,Communication,With other gulper(s),12:38:29,12:39:12,42.6,2026-07-27_03
259,2,Communication,With other gulper(s),12:38:40,12:38:55,15,2026-07-27_03
260,18,Fluidizing,Mixing,12:38:46,12:38:51,5.5,2026-07-27_03
261,18,Extraction,Pulling out trash,12:38:51,12:40:58,126.6,2026-07-27_03
262,2,Extraction,Pulling out trash,12:38:55,12:40:12,76.7,2026-07-27_03
263,12,Rest,,12:39:12,12:41:02,110.3,2026-07-27_03
264,2,Communication,With other gulper(s),12:40:12,12:40:17,5,2026-07-27_03
265,2,Extraction,Pulling out trash,12:40:17,12:40:46,29.6,2026-07-27_03
266,2,Communication,With other gulper(s),12:40:46,12:41:22,35.8,2026-07-27_03
267,18,Communication,With other gulper(s),12:40:58,12:41:17,19.5,2026-07-27_03
268,12,Communication,With other gulper(s),12:41:02,12:41:25,23.4,2026-07-27_03
269,18,Extraction,Pulling out trash,12:41:17,12:43:42,145.1,2026-07-27_03
270,2,Extraction,Pulling out trash,12:41:22,12:43:28,126,2026-07-27_03
271,12,Rest,,12:41:25,12:44:37,191.8,2026-07-27_03
272,2,Disposal,,12:43:33,12:44:07,33.4,2026-07-27_03
273,18,Rest,,12:43:42,12:43:54,11.6,2026-07-27_03
274,18,Extraction,Pulling out trash,12:43:54,12:47:23,208.8,2026-07-27_03
275,2,Extraction,Pulling out trash,12:44:07,12:44:49,42.9,2026-07-27_03
276,12,Communication,With other gulper(s),12:44:39,12:45:34,55.3,2026-07-27_03
277,17,Communication,With other gulper(s),12:44:47,12:45:19,32.9,2026-07-27_03
278,2,Rest,,12:44:49,12:44:53,3.8,2026-07-27_03
279,2,Communication,With other gulper(s),12:44:53,12:45:06,12.5,2026-07-27_03
280,2,Extraction,Pulling out trash,12:45:06,12:45:56,49.8,2026-07-27_03
281,17,Extraction,Removing sludge,12:45:19,12:47:30,130.8,2026-07-27_03
282,12,Rest,,12:45:34,12:49:06,211.9,2026-07-27_03
283,2,Communication,With other gulper(s),12:45:56,12:45:59,4,2026-07-27_03
284,2,Rest,,12:45:59,12:46:25,25.7,2026-07-27_03
285,2,Extraction,Pulling out trash,12:46:25,12:46:57,31.5,2026-07-27_03
286,2,Rest,,12:46:57,12:47:13,16.7,2026-07-27_03
287,2,Extraction,Pulling out trash,12:47:13,12:49:10,116.6,2026-07-27_03
288,18,Fluidizing,Mixing,12:47:23,12:49:00,97,2026-07-27_03
289,17,Rest,,12:47:30,12:47:40,9.6,2026-07-27_03
290,17,Extraction,Removing sludge,12:47:40,12:49:02,82.5,2026-07-27_03
291,18,Communication,With other gulper(s),12:49:00,12:49:38,38.4,2026-07-27_03
292,17,Communication,With other gulper(s),12:49:02,12:49:32,29.7,2026-07-27_03
293,12,Communication,With other gulper(s),12:49:09,12:49:23,14.1,2026-07-27_03
294,2,Communication,With other gulper(s),12:49:10,12:49:42,32.3,2026-07-27_03
295,12,Rest,,12:49:23,12:55:59,395.1,2026-07-27_03
296,17,Extraction,Removing sludge,12:49:32,12:52:31,179.2,2026-07-27_03
297,18,Extraction,Pulling out trash,12:49:38,12:52:41,183.3,2026-07-27_03
298,2,Extraction,Pulling out trash,12:49:42,12:51:24,102,2026-07-27_03
299,2,Rest,,12:51:24,12:51:44,20,2026-07-27_03
300,2,Extraction,Pulling out trash,12:51:44,12:52:37,52.6,2026-07-27_03
301,17,Rest,,12:52:31,12:53:43,72.2,2026-07-27_03
302,2,Rest,,12:52:37,12:53:11,33.8,2026-07-27_03
303,18,Fluidizing,Mixing,12:52:41,12:53:16,34.3,2026-07-27_03
304,2,Extraction,Pulling out trash,12:53:11,12:54:06,54.8,2026-07-27_03
305,18,Extraction,Pulling out trash,12:53:16,12:53:59,43.7,2026-07-27_03
306,17,Extraction,Removing sludge,12:53:43,12:57:59,255.7,2026-07-27_03
307,18,Rest,,12:53:59,12:57:49,229.7,2026-07-27_03
308,2,Rest,,12:54:06,12:54:59,53.3,2026-07-27_03
309,2,Fluidizing,Mixing,12:54:59,12:55:09,9.6,2026-07-27_03
310,2,Extraction,Pulling out trash,12:55:09,12:56:53,103.9,2026-07-27_03
311,12,Disposal,,12:55:59,12:56:35,36.9,2026-07-27_03
312,12,Fluidizing,Adding water,12:56:35,12:57:10,34.4,2026-07-27_03
313,2,Fluidizing,Mixing,12:56:53,12:57:55,62.8,2026-07-27_03
314,12,Rest,,12:57:10,12:58:08,58.1,2026-07-27_03
315,18,Fluidizing,Fetching water,12:57:49,12:58:31,42,2026-07-27_03
316,2,Extraction,Pulling out trash,12:57:55,12:59:23,87.6,2026-07-27_03
317,17,Rest,,12:57:59,12:58:10,11.2,2026-07-27_03
318,12,Communication,With other gulper(s),12:58:10,12:59:28,78.5,2026-07-27_03
319,17,Communication,With other gulper(s),12:58:20,12:59:59,98.4,2026-07-27_03
320,18,Rest,,12:58:31,12:58:43,12.3,2026-07-27_03
321,18,Fluidizing,Fetching water,12:58:43,13:01:49,185.4,2026-07-27_03
322,2,Fluidizing,Mixing,12:59:23,12:59:38,15.1,2026-07-27_03
323,12,Rest,,12:59:28,12:59:46,17.8,2026-07-27_03
324,2,Extraction,Pulling out trash,12:59:38,13:02:03,145.3,2026-07-27_03
325,12,Communication,With other gulper(s),12:59:50,13:00:07,16.7,2026-07-27_03
326,17,Extraction,Removing sludge,12:59:59,13:01:44,105.1,2026-07-27_03
327,12,Rest,,13:00:07,13:02:44,157,2026-07-27_03
328,17,Rest,,13:01:44,13:05:54,250.3,2026-07-27_03
329,18,Rest,,13:01:49,13:04:34,165.4,2026-07-27_03
330,2,Fluidizing,Mixing,13:02:03,13:02:17,13.8,2026-07-27_03
331,2,Extraction,Pulling out trash,13:02:17,13:04:15,117.9,2026-07-27_03
332,12,Extraction,Removing sludge,13:02:44,13:04:23,99,2026-07-27_03
333,2,Fluidizing,Mixing,13:04:15,13:04:36,21.4,2026-07-27_03
334,12,Extraction,Pulling out trash,13:04:23,13:05:03,40.9,2026-07-27_03
335,18,Extraction,Pulling out trash,13:04:34,13:05:57,83.1,2026-07-27_03
336,2,Extraction,Pulling out trash,13:04:36,13:06:01,84.9,2026-07-27_03
337,12,Rest,,13:05:03,13:08:00,176.9,2026-07-27_03
338,17,Extraction,Removing sludge,13:05:54,13:10:08,254,2026-07-27_03
339,18,Rest,,13:05:57,13:07:41,103.8,2026-07-27_03
340,2,Rest,,13:06:01,13:07:10,68.7,2026-07-27_03
341,2,Fluidizing,Mixing,13:07:10,13:07:38,27.6,2026-07-27_03
342,2,Extraction,Pulling out trash,13:07:38,13:07:47,9.2,2026-07-27_03
343,18,Extraction,Pulling out trash,13:07:41,13:07:45,4.2,2026-07-27_03
344,18,Rest,,13:07:45,13:08:57,72.1,2026-07-27_03
345,2,Rest,,13:07:47,13:08:47,60.2,2026-07-27_03
346,12,Fluidizing,Adding water,13:08:00,13:08:35,34.4,2026-07-27_03
347,12,Disposal,,13:08:35,13:08:52,16.9,2026-07-27_03
348,2,Fluidizing,Mixing,13:08:47,13:09:20,33,2026-07-27_03
349,18,Fluidizing,Fetching water,13:08:57,13:13:52,294.7,2026-07-27_03
350,12,Communication,With other gulper(s),13:08:58,13:09:29,31.1,2026-07-27_03
351,2,Extraction,Pulling out trash,13:09:20,13:10:32,72.4,2026-07-27_03
352,12,Rest,,13:09:29,13:12:01,152.6,2026-07-27_03
353,17,Rest,,13:10:08,13:10:56,47.5,2026-07-27_03
354,2,Fluidizing,Mixing,13:10:32,13:11:08,35.4,2026-07-27_03
355,17,Extraction,Removing sludge,13:10:56,13:11:47,51.1,2026-07-27_03
356,2,Extraction,Pulling out trash,13:11:08,13:19:52,524.4,2026-07-27_03
357,17,Fluidizing,Mixing,13:11:47,13:12:45,58.6,2026-07-27_03
358,12,Extraction,Pulling out trash,13:12:01,13:12:12,10.4,2026-07-27_03
359,12,Rest,,13:12:12,13:12:38,26.1,2026-07-27_03
360,12,Extraction,Pulling out trash,13:12:38,13:12:43,5.4,2026-07-27_03
361,17,Communication,With other gulper(s),13:12:45,13:13:34,48.2,2026-07-27_03
362,12,Communication,With other gulper(s),13:13:06,13:13:59,52.2,2026-07-27_03
363,17,Extraction,Removing sludge,13:13:34,13:14:05,31,2026-07-27_03
364,18,Rest,,13:13:52,13:15:00,68.2,2026-07-27_03
365,12,Fluidizing,Adding water,13:14:01,13:14:09,8.2,2026-07-27_03
366,17,Fluidizing,Mixing,13:14:05,13:14:25,20.9,2026-07-27_03
367,12,Rest,,13:14:09,13:17:25,195.8,2026-07-27_03
368,17,Extraction,Pulling out trash,13:14:25,13:16:07,102,2026-07-27_03
369,18,Fluidizing,Fetching water,13:15:00,13:17:28,147.8,2026-07-27_03
370,17,Fluidizing,Mixing,13:16:07,13:16:27,19.8,2026-07-27_03
371,17,Rest,,13:16:27,13:16:41,14.1,2026-07-27_03
372,17,Extraction,Pulling out trash,13:16:41,13:19:07,145.5,2026-07-27_03
373,12,Extraction,Pulling out trash,13:17:25,13:20:26,180.5,2026-07-27_03
374,18,Rest,,13:17:28,13:22:41,312.9,2026-07-27_03
375,17,Extraction,Removing sludge,13:19:07,13:19:44,37,2026-07-27_03
376,17,Extraction,Pulling out trash,13:19:44,13:21:32,107.7,2026-07-27_03
377,2,Fluidizing,Mixing,13:19:52,13:20:47,54.4,2026-07-27_03
378,12,Rest,,13:20:26,13:21:27,61.9,2026-07-27_03
379,2,Disposal,,13:20:52,13:21:39,46.9,2026-07-27_03
380,17,Extraction,Removing sludge,13:21:32,13:24:37,185.9,2026-07-27_03
381,12,Fluidizing,Adding water,13:21:33,13:22:35,61.9,2026-07-27_03
382,2,Rest,,13:21:39,13:22:45,65.7,2026-07-27_03
383,12,Rest,,13:22:35,13:22:38,3,2026-07-27_03
384,12,Communication,With other gulper(s),13:22:38,13:24:03,84.8,2026-07-27_03
385,18,Communication,With other gulper(s),13:22:41,13:24:09,88.3,2026-07-27_03
386,2,Communication,With other gulper(s),13:22:45,13:24:06,81.7,2026-07-27_03
387,12,Equipment,Maneuvering,13:24:03,13:35:27,683.7,2026-07-27_03
388,2,Equipment,Maneuvering,13:24:06,13:29:12,305.5,2026-07-27_03
389,18,Equipment,Maneuvering,13:24:09,13:29:09,300.2,2026-07-27_03
390,17,Extraction,Pulling out trash,13:24:37,13:25:29,51.4,2026-07-27_03
391,17,Equipment,Maneuvering,13:25:29,13:26:09,40.5,2026-07-27_03
392,17,Communication,With other gulper(s),13:26:09,13:29:20,190.8,2026-07-27_03
393,18,Rest,,13:29:09,13:37:46,516.8,2026-07-27_03
394,2,Rest,,13:29:12,13:36:50,458.8,2026-07-27_03
395,17,Rest,,13:29:20,13:29:27,7.3,2026-07-27_03
396,17,Equipment,Maneuvering,13:29:27,13:35:23,355.6,2026-07-27_03
397,17,Rest,,13:35:23,13:35:44,20.5,2026-07-27_03
398,12,Rest,,13:35:27,13:49:56,869.7,2026-07-27_03
399,17,Equipment,Maneuvering,13:35:44,13:44:18,514.3,2026-07-27_03
400,2,Extraction,Pulling out trash,13:36:50,13:41:53,302.9,2026-07-27_03
401,18,Extraction,Pulling out trash,13:37:46,13:41:52,245.8,2026-07-27_03
402,18,Rest,,13:41:52,13:43:35,103,2026-07-27_03
403,2,Rest,,13:41:53,13:43:19,85.3,2026-07-27_03
404,2,Extraction,Pulling out trash,13:43:19,13:49:37,378.7,2026-07-27_03
405,18,Extraction,Pulling out trash,13:43:35,13:44:24,48.6,2026-07-27_03
406,17,Rest,,13:44:18,13:45:53,95.5,2026-07-27_03
407,18,Equipment,Maneuvering,13:44:24,13:48:42,258.5,2026-07-27_03
408,17,Extraction,Removing sludge,13:45:53,13:48:28,154.7,2026-07-27_03
409,17,Rest,,13:48:28,13:49:34,65.7,2026-07-27_03
410,18,Rest,,13:48:42,13:50:00,77.7,2026-07-27_03
411,17,Equipment,Maneuvering,13:49:34,13:51:18,104.3,2026-07-27_03
412,2,Rest,,13:49:37,13:50:35,57.7,2026-07-27_03
413,12,Communication,With other gulper(s),13:49:56,13:50:48,51.9,2026-07-27_03
414,18,Communication,With other gulper(s),13:50:00,13:50:45,45.2,2026-07-27_03
415,2,Communication,With other gulper(s),13:50:35,13:53:00,145.1,2026-07-27_03
416,18,Disposal,,13:50:45,13:50:56,11.5,2026-07-27_03
417,12,Fluidizing,Adding water,13:50:48,13:51:00,11.8,2026-07-27_03
418,18,Rest,,13:50:56,13:51:28,31.8,2026-07-27_03
419,12,Rest,,13:51:00,13:53:38,158.5,2026-07-27_03
420,17,Extraction,Pulling out trash,13:51:18,13:51:23,5.1,2026-07-27_03
421,17,Fluidizing,Mixing,13:51:23,13:52:08,44.8,2026-07-27_03
422,18,Fluidizing,Mixing,13:51:28,13:52:23,55,2026-07-27_03
423,17,Equipment,Maneuvering,13:52:08,13:59:13,424.9,2026-07-27_03
424,18,Rest,,13:52:23,13:53:41,78.2,2026-07-27_03
425,2,Rest,,13:53:00,13:55:17,136.6,2026-07-27_03
426,12,Communication,With other gulper(s),13:53:38,13:55:36,117.7,2026-07-27_03
427,18,Communication,With other gulper(s),13:53:41,13:55:38,116.5,2026-07-27_03
428,2,Fluidizing,Mixing,13:55:17,13:57:21,123.9,2026-07-27_03
429,12,Rest,,13:55:36,13:57:42,125.5,2026-07-27_03
430,18,Rest,,13:55:38,14:03:11,452.6,2026-07-27_03
431,2,Extraction,Pulling out trash,13:57:21,13:59:01,100.1,2026-07-27_03
432,12,Communication,With client(s),13:57:42,14:01:04,202,2026-07-27_03
433,2,Rest,,13:59:01,14:01:09,128.7,2026-07-27_03
434,17,Communication,With client(s),13:59:13,14:01:02,108.7,2026-07-27_03
435,17,Communication,With other gulper(s),14:01:02,14:01:50,48.7,2026-07-27_03
436,12,Communication,With other gulper(s),14:01:04,14:01:59,55.3,2026-07-27_03
437,2,Communication,With other gulper(s),14:01:09,14:02:07,57.3,2026-07-27_03
438,17,Rest,,14:01:50,14:02:46,55.3,2026-07-27_03
439,12,Fluidizing,Adding water,14:01:59,14:03:02,62.9,2026-07-27_03
440,2,Rest,,14:02:07,14:03:05,58.4,2026-07-27_03
441,17,Earthworks,Put hole in pit liner,14:02:46,14:02:55,9.4,2026-07-27_03
442,17,Earthworks,Fill trench,14:02:55,14:05:20,144.8,2026-07-27_03
443,12,Communication,With other gulper(s),14:03:02,14:03:30,28.2,2026-07-27_03
444,2,Communication,With other gulper(s),14:03:05,14:03:36,31.2,2026-07-27_03
445,18,Fluidizing,Fetching water,14:03:11,14:06:22,191.2,2026-07-27_03
446,12,Earthworks,Fill trench,14:03:30,14:08:28,298,2026-07-27_03
447,2,Earthworks,Fill trench,14:03:36,14:08:31,294.4,2026-07-27_03
448,17,Earthworks,Repair pit liner,14:05:20,14:06:09,49.1,2026-07-27_03
449,17,Equipment,Cleaning,14:06:09,14:08:21,131.6,2026-07-27_03
450,18,Rest,,14:06:22,14:06:48,25.9,2026-07-27_03
451,18,Fluidizing,Fetching water,14:06:48,14:08:25,97.3,2026-07-27_03
452,17,Earthworks,Repair pit liner,14:08:21,14:14:26,365.8,2026-07-27_03
453,18,Rest,,14:08:25,14:08:52,26.7,2026-07-27_03
454,12,Rest,,14:08:28,14:08:34,5.6,2026-07-27_03
455,2,Rest,,14:08:31,14:08:36,5.7,2026-07-27_03
456,12,Communication,With other gulper(s),14:08:34,14:09:22,48.5,2026-07-27_03
457,2,Communication,With other gulper(s),14:08:36,14:09:27,50.6,2026-07-27_03
458,18,Equipment,Cleaning,14:08:52,14:31:49,1377.1,2026-07-27_03
459,12,Earthworks,Fill trench,14:09:22,14:11:03,100.6,2026-07-27_03
460,2,Rest,,14:09:27,14:11:11,104.1,2026-07-27_03
461,12,Communication,With other gulper(s),14:11:03,14:12:15,72.4,2026-07-27_03
462,2,Communication,With other gulper(s),14:11:11,14:12:23,72,2026-07-27_03
463,12,Earthworks,Fill trench,14:12:15,14:14:35,140.3,2026-07-27_03
464,2,Earthworks,Fill trench,14:12:23,14:19:53,449.9,2026-07-27_03
465,17,Earthworks,Fill trench,14:14:26,14:14:39,12.2,2026-07-27_03
466,12,Communication,With other gulper(s),14:14:35,14:15:51,75.2,2026-07-27_03
467,17,Communication,With other gulper(s),14:14:39,14:16:35,116,2026-07-27_03
468,12,Earthworks,Fill trench,14:15:51,14:18:50,178.9,2026-07-27_03
469,17,Rest,,14:16:35,14:16:51,16.3,2026-07-27_03
470,17,Earthworks,Repair pit liner,14:16:51,14:22:07,316.7,2026-07-27_03
471,12,Rest,,14:18:50,14:20:25,95,2026-07-27_03
472,2,Rest,,14:19:53,14:20:30,36.4,2026-07-27_03
473,12,Earthworks,Fill trench,14:20:25,14:22:12,107.4,2026-07-27_03
474,2,Earthworks,Fill trench,14:20:30,14:22:35,125.4,2026-07-27_03
475,17,Earthworks,Fill trench,14:22:07,14:23:12,64.3,2026-07-27_03
476,12,Rest,,14:22:12,14:23:09,57.3,2026-07-27_03
477,2,Rest,,14:22:35,14:23:55,80.4,2026-07-27_03
478,12,Earthworks,Fill trench,14:23:09,14:24:00,51.1,2026-07-27_03
479,17,Rest,,14:23:12,14:23:25,13.5,2026-07-27_03
480,17,Earthworks,Fill trench,14:23:25,14:24:04,38.4,2026-07-27_03
481,2,Earthworks,Fill trench,14:23:55,14:24:23,27.6,2026-07-27_03
482,12,Rest,,14:24:00,14:24:20,19.3,2026-07-27_03
483,17,Rest,,14:24:04,14:25:32,87.8,2026-07-27_03
484,12,Earthworks,Fill trench,14:24:20,14:24:58,37.9,2026-07-27_03
485,2,Rest,,14:24:23,14:25:53,90.4,2026-07-27_03
486,12,Rest,,14:24:58,14:25:49,51.8,2026-07-27_03
487,17,Equipment,Cleaning,14:25:32,14:29:08,216.6,2026-07-27_03
488,12,Earthworks,Fill trench,14:25:49,14:26:20,30.7,2026-07-27_03
489,2,Earthworks,Fill trench,14:25:53,14:26:22,28.6,2026-07-27_03
490,12,Rest,,14:26:20,14:28:59,158.9,2026-07-27_03
491,2,Rest,,14:26:22,14:28:25,123.2,2026-07-27_03
492,2,Equipment,Cleaning,14:28:25,14:31:24,179.1,2026-07-27_03
493,12,Communication,With other gulper(s),14:28:59,14:29:20,20.9,2026-07-27_03
494,17,Rest,,14:29:08,14:31:40,151.9,2026-07-27_03
495,12,Rest,,14:29:20,14:30:11,51.1,2026-07-27_03
496,12,Earthworks,Fill trench,14:30:11,14:31:26,75.3,2026-07-27_03
497,2,Rest,,14:31:24,14:31:36,11.7,2026-07-27_03
498,12,Rest,,14:31:26,14:31:46,19.8,2026-07-27_03
499,2,Superstructure,Repair,14:31:36,14:33:08,91.8,2026-07-27_03
500,17,Superstructure,Repair,14:31:40,14:37:13,333.1,2026-07-27_03
501,12,Superstructure,Repair,14:31:46,14:33:16,89.8,2026-07-27_03
502,18,Superstructure,Repair,14:31:49,14:32:13,24.1,2026-07-27_03
503,18,Equipment,Cleaning,14:32:14,14:39:45,451,2026-07-27_03
504,12,Rest,,14:33:16,14:34:29,73.5,2026-07-27_03
505,12,Equipment,Repairing,14:34:29,14:34:37,7.9,2026-07-27_03
506,12,Superstructure,Repair,14:34:37,14:35:12,34.7,2026-07-27_03
507,2,Rest,,14:34:40,14:39:45,304.9,2026-07-27_03
508,12,Rest,,14:35:12,14:35:22,9.8,2026-07-27_03
509,12,Superstructure,Repair,14:35:22,14:37:25,123.1,2026-07-27_03
510,12,Rest,,14:37:41,14:39:45,124.2,2026-07-27_03
511,17,Rest,,14:38:58,14:39:45,46.3,2026-07-27_03
1,4,Earthworks,Dig trench,05:31:43,05:35:07,203.3,2026-07-29_01
2,15,Rest,,05:31:55,05:34:05,129.7,2026-07-29_01
3,9,Earthworks,Dig trench,05:32:06,05:32:28,21.3,2026-07-29_01
4,9,Rest,,05:32:28,05:34:02,94.3,2026-07-29_01
5,9,Communication,With other gulper(s),05:34:02,05:35:03,61.3,2026-07-29_01
6,15,Communication,With other gulper(s),05:34:05,05:35:54,109.3,2026-07-29_01
7,9,Earthworks,Dig trench,05:35:03,05:35:52,48.6,2026-07-29_01
8,4,Rest,,05:35:07,05:35:12,5.1,2026-07-29_01
9,4,Communication,With other gulper(s),05:35:12,05:35:49,37.1,2026-07-29_01
10,4,Earthworks,Dig trench,05:35:49,05:37:10,81.4,2026-07-29_01
11,9,Rest,,05:35:52,05:37:14,82.3,2026-07-29_01
12,15,Rest,,05:35:54,05:42:08,374.2,2026-07-29_01
13,4,Rest,,05:37:10,05:39:08,117.2,2026-07-29_01
14,9,Earthworks,Dig trench,05:37:14,05:38:57,102.2,2026-07-29_01
15,9,Rest,,05:38:57,05:40:38,101.3,2026-07-29_01
16,4,Earthworks,Dig trench,05:39:08,05:40:33,85.2,2026-07-29_01
17,4,Rest,,05:40:33,05:43:08,155,2026-07-29_01
18,9,Earthworks,Dig trench,05:40:38,05:42:20,102.6,2026-07-29_01
19,15,Earthworks,Dig trench,05:42:08,05:43:30,82.2,2026-07-29_01
20,9,Rest,,05:42:20,05:50:36,496,2026-07-29_01
21,4,Extraction,Pulling out trash,05:43:08,05:43:20,12.7,2026-07-29_01
22,4,Rest,,05:43:20,05:43:34,13.3,2026-07-29_01
23,15,Rest,,05:43:30,05:45:24,113.6,2026-07-29_01
24,4,Earthworks,Dig trench,05:43:34,05:45:20,106.7,2026-07-29_01
25,4,Rest,,05:45:20,05:51:28,367.7,2026-07-29_01
26,15,Earthworks,Dig trench,05:45:24,05:50:27,303.4,2026-07-29_01
27,15,Rest,,05:50:27,05:54:08,220.5,2026-07-29_01
28,9,Earthworks,Dig trench,05:50:36,05:51:04,28,2026-07-29_01
29,9,Extraction,Pulling out trash,05:51:04,05:51:08,3.7,2026-07-29_01
30,9,Earthworks,Dig trench,05:51:08,05:51:19,11,2026-07-29_01
31,9,Extraction,Pulling out trash,05:51:19,05:51:55,36.2,2026-07-29_01
32,4,Extraction,Pulling out trash,05:51:28,05:51:58,30.1,2026-07-29_01
33,9,Earthworks,Dig trench,05:51:55,05:53:13,78,2026-07-29_01
34,4,Rest,,05:51:58,05:55:01,182.6,2026-07-29_01
35,9,Rest,,05:53:13,05:53:23,10,2026-07-29_01
36,9,Earthworks,Dig trench,05:53:23,05:54:03,40.1,2026-07-29_01
37,9,Rest,,05:54:03,05:55:04,60.7,2026-07-29_01
38,15,Earthworks,Dig trench,05:54:08,05:56:06,118.1,2026-07-29_01
39,4,Communication,With other gulper(s),05:55:01,05:55:21,20.4,2026-07-29_01
40,9,Communication,With other gulper(s),05:55:04,05:55:18,14.2,2026-07-29_01
41,9,Rest,,05:55:18,05:55:43,24.7,2026-07-29_01
42,4,Rest,,05:55:21,05:55:39,17.9,2026-07-29_01
43,4,Communication,With other gulper(s),05:55:39,05:56:47,68.2,2026-07-29_01
44,9,Communication,With other gulper(s),05:55:43,05:56:45,62.5,2026-07-29_01
45,15,Equipment,Repairing,05:56:06,05:56:25,19.6,2026-07-29_01
46,15,Earthworks,Dig trench,05:56:25,05:59:51,205.4,2026-07-29_01
47,9,Rest,,05:56:45,06:01:46,300.7,2026-07-29_01
48,4,Rest,,05:56:47,05:59:57,189.4,2026-07-29_01
49,15,Rest,,05:59:51,06:00:10,19.3,2026-07-29_01
50,4,Earthworks,Dig trench,05:59:57,06:02:07,130.5,2026-07-29_01
51,15,Communication,With other gulper(s),06:00:10,06:00:20,9.8,2026-07-29_01
52,15,Rest,,06:00:20,06:01:02,42.2,2026-07-29_01
53,15,Communication,With other gulper(s),06:01:02,06:02:38,96.4,2026-07-29_01
54,9,Communication,With other gulper(s),06:01:46,06:02:24,37.8,2026-07-29_01
55,4,Communication,With other gulper(s),06:02:07,06:02:27,19.3,2026-07-29_01
56,9,Rest,,06:02:24,06:02:59,34.8,2026-07-29_01
57,4,Rest,,06:02:27,06:05:02,155.7,2026-07-29_01
58,15,Earthworks,Dig trench,06:02:38,06:02:48,9.7,2026-07-29_01
59,15,Earthworks,Put hole in pit liner,06:02:48,06:03:02,14.1,2026-07-29_01
60,9,Communication,With other gulper(s),06:02:59,06:03:21,21.9,2026-07-29_01
61,15,Communication,With other gulper(s),06:03:02,06:03:12,10,2026-07-29_01
62,15,Earthworks,Dig trench,06:03:12,06:03:58,45.7,2026-07-29_01
63,9,Rest,,06:03:21,06:04:00,39.6,2026-07-29_01
64,15,Rest,,06:03:58,06:04:17,19.6,2026-07-29_01
65,9,Communication,With other gulper(s),06:04:00,06:04:21,20.8,2026-07-29_01
66,15,Earthworks,Dig trench,06:04:17,06:08:01,223.5,2026-07-29_01
67,9,Rest,,06:04:21,06:05:46,84.6,2026-07-29_01
68,4,Communication,With other gulper(s),06:05:02,06:05:10,7.3,2026-07-29_01
69,4,Rest,,06:05:10,06:05:51,41.6,2026-07-29_01
70,9,Communication,With other gulper(s),06:05:46,06:06:26,40.7,2026-07-29_01
71,4,Communication,With other gulper(s),06:05:51,06:06:28,37.1,2026-07-29_01
72,9,Rest,,06:06:26,06:07:58,91.9,2026-07-29_01
73,4,Rest,,06:06:28,06:07:00,31.3,2026-07-29_01
74,4,Communication,With other gulper(s),06:07:00,06:07:06,6.9,2026-07-29_01
75,4,Extraction,Pulling out trash,06:07:06,06:07:19,12.4,2026-07-29_01
76,4,Rest,,06:07:19,06:08:56,97.1,2026-07-29_01
77,9,Earthworks,Dig trench,06:07:58,06:09:00,61.9,2026-07-29_01
78,15,Rest,,06:08:01,06:08:28,27,2026-07-29_01
79,15,Communication,With other gulper(s),06:08:28,06:08:31,3.2,2026-07-29_01
80,15,Rest,,06:08:31,06:09:56,85,2026-07-29_01
81,4,Earthworks,Dig trench,06:08:56,06:10:34,97.7,2026-07-29_01
82,9,Rest,,06:09:00,06:10:02,62.1,2026-07-29_01
83,15,Communication,With other gulper(s),06:09:56,06:10:21,24.4,2026-07-29_01
84,9,Communication,With other gulper(s),06:10:02,06:10:22,20.4,2026-07-29_01
85,15,Rest,,06:10:21,06:10:39,18.9,2026-07-29_01
86,9,Rest,,06:10:22,06:10:56,33.3,2026-07-29_01
87,4,Rest,,06:10:34,06:12:40,126,2026-07-29_01
88,15,Earthworks,Dig trench,06:10:39,06:13:55,195.1,2026-07-29_01
89,9,Communication,With other gulper(s),06:10:56,06:11:22,26.3,2026-07-29_01
90,9,Rest,,06:11:22,06:11:39,16.7,2026-07-29_01
91,9,Communication,With other gulper(s),06:11:39,06:14:00,140.8,2026-07-29_01
92,4,Communication,With other gulper(s),06:12:40,06:14:04,84,2026-07-29_01
93,15,Rest,,06:13:55,06:16:21,146,2026-07-29_01
94,9,Rest,,06:14:00,06:14:43,43.5,2026-07-29_01
95,4,Earthworks,Dig trench,06:14:04,06:16:27,143.7,2026-07-29_01
96,9,Earthworks,Dig trench,06:14:43,06:15:51,68.4,2026-07-29_01
97,9,Rest,,06:15:51,06:16:33,41.9,2026-07-29_01
98,15,Communication,With other gulper(s),06:16:21,06:16:37,16,2026-07-29_01
99,4,Rest,,06:16:27,06:16:52,24.6,2026-07-29_01
100,9,Earthworks,Dig trench,06:16:33,06:18:31,117.5,2026-07-29_01
101,15,Rest,,06:16:37,06:16:49,12.6,2026-07-29_01
102,15,Communication,With other gulper(s),06:16:49,06:17:05,16.4,2026-07-29_01
103,4,Communication,With other gulper(s),06:16:52,06:17:03,10.9,2026-07-29_01
104,4,Rest,,06:17:03,06:17:58,55.2,2026-07-29_01
105,15,Rest,,06:17:05,06:17:35,29.4,2026-07-29_01
106,15,Communication,With other gulper(s),06:17:35,06:18:01,26.2,2026-07-29_01
107,4,Communication,With other gulper(s),06:17:58,06:18:21,23.1,2026-07-29_01
108,15,Rest,,06:18:01,06:20:53,171.9,2026-07-29_01
109,4,Rest,,06:18:21,06:18:27,5.9,2026-07-29_01
110,4,Earthworks,Dig trench,06:18:27,06:21:01,153.8,2026-07-29_01
111,9,Rest,,06:18:31,06:21:44,192.9,2026-07-29_01
112,15,Communication,With other gulper(s),06:20:53,06:21:39,46,2026-07-29_01
113,4,Rest,,06:21:01,06:21:10,8.8,2026-07-29_01
114,4,Earthworks,Dig trench,06:21:10,06:21:56,45.9,2026-07-29_01
115,15,Rest,,06:21:39,06:21:53,13.8,2026-07-29_01
116,9,Communication,With other gulper(s),06:21:44,06:21:58,14.7,2026-07-29_01
117,15,Communication,With other gulper(s),06:21:53,06:22:15,22.2,2026-07-29_01
118,4,Rest,,06:21:56,06:22:03,7,2026-07-29_01
119,9,Rest,,06:21:58,06:22:06,7.7,2026-07-29_01
120,4,Communication,With other gulper(s),06:22:03,06:22:31,27.9,2026-07-29_01
121,9,Communication,With other gulper(s),06:22:06,06:23:23,76.5,2026-07-29_01
122,15,Earthworks,Dig trench,06:22:15,06:22:39,23.6,2026-07-29_01
123,4,Rest,,06:22:31,06:22:42,11,2026-07-29_01
124,15,Equipment,Repairing,06:22:39,06:22:46,7,2026-07-29_01
125,4,Communication,With other gulper(s),06:22:42,06:23:21,39,2026-07-29_01
126,15,Communication,With other gulper(s),06:22:46,06:22:49,3.6,2026-07-29_01
127,15,Equipment,Repairing,06:22:49,06:23:00,10.9,2026-07-29_01
128,15,Communication,With other gulper(s),06:23:00,06:23:14,14.4,2026-07-29_01
129,15,Earthworks,Dig trench,06:23:14,06:24:09,54.5,2026-07-29_01
130,4,Equipment,Repairing,06:23:21,06:23:37,16.7,2026-07-29_01
131,9,Rest,,06:23:23,06:24:01,38,2026-07-29_01
132,4,Equipment,Maneuvering,06:23:37,06:24:22,45,2026-07-29_01
133,9,Equipment,Maneuvering,06:24:01,06:24:59,58.4,2026-07-29_01
134,15,Communication,With other gulper(s),06:24:09,06:24:43,34.2,2026-07-29_01
135,4,Communication,With other gulper(s),06:24:22,06:24:52,29.4,2026-07-29_01
136,15,Earthworks,Dig trench,06:24:43,06:25:18,34.6,2026-07-29_01
137,4,Rest,,06:24:52,06:24:56,4.5,2026-07-29_01
138,4,Equipment,Maneuvering,06:24:56,06:25:09,12.4,2026-07-29_01
139,9,Rest,,06:24:59,06:25:20,21.2,2026-07-29_01
140,4,Fluidizing,Mixing,06:25:09,06:25:23,13.9,2026-07-29_01
141,15,Communication,With other gulper(s),06:25:18,06:25:50,31.7,2026-07-29_01
142,9,Communication,With other gulper(s),06:25:20,06:25:57,36.6,2026-07-29_01
143,4,Fluidizing,Adding water,06:25:23,06:25:26,3.7,2026-07-29_01
144,4,Communication,With other gulper(s),06:25:26,06:25:55,29.1,2026-07-29_01
145,15,Equipment,Maneuvering,06:25:50,06:26:09,19.1,2026-07-29_01
146,4,Rest,,06:25:55,06:27:24,88.2,2026-07-29_01
147,9,Rest,,06:25:57,06:27:20,83.2,2026-07-29_01
148,15,Earthworks,Dig trench,06:26:09,06:28:59,170.7,2026-07-29_01
149,9,Communication,With other gulper(s),06:27:20,06:28:02,42.2,2026-07-29_01
150,4,Communication,With other gulper(s),06:27:24,06:28:04,40.8,2026-07-29_01
151,9,Rest,,06:28:02,06:29:13,71,2026-07-29_01
152,4,Rest,,06:28:04,06:29:06,61.8,2026-07-29_01
153,15,Equipment,Repairing,06:28:59,06:29:03,4.1,2026-07-29_01
154,15,Rest,,06:29:03,06:29:10,6.8,2026-07-29_01
155,4,Communication,With other gulper(s),06:29:06,06:29:39,33.3,2026-07-29_01
156,15,Communication,With other gulper(s),06:29:10,06:29:22,11.8,2026-07-29_01
157,9,Communication,With other gulper(s),06:29:13,06:29:42,28.1,2026-07-29_01
158,15,Earthworks,Dig trench,06:29:22,06:29:49,27,2026-07-29_01
159,4,Rest,,06:29:39,06:30:03,23.7,2026-07-29_01
160,9,Rest,,06:29:42,06:30:42,60,2026-07-29_01
161,15,Rest,,06:29:49,06:30:40,50.6,2026-07-29_01
162,4,Earthworks,Dig trench,06:30:03,06:32:32,149.1,2026-07-29_01
163,15,Communication,With other gulper(s),06:30:40,06:30:57,17.5,2026-07-29_01
164,9,Communication,With other gulper(s),06:30:42,06:31:00,18.2,2026-07-29_01
165,15,Equipment,Repairing,06:30:57,06:31:19,21.6,2026-07-29_01
166,9,Rest,,06:31:00,06:32:37,96.9,2026-07-29_01
167,15,Communication,With other gulper(s),06:31:19,06:31:35,16.1,2026-07-29_01
168,15,Rest,,06:31:35,06:34:25,169.6,2026-07-29_01
169,4,Rest,,06:32:34,06:36:18,223.8,2026-07-29_01
170,9,Earthworks,Dig trench,06:32:37,06:34:37,120.3,2026-07-29_01
171,15,Communication,With other gulper(s),06:34:25,06:36:24,119.6,2026-07-29_01
172,9,Communication,With other gulper(s),06:34:37,06:34:46,9.2,2026-07-29_01
173,9,Earthworks,Dig trench,06:34:46,06:37:03,136.8,2026-07-29_01
174,4,Communication,With other gulper(s),06:36:18,06:36:39,21.4,2026-07-29_01
175,15,Rest,,06:36:24,06:38:16,112.3,2026-07-29_01
176,4,Rest,,06:36:39,06:36:58,19.1,2026-07-29_01
177,4,Earthworks,Dig trench,06:36:58,06:38:36,97.3,2026-07-29_01
178,9,Rest,,06:37:03,06:48:32,689.3,2026-07-29_01
179,15,Equipment,Repairing,06:38:16,06:38:53,36.3,2026-07-29_01
180,4,Rest,,06:38:36,06:48:37,601.6,2026-07-29_01
181,15,Earthworks,Dig trench,06:38:53,06:42:38,225.6,2026-07-29_01
182,15,Rest,,06:42:38,06:43:10,32.1,2026-07-29_01
183,15,Earthworks,Dig trench,06:43:10,06:45:45,154.2,2026-07-29_01
184,15,Earthworks,Put hole in pit liner,06:45:45,06:46:02,16.8,2026-07-29_01
185,15,Rest,,06:46:02,06:46:30,28.8,2026-07-29_01
186,15,Earthworks,Put hole in pit liner,06:46:30,06:48:47,136.6,2026-07-29_01
187,9,Communication,With other gulper(s),06:48:32,06:48:52,19.6,2026-07-29_01
188,4,Communication,With other gulper(s),06:48:37,06:48:54,16.9,2026-07-29_01
189,15,Communication,With other gulper(s),06:48:47,06:49:04,16.9,2026-07-29_01
190,9,Rest,,06:48:52,06:54:45,352.8,2026-07-29_01
191,4,Rest,,06:48:54,06:53:56,302.1,2026-07-29_01
192,15,Rest,,06:49:04,06:50:06,62.6,2026-07-29_01
193,15,Earthworks,Put hole in pit liner,06:50:06,06:53:52,226,2026-07-29_01
194,15,Communication,With other gulper(s),06:53:52,06:54:12,20,2026-07-29_01
195,4,Communication,With other gulper(s),06:53:56,06:54:15,18.3,2026-07-29_01
196,15,Earthworks,Put hole in pit liner,06:54:12,06:54:21,9,2026-07-29_01
197,4,Rest,,06:54:15,06:54:31,16.4,2026-07-29_01
198,15,Communication,With other gulper(s),06:54:21,06:56:14,112.8,2026-07-29_01
199,4,Communication,With other gulper(s),06:54:31,06:55:02,30.6,2026-07-29_01
200,9,Communication,With other gulper(s),06:54:45,06:56:02,77.8,2026-07-29_01
201,4,Extraction,Removing sludge,06:55:02,06:56:25,83.7,2026-07-29_01
202,9,Rest,,06:56:02,06:58:57,174.2,2026-07-29_01
203,15,Extraction,Removing sludge,06:56:14,06:56:32,17.8,2026-07-29_01
204,4,Rest,,06:56:25,06:56:46,20.7,2026-07-29_01
205,15,Communication,With other gulper(s),06:56:32,06:56:37,5.5,2026-07-29_01
206,15,Extraction,Pulling out trash,06:56:37,06:56:40,2.5,2026-07-29_01
207,15,Extraction,Removing sludge,06:56:40,06:58:53,133.2,2026-07-29_01
208,4,Extraction,Removing sludge,06:56:46,06:57:01,14.9,2026-07-29_01
209,4,Rest,,06:57:01,06:58:02,60.7,2026-07-29_01
210,4,Extraction,Removing sludge,06:58:02,06:58:29,27.7,2026-07-29_01
211,4,Rest,,06:58:29,06:59:58,88.4,2026-07-29_01
212,15,Communication,With other gulper(s),06:58:53,06:59:34,40.4,2026-07-29_01
213,9,Communication,With other gulper(s),06:58:57,07:00:18,81,2026-07-29_01
214,15,Earthworks,Put hole in pit liner,06:59:34,07:00:45,71.7,2026-07-29_01
215,4,Extraction,Removing sludge,06:59:58,07:00:51,53.3,2026-07-29_01
216,9,Rest,,07:00:18,07:00:43,25.3,2026-07-29_01
217,9,Communication,With other gulper(s),07:00:43,07:01:09,26.4,2026-07-29_01
218,15,Communication,With other gulper(s),07:00:45,07:01:07,21.2,2026-07-29_01
219,4,Fluidizing,Mixing,07:00:51,07:02:23,91.9,2026-07-29_01
220,15,Extraction,Removing sludge,07:01:07,07:05:12,245.9,2026-07-29_01
221,9,Rest,,07:01:09,07:04:50,220.4,2026-07-29_01
222,4,Rest,,07:02:23,07:02:36,13.1,2026-07-29_01
223,4,Extraction,Removing sludge,07:02:36,07:05:18,161.7,2026-07-29_01
224,9,Communication,With other gulper(s),07:04:50,07:05:04,14.4,2026-07-29_01
225,9,Rest,,07:05:04,07:06:19,74.7,2026-07-29_01
226,15,Communication,With other gulper(s),07:05:12,07:06:10,57.8,2026-07-29_01
227,4,Communication,With other gulper(s),07:05:18,07:06:23,65.5,2026-07-29_01
228,15,Extraction,Pulling out trash,07:06:10,07:06:15,4.8,2026-07-29_01
229,15,Extraction,Removing sludge,07:06:15,07:06:29,14.2,2026-07-29_01
230,9,Extraction,Removing sludge,07:06:19,07:06:58,39.7,2026-07-29_01
231,4,Rest,,07:06:23,07:06:27,3.7,2026-07-29_01
232,4,Communication,With other gulper(s),07:06:27,07:06:52,25,2026-07-29_01
233,15,Communication,With other gulper(s),07:06:29,07:06:50,20.3,2026-07-29_01
234,15,Extraction,Removing sludge,07:06:50,07:07:01,11.1,2026-07-29_01
235,4,Rest,,07:06:52,07:07:15,23.2,2026-07-29_01
236,9,Communication,With other gulper(s),07:06:58,07:07:09,10.1,2026-07-29_01
237,15,Communication,With other gulper(s),07:07:01,07:07:05,4.6,2026-07-29_01
238,15,Extraction,Removing sludge,07:07:05,07:08:26,80.5,2026-07-29_01
239,9,Extraction,Removing sludge,07:07:09,07:09:08,119.9,2026-07-29_01
240,4,Communication,With client(s),07:07:15,07:09:05,110,2026-07-29_01
241,15,Communication,With other gulper(s),07:08:26,07:08:46,19.9,2026-07-29_01
242,15,Extraction,Removing sludge,07:08:46,07:08:59,12.9,2026-07-29_01
243,15,Communication,With other gulper(s),07:08:59,07:09:18,19.3,2026-07-29_01
244,4,Rest,,07:09:05,07:09:46,40.8,2026-07-29_01
245,9,Rest,,07:09:08,07:09:34,25.1,2026-07-29_01
246,15,Extraction,Removing sludge,07:09:18,07:10:17,59.5,2026-07-29_01
247,9,Communication,With other gulper(s),07:09:34,07:10:22,48.4,2026-07-29_01
248,4,Communication,With other gulper(s),07:09:46,07:10:14,28.4,2026-07-29_01
249,4,Rest,,07:10:14,07:11:31,76.3,2026-07-29_01
250,15,Communication,With client(s),07:10:17,07:11:08,51.1,2026-07-29_01
251,9,Rest,,07:10:22,07:10:55,33.1,2026-07-29_01
252,9,Extraction,Removing sludge,07:10:55,07:11:40,45,2026-07-29_01
253,15,Extraction,Removing sludge,07:11:08,07:11:28,19.1,2026-07-29_01
254,15,Communication,With other gulper(s),07:11:28,07:11:53,25.7,2026-07-29_01
255,4,Communication,With other gulper(s),07:11:31,07:11:49,18.3,2026-07-29_01
256,9,Rest,,07:11:40,07:13:02,81.8,2026-07-29_01
257,4,Extraction,Removing sludge,07:11:49,07:13:07,78.4,2026-07-29_01
258,15,Extraction,Removing sludge,07:11:53,07:13:05,71.4,2026-07-29_01
259,9,Communication,With other gulper(s),07:13:02,07:14:22,80.5,2026-07-29_01
260,15,Communication,With other gulper(s),07:13:05,07:13:27,22.5,2026-07-29_01
261,4,Communication,With other gulper(s),07:13:07,07:13:53,45.6,2026-07-29_01
262,15,Extraction,Removing sludge,07:13:27,07:14:29,62.2,2026-07-29_01
263,4,Extraction,Removing sludge,07:13:53,07:14:56,63.5,2026-07-29_01
264,9,Fluidizing,Adding water,07:14:22,07:14:45,22.6,2026-07-29_01
265,15,Communication,With other gulper(s),07:14:29,07:15:24,54.7,2026-07-29_01
266,9,Rest,,07:14:45,07:15:48,62.8,2026-07-29_01
267,4,Rest,,07:14:56,07:15:42,46,2026-07-29_01
268,15,Extraction,Removing sludge,07:15:24,07:17:29,124.4,2026-07-29_01
269,4,Fluidizing,Adding water,07:15:42,07:16:12,30.1,2026-07-29_01
270,9,Fluidizing,Fetching water,07:15:48,07:16:30,42.4,2026-07-29_01
271,4,Fluidizing,Mixing,07:16:12,07:16:28,15.6,2026-07-29_01
272,4,Fluidizing,Adding water,07:16:28,07:16:45,17.2,2026-07-29_01
273,9,Rest,,07:16:30,07:21:34,304.3,2026-07-29_01
274,4,Fluidizing,Mixing,07:16:45,07:17:55,69.6,2026-07-29_01
275,15,Fluidizing,Mixing,07:17:29,07:17:50,21.5,2026-07-29_01
276,15,Earthworks,Repair pit liner,07:17:50,07:19:16,86.2,2026-07-29_01
277,4,Rest,,07:17:55,07:21:25,210,2026-07-29_01
278,15,Communication,With other gulper(s),07:19:16,07:19:28,11.2,2026-07-29_01
279,15,Earthworks,Repair pit liner,07:19:28,07:21:22,114.2,2026-07-29_01
280,15,Communication,With other gulper(s),07:21:22,07:21:32,9.8,2026-07-29_01
281,4,Communication,With other gulper(s),07:21:25,07:21:44,18.8,2026-07-29_01
282,15,Earthworks,Repair pit liner,07:21:32,07:23:57,145.6,2026-07-29_01
283,9,Communication,With other gulper(s),07:21:34,07:21:42,7.8,2026-07-29_01
284,9,Rest,,07:21:42,07:24:07,144.8,2026-07-29_01
285,4,Rest,,07:21:44,07:24:12,148.3,2026-07-29_01
286,15,Earthworks,Fill trench,07:23:57,07:25:56,119.2,2026-07-29_01
287,9,Earthworks,Fill trench,07:24:07,07:25:19,71.7,2026-07-29_01
288,4,Earthworks,Fill trench,07:24:12,07:27:04,172.1,2026-07-29_01
289,9,Rest,,07:25:19,07:25:38,19.2,2026-07-29_01
290,9,Earthworks,Fill trench,07:25:38,07:26:43,65,2026-07-29_01
291,15,Rest,,07:25:56,07:26:38,41.4,2026-07-29_01
292,15,Communication,With other gulper(s),07:26:38,07:27:23,45.8,2026-07-29_01
293,9,Communication,With other gulper(s),07:26:43,07:26:58,15.1,2026-07-29_01
294,9,Earthworks,Fill trench,07:26:58,07:33:51,413.3,2026-07-29_01
295,4,Communication,With other gulper(s),07:27:04,07:27:33,28.7,2026-07-29_01
296,15,Equipment,Cleaning,07:27:23,07:27:43,19.5,2026-07-29_01
297,4,Earthworks,Fill trench,07:27:33,07:28:42,69.7,2026-07-29_01
298,15,Equipment,Maneuvering,07:27:43,07:28:05,21.6,2026-07-29_01
299,15,Communication,With other gulper(s),07:28:05,07:28:15,10.6,2026-07-29_01
300,15,Equipment,Cleaning,07:28:15,07:29:38,82.6,2026-07-29_01
301,4,Rest,,07:28:42,07:28:47,4.8,2026-07-29_01
302,4,Equipment,Repairing,07:28:47,07:29:15,27.8,2026-07-29_01
303,4,Earthworks,Fill trench,07:29:15,07:32:16,180.6,2026-07-29_01
304,15,Communication,With other gulper(s),07:29:38,07:30:24,46.2,2026-07-29_01
305,15,Equipment,Cleaning,07:30:24,07:32:49,145,2026-07-29_01
306,4,Rest,,07:32:16,07:32:46,30.5,2026-07-29_01
307,4,Earthworks,Fill trench,07:32:46,07:35:21,155,2026-07-29_01
308,15,Rest,,07:32:49,07:33:46,56.9,2026-07-29_01
309,15,Earthworks,Fill trench,07:33:46,07:36:13,146.6,2026-07-29_01
310,9,Rest,,07:33:51,07:35:23,91.9,2026-07-29_01
311,4,Communication,With other gulper(s),07:35:21,07:35:42,21.3,2026-07-29_01
312,9,Communication,With other gulper(s),07:35:23,07:35:39,15.4,2026-07-29_01
313,9,Earthworks,Fill trench,07:35:39,07:36:15,36.2,2026-07-29_01
314,4,Rest,,07:35:42,07:36:17,34.5,2026-07-29_01
315,15,Communication,With other gulper(s),07:36:13,07:36:23,10.6,2026-07-29_01
316,9,Communication,With other gulper(s),07:36:15,07:36:25,10,2026-07-29_01
317,4,Communication,With other gulper(s),07:36:17,07:37:00,43.5,2026-07-29_01
318,15,Earthworks,Fill trench,07:36:23,07:36:54,30.6,2026-07-29_01
319,9,Rest,,07:36:25,07:38:16,111,2026-07-29_01
320,15,Rest,,07:36:54,07:37:04,10,2026-07-29_01
321,4,Fluidizing,Fetching water,07:37:00,07:38:19,78.3,2026-07-29_01
322,15,Communication,With other gulper(s),07:37:04,07:37:21,16.9,2026-07-29_01
323,15,Equipment,Repairing,07:37:21,07:37:40,19.7,2026-07-29_01
324,15,Rest,,07:37:40,07:38:39,59.1,2026-07-29_01
325,9,Communication,With other gulper(s),07:38:16,07:38:32,16.1,2026-07-29_01
326,4,Communication,With other gulper(s),07:38:19,07:38:27,8.6,2026-07-29_01
327,4,Equipment,Cleaning,07:38:27,07:38:50,22.6,2026-07-29_01
328,9,Equipment,Cleaning,07:38:32,07:41:23,170.9,2026-07-29_01
329,15,Equipment,Cleaning,07:38:39,07:38:46,6.6,2026-07-29_01
330,15,Communication,With other gulper(s),07:38:46,07:38:56,9.9,2026-07-29_01
331,4,Communication,With other gulper(s),07:38:50,07:38:59,8.8,2026-07-29_01
332,15,Equipment,Cleaning,07:38:56,07:39:09,12.7,2026-07-29_01
333,4,Equipment,Cleaning,07:38:59,07:41:21,141.9,2026-07-29_01
334,15,Rest,,07:39:09,07:39:17,8.9,2026-07-29_01
335,15,Equipment,Cleaning,07:39:17,07:40:36,78.2,2026-07-29_01
336,15,Rest,,07:40:36,07:41:30,54,2026-07-29_01
337,4,Communication,With other gulper(s),07:41:21,07:41:40,19.6,2026-07-29_01
338,9,Communication,With other gulper(s),07:41:23,07:41:37,14.3,2026-07-29_01
339,15,Equipment,Maneuvering,07:41:30,07:42:43,73.2,2026-07-29_01
340,9,Equipment,Cleaning,07:41:37,07:42:00,22.5,2026-07-29_01
341,4,Equipment,Cleaning,07:41:40,07:41:53,13,2026-07-29_01
342,4,Rest,,07:41:53,07:42:06,12.6,2026-07-29_01
343,9,Communication,With other gulper(s),07:42:00,07:42:12,12.7,2026-07-29_01
344,4,Communication,With other gulper(s),07:42:06,07:42:10,4,2026-07-29_01
345,4,Equipment,Cleaning,07:42:15,07:43:15,59.9,2026-07-29_01
346,9,Equipment,Cleaning,07:42:28,07:43:15,46.5,2026-07-29_01
347,15,Rest,,07:42:54,07:43:15,20.9,2026-07-29_01
1,2,Superstructure,Inspection,14:23:26,14:25:52,146,2026-07-31_01
2,17,Superstructure,Inspection,14:24:34,14:26:03,88.8,2026-07-31_01
3,18,Travel,On errand,14:25:07,14:27:57,170.5,2026-07-31_01
4,16,Communication,With other gulper(s),14:25:14,14:26:20,65.4,2026-07-31_01
5,2,Earthworks,Dig trench,14:25:52,14:26:52,60.2,2026-07-31_01
6,17,Superstructure,Modification,14:26:03,14:27:27,83.6,2026-07-31_01
7,16,Superstructure,Modification,14:26:20,14:28:05,105.3,2026-07-31_01
8,2,Superstructure,Modification,14:26:52,14:27:35,42.9,2026-07-31_01
9,17,Rest,,14:27:27,14:29:00,93.3,2026-07-31_01
10,2,Earthworks,Dig trench,14:27:35,14:28:50,75.1,2026-07-31_01
11,18,Equipment,Maneuvering,14:27:57,14:28:45,47.7,2026-07-31_01
12,16,Earthworks,Dig trench,14:28:05,14:30:03,117.9,2026-07-31_01
13,18,Rest,,14:28:45,14:29:55,70.2,2026-07-31_01
14,2,Rest,,14:28:50,14:29:48,57.9,2026-07-31_01
15,17,Fluidizing,Mixing,14:29:00,14:32:12,191.5,2026-07-31_01
16,2,Earthworks,Dig trench,14:29:48,14:30:18,30.1,2026-07-31_01
17,18,Fluidizing,Fetching water,14:29:55,14:30:35,39.9,2026-07-31_01
18,16,Rest,,14:30:03,14:30:44,41.6,2026-07-31_01
19,2,Rest,,14:30:18,14:30:39,21.1,2026-07-31_01
20,18,Equipment,Maneuvering,14:30:35,14:31:25,49.7,2026-07-31_01
21,2,Earthworks,Dig trench,14:30:39,14:32:19,100,2026-07-31_01
22,16,Earthworks,Dig trench,14:30:44,14:35:35,290.7,2026-07-31_01
23,18,Fluidizing,Fetching water,14:31:25,14:34:50,205.1,2026-07-31_01
24,17,Extraction,Pulling out trash,14:32:12,14:33:05,53.7,2026-07-31_01
25,2,Rest,,14:32:19,14:33:10,50.3,2026-07-31_01
26,17,Communication,With other gulper(s),14:33:05,14:33:33,28.1,2026-07-31_01
27,2,Equipment,Maneuvering,14:33:10,14:33:24,13.8,2026-07-31_01
28,2,Earthworks,Dig trench,14:33:24,14:35:03,99.1,2026-07-31_01
29,17,Rest,,14:33:33,14:34:17,43.7,2026-07-31_01
30,17,Communication,With other gulper(s),14:34:17,14:34:59,41.6,2026-07-31_01
31,18,Equipment,Maneuvering,14:34:50,14:35:12,22.1,2026-07-31_01
32,17,Equipment,Maneuvering,14:34:59,14:36:59,120.5,2026-07-31_01
33,2,Rest,,14:35:03,14:35:26,23.4,2026-07-31_01
34,18,Fluidizing,Fetching water,14:35:12,14:36:07,55,2026-07-31_01
35,2,Equipment,Maneuvering,14:35:26,14:36:02,36.4,2026-07-31_01
36,16,Communication,With other gulper(s),14:35:35,14:35:41,6.1,2026-07-31_01
37,16,Equipment,Maneuvering,14:35:41,14:35:52,10.3,2026-07-31_01
38,16,Earthworks,Dig trench,14:35:52,14:38:17,145.9,2026-07-31_01
39,2,Earthworks,Dig trench,14:36:02,14:39:33,210.2,2026-07-31_01
40,18,Equipment,Maneuvering,14:36:07,14:37:02,54.7,2026-07-31_01
41,17,Communication,With other gulper(s),14:36:59,14:37:12,12.3,2026-07-31_01
42,18,Communication,With other gulper(s),14:37:02,14:37:15,12.9,2026-07-31_01
43,17,Fluidizing,Mixing,14:37:12,14:37:49,37.2,2026-07-31_01
44,18,Rest,,14:37:15,14:37:25,10,2026-07-31_01
45,18,Fluidizing,Fetching water,14:37:25,14:38:33,68,2026-07-31_01
46,17,Communication,With client(s),14:37:49,14:37:52,2.8,2026-07-31_01
47,17,Communication,With other gulper(s),14:37:52,14:38:26,34.6,2026-07-31_01
48,16,Rest,,14:38:17,14:38:59,41.3,2026-07-31_01
49,17,Extraction,Pulling out trash,14:38:26,14:38:48,22.1,2026-07-31_01
50,18,Extraction,Pulling out trash,14:38:33,14:38:43,10,2026-07-31_01
51,18,Rest,,14:38:43,14:40:49,126,2026-07-31_01
52,17,Fluidizing,Mixing,14:38:48,14:40:55,126.5,2026-07-31_01
53,16,Earthworks,Dig trench,14:38:59,14:39:37,37.8,2026-07-31_01
54,2,Rest,,14:39:33,14:39:46,12.9,2026-07-31_01
55,16,Rest,,14:39:37,14:39:53,16,2026-07-31_01
56,2,Earthworks,Dig trench,14:39:46,14:43:14,208,2026-07-31_01
57,16,Earthworks,Dig trench,14:39:53,14:43:31,218.3,2026-07-31_01
58,18,Extraction,Pulling out trash,14:40:49,14:41:13,24.3,2026-07-31_01
59,17,Fluidizing,Mixing,14:40:55,14:40:58,3.5,2026-07-31_01
60,17,Fluidizing,Mixing,14:40:58,14:42:00,62.4,2026-07-31_01
61,18,Rest,,14:41:13,14:42:05,52.4,2026-07-31_01
62,17,Extraction,Pulling out trash,14:42:00,14:42:45,44.9,2026-07-31_01
63,18,Extraction,Pulling out trash,14:42:05,14:42:52,47.1,2026-07-31_01
64,17,Equipment,Maneuvering,14:42:45,14:43:51,65.3,2026-07-31_01
65,18,Communication,With other gulper(s),14:42:52,14:42:59,6.9,2026-07-31_01
66,18,Equipment,Maneuvering,14:42:59,14:43:20,20.7,2026-07-31_01
67,2,Rest,,14:43:14,14:44:43,89.1,2026-07-31_01
68,18,Rest,,14:43:20,14:43:46,26.1,2026-07-31_01
69,16,Rest,,14:43:31,14:44:00,29,2026-07-31_01
70,18,Equipment,Maneuvering,14:43:46,14:44:47,60.5,2026-07-31_01
71,17,Fluidizing,Fetching water,14:43:51,14:43:53,2.6,2026-07-31_01
72,17,Fluidizing,Adding water,14:43:53,14:45:03,69.7,2026-07-31_01
73,16,Earthworks,Dig trench,14:44:00,14:51:08,428.4,2026-07-31_01
74,2,Earthworks,Dig trench,14:44:43,14:46:13,89.9,2026-07-31_01
75,18,Rest,,14:44:47,14:45:35,48.4,2026-07-31_01
76,17,Fluidizing,Mixing,14:45:03,14:45:31,27.7,2026-07-31_01
77,17,Extraction,Pulling out trash,14:45:31,14:47:06,96,2026-07-31_01
78,18,Extraction,Pulling out trash,14:45:35,14:45:58,22.8,2026-07-31_01
79,18,Rest,,14:45:58,14:47:29,90.8,2026-07-31_01
80,2,Rest,,14:46:13,14:46:57,44.3,2026-07-31_01
81,2,Earthworks,Dig trench,14:46:57,14:54:25,447.9,2026-07-31_01
82,17,Fluidizing,Mixing,14:47:06,14:51:03,236.5,2026-07-31_01
83,18,Extraction,Pulling out trash,14:47:29,14:51:34,245.6,2026-07-31_01
84,17,Rest,,14:51:03,14:51:38,34.6,2026-07-31_01
85,16,Rest,,14:51:08,14:51:43,35.3,2026-07-31_01
86,18,Rest,,14:51:34,14:55:58,264,2026-07-31_01
87,17,Communication,With other gulper(s),14:51:38,14:53:54,136.1,2026-07-31_01
88,16,Communication,With other gulper(s),14:51:43,14:54:02,138.6,2026-07-31_01
89,17,Fluidizing,Mixing,14:53:54,14:55:50,116.2,2026-07-31_01
90,16,Earthworks,Dig trench,14:54:02,14:54:31,28.8,2026-07-31_01
91,2,Rest,,14:54:25,14:55:40,74.9,2026-07-31_01
92,16,Rest,,14:54:31,14:55:31,60.3,2026-07-31_01
93,16,Earthworks,Dig trench,14:55:31,14:56:28,56.7,2026-07-31_01
94,2,Earthworks,Dig trench,14:55:40,14:57:00,80.8,2026-07-31_01
95,17,Extraction,Pulling out trash,14:55:52,14:58:30,158.1,2026-07-31_01
96,18,Extraction,Pulling out trash,14:55:58,14:57:09,71.3,2026-07-31_01
97,16,Communication,With other gulper(s),14:56:28,14:56:54,26.5,2026-07-31_01
98,16,Earthworks,Dig trench,14:56:54,14:57:23,28.8,2026-07-31_01
99,2,Rest,,14:57:00,14:58:16,75.7,2026-07-31_01
100,18,Communication,With other gulper(s),14:57:09,14:58:23,73.2,2026-07-31_01
101,16,Communication,With other gulper(s),14:57:23,14:58:38,75.2,2026-07-31_01
102,2,Earthworks,Dig trench,14:58:16,15:03:28,311.9,2026-07-31_01
103,18,Extraction,Pulling out trash,14:58:23,14:58:50,27.1,2026-07-31_01
104,17,Fluidizing,Mixing,14:58:30,14:59:10,39.9,2026-07-31_01
105,16,Communication,With other gulper(s),14:58:38,14:59:29,50.3,2026-07-31_01
106,18,Fluidizing,Fetching water,14:58:50,14:59:13,23.5,2026-07-31_01
107,17,Extraction,Pulling out trash,14:59:10,15:02:47,217.1,2026-07-31_01
108,18,Extraction,Pulling out trash,14:59:13,15:00:59,105.3,2026-07-31_01
109,16,Earthworks,Dig trench,14:59:29,15:00:52,83.3,2026-07-31_01
110,16,Rest,,15:00:52,15:03:01,129.4,2026-07-31_01
111,18,Fluidizing,Mixing,15:00:59,15:02:55,116.2,2026-07-31_01
112,17,Communication,With other gulper(s),15:02:47,15:03:46,58.8,2026-07-31_01
113,18,Rest,,15:02:55,15:03:35,39.9,2026-07-31_01
114,16,Earthworks,Dig trench,15:03:01,15:03:14,12.9,2026-07-31_01
115,16,Rest,,15:03:14,15:04:30,75.9,2026-07-31_01
116,2,Rest,,15:03:28,15:04:26,58.4,2026-07-31_01
117,18,Disposal,,15:03:35,15:04:34,59.3,2026-07-31_01
118,17,Fluidizing,Mixing,15:03:46,15:05:45,119.5,2026-07-31_01
119,2,Earthworks,Dig trench,15:04:26,15:06:29,122.5,2026-07-31_01
120,16,Communication,With other gulper(s),15:04:30,15:05:40,69.4,2026-07-31_01
121,18,Rest,,15:04:34,15:05:49,74.8,2026-07-31_01
122,16,Rest,,15:05:40,15:06:38,58.1,2026-07-31_01
123,17,Extraction,Pulling out trash,15:05:45,15:12:12,386.9,2026-07-31_01
124,18,Extraction,Pulling out trash,15:05:49,15:09:07,198.2,2026-07-31_01
125,2,Disposal,,15:06:29,15:07:46,76.7,2026-07-31_01
126,16,Equipment,Maneuvering,15:06:38,15:07:06,28.2,2026-07-31_01
127,16,Earthworks,Dig trench,15:07:06,15:10:30,204.3,2026-07-31_01
128,2,Rest,,15:07:46,15:11:39,233.3,2026-07-31_01
129,18,Rest,,15:09:07,15:09:19,12,2026-07-31_01
130,18,Communication,With other gulper(s),15:09:19,15:09:51,32.4,2026-07-31_01
131,18,Extraction,Pulling out trash,15:09:51,15:10:34,42.6,2026-07-31_01
132,16,Rest,,15:10:30,15:13:08,157.9,2026-07-31_01
133,18,Rest,,15:10:34,15:11:02,28,2026-07-31_01
134,18,Extraction,Pulling out trash,15:11:02,15:12:02,60,2026-07-31_01
135,2,Earthworks,Dig trench,15:11:39,15:12:17,37.7,2026-07-31_01
136,18,Extraction,Pulling out trash,15:12:02,15:12:07,4.9,2026-07-31_01
137,18,Rest,,15:12:07,15:12:31,24.2,2026-07-31_01
138,17,Fluidizing,Mixing,15:12:12,15:12:37,24.3,2026-07-31_01
139,2,Communication,With other gulper(s),15:12:17,15:13:17,60.5,2026-07-31_01
140,18,Disposal,,15:12:31,15:13:11,40.4,2026-07-31_01
141,17,Communication,With other gulper(s),15:12:37,15:14:11,95,2026-07-31_01
142,16,Communication,With other gulper(s),15:13:08,15:14:21,72.6,2026-07-31_01
143,18,Equipment,Maneuvering,15:13:11,15:15:31,140,2026-07-31_01
144,2,Earthworks,Dig trench,15:13:17,15:13:58,41,2026-07-31_01
145,2,Rest,,15:13:58,15:16:52,173.9,2026-07-31_01
146,17,Fluidizing,Adding water,15:14:11,15:15:35,83.2,2026-07-31_01
147,16,Rest,,15:14:21,15:15:44,83.5,2026-07-31_01
148,18,Extraction,Pulling out trash,15:15:31,15:18:40,189,2026-07-31_01
149,17,Extraction,Pulling out trash,15:15:35,15:17:08,93.2,2026-07-31_01
150,16,Earthworks,Dig trench,15:15:44,15:18:16,151.3,2026-07-31_01
151,2,Earthworks,Dig trench,15:16:52,15:17:36,44.3,2026-07-31_01
152,17,Fluidizing,Mixing,15:17:08,15:17:32,24.4,2026-07-31_01
153,17,Extraction,Pulling out trash,15:17:32,15:18:10,37.7,2026-07-31_01
154,2,Rest,,15:17:36,15:18:20,43.8,2026-07-31_01
155,17,Fluidizing,Mixing,15:18:10,15:20:31,141.1,2026-07-31_01
156,16,Rest,,15:18:16,15:18:31,15.6,2026-07-31_01
157,2,Earthworks,Dig trench,15:18:20,15:20:37,136.9,2026-07-31_01
158,16,Earthworks,Dig trench,15:18:31,15:20:06,94.8,2026-07-31_01
159,18,Extraction,Pulling out trash,15:18:40,15:18:44,3.3,2026-07-31_01
160,18,Rest,,15:18:44,15:21:27,163.7,2026-07-31_01
161,16,Rest,,15:20:06,15:22:02,116.4,2026-07-31_01
162,17,Extraction,Pulling out trash,15:20:31,15:21:56,84.9,2026-07-31_01
163,2,Rest,,15:20:37,15:22:59,141.8,2026-07-31_01
164,18,Extraction,Pulling out trash,15:21:27,15:25:00,213.1,2026-07-31_01
165,17,Fluidizing,Mixing,15:21:56,15:22:39,43,2026-07-31_01
166,16,Earthworks,Dig trench,15:22:02,15:23:02,59.4,2026-07-31_01
167,17,Extraction,Pulling out trash,15:22:39,15:26:15,215.7,2026-07-31_01
168,2,Earthworks,Dig trench,15:22:59,15:24:24,85.6,2026-07-31_01
169,16,Rest,,15:23:02,15:23:50,48.4,2026-07-31_01
170,16,Earthworks,Dig trench,15:23:50,15:26:48,177.8,2026-07-31_01
171,2,Rest,,15:24:24,15:24:57,32.4,2026-07-31_01
172,2,Earthworks,Dig trench,15:24:57,15:27:20,143.6,2026-07-31_01
173,18,Rest,,15:25:00,15:25:52,52,2026-07-31_01
174,18,Extraction,Pulling out trash,15:25:52,15:26:53,61,2026-07-31_01
175,17,Fluidizing,Mixing,15:26:15,15:28:07,111.8,2026-07-31_01
176,16,Rest,,15:26:48,15:26:58,9.9,2026-07-31_01
177,18,Communication,With other gulper(s),15:26:53,15:27:02,9.1,2026-07-31_01
178,16,Communication,With other gulper(s),15:26:58,15:28:02,64.1,2026-07-31_01
179,18,Extraction,Pulling out trash,15:27:02,15:27:17,15,2026-07-31_01
180,18,Rest,,15:27:17,15:28:10,52.2,2026-07-31_01
181,2,Rest,,15:27:20,15:29:10,109.6,2026-07-31_01
182,16,Earthworks,Dig trench,15:28:02,15:34:40,398.6,2026-07-31_01
183,17,Rest,,15:28:07,15:28:30,23.8,2026-07-31_01
184,18,Communication,With other gulper(s),15:28:10,15:28:58,48.6,2026-07-31_01
185,17,Equipment,Maneuvering,15:28:30,15:29:41,70.8,2026-07-31_01
186,18,Fluidizing,Fetching water,15:28:58,15:31:19,140.9,2026-07-31_01
187,2,Earthworks,Dig trench,15:29:10,15:29:59,49.4,2026-07-31_01
188,17,Fluidizing,Adding water,15:29:41,15:30:37,55.8,2026-07-31_01
189,2,Rest,,15:29:59,15:30:48,48.5,2026-07-31_01
190,17,Extraction,Pulling out trash,15:30:37,15:31:29,51.7,2026-07-31_01
191,2,Earthworks,Dig trench,15:30:48,15:32:09,81,2026-07-31_01
192,18,Rest,,15:31:19,15:34:25,185.7,2026-07-31_01
193,17,Fluidizing,Mixing,15:31:29,15:32:44,75.3,2026-07-31_01
194,2,Rest,,15:32:09,15:33:12,63.4,2026-07-31_01
195,17,Extraction,Pulling out trash,15:32:44,15:34:06,82.3,2026-07-31_01
196,2,Earthworks,Put hole in pit liner,15:33:12,15:34:38,85.4,2026-07-31_01
197,17,Fluidizing,Mixing,15:34:06,15:34:21,15,2026-07-31_01
198,17,Extraction,Pulling out trash,15:34:21,15:35:01,39.5,2026-07-31_01
199,18,Extraction,Pulling out trash,15:34:25,15:35:31,66.3,2026-07-31_01
200,2,Rest,,15:34:38,15:36:26,108.1,2026-07-31_01
201,16,Rest,,15:34:40,15:36:30,110,2026-07-31_01
202,17,Fluidizing,Mixing,15:35:01,15:35:42,41.5,2026-07-31_01
203,18,Rest,,15:35:31,15:37:17,105.7,2026-07-31_01
204,17,Extraction,Pulling out trash,15:35:42,15:37:46,123.5,2026-07-31_01
205,2,Superstructure,Inspection,15:36:26,15:39:50,203.8,2026-07-31_01
206,16,Earthworks,Dig trench,15:36:30,15:38:23,112.8,2026-07-31_01
207,18,Extraction,Pulling out trash,15:37:17,15:38:28,71.1,2026-07-31_01
208,17,Communication,With other gulper(s),15:37:46,15:38:50,64.4,2026-07-31_01
209,16,Rest,,15:38:23,15:39:39,76,2026-07-31_01
210,18,Rest,,15:38:28,15:39:16,47.8,2026-07-31_01
211,17,Fluidizing,Adding water,15:38:50,15:39:11,21.2,2026-07-31_01
212,17,Fluidizing,Mixing,15:39:11,15:40:20,68.4,2026-07-31_01
213,18,Fluidizing,Fetching water,15:39:16,15:40:26,70.2,2026-07-31_01
214,16,Earthworks,Dig trench,15:39:39,15:40:33,53.9,2026-07-31_01
215,2,Fluidizing,Mixing,15:39:50,15:41:50,120.4,2026-07-31_01
216,17,Communication,With other gulper(s),15:40:20,15:40:30,10.5,2026-07-31_01
217,18,Rest,,15:40:26,15:41:08,41.6,2026-07-31_01
218,17,Fluidizing,Adding water,15:40:30,15:41:13,42.3,2026-07-31_01
219,16,Rest,,15:40:33,15:41:02,28.8,2026-07-31_01
220,16,Earthworks,Dig trench,15:41:02,15:41:57,54.7,2026-07-31_01
221,18,Fluidizing,Fetching water,15:41:08,15:45:55,287.7,2026-07-31_01
222,17,Rest,,15:41:13,15:42:04,51.2,2026-07-31_01
223,2,Communication,With other gulper(s),15:41:50,15:43:10,79.5,2026-07-31_01
224,16,Rest,,15:41:57,15:44:05,128.3,2026-07-31_01
225,17,Extraction,Pulling out trash,15:42:04,15:43:46,102,2026-07-31_01
226,2,Fluidizing,Mixing,15:43:10,15:44:33,83.5,2026-07-31_01
227,17,Extraction,Pulling out trash,15:43:46,15:48:00,254.2,2026-07-31_01
228,16,Travel,On errand,15:44:05,15:44:40,35.1,2026-07-31_01
229,2,Extraction,Pulling out trash,15:44:33,15:46:35,122.4,2026-07-31_01
230,16,Rest,,15:44:40,15:53:59,559.4,2026-07-31_01
231,18,Rest,,15:45:55,15:46:10,14.6,2026-07-31_01
232,18,Fluidizing,Adding water,15:46:10,15:48:11,121,2026-07-31_01
233,2,Fluidizing,Mixing,15:46:35,15:49:09,153.2,2026-07-31_01
234,17,Communication,With other gulper(s),15:48:00,15:50:55,175.3,2026-07-31_01
235,18,Rest,,15:48:11,15:49:12,61.6,2026-07-31_01
236,2,Extraction,Pulling out trash,15:49:09,15:50:16,67.6,2026-07-31_01
237,18,Extraction,Pulling out trash,15:49:12,15:49:56,43.9,2026-07-31_01
238,18,Rest,,15:49:56,15:52:40,163.4,2026-07-31_01
239,2,Extraction,Pulling out trash,15:50:16,15:51:03,46.4,2026-07-31_01
240,17,Rest,,15:50:55,15:52:15,79.4,2026-07-31_01
241,2,Fluidizing,Mixing,15:51:03,15:52:32,88.9,2026-07-31_01
242,17,Fluidizing,Fetching water,15:52:15,15:53:03,48.1,2026-07-31_01
243,2,Equipment,Cleaning,15:52:32,15:53:12,40.5,2026-07-31_01
244,18,Fluidizing,Mixing,15:52:40,15:57:41,301.5,2026-07-31_01
245,17,Fluidizing,Adding water,15:53:03,15:53:18,15.4,2026-07-31_01
246,2,Rest,,15:53:12,15:54:53,101.4,2026-07-31_01
247,17,Communication,With other gulper(s),15:53:18,15:53:50,31.9,2026-07-31_01
248,17,Extraction,Pulling out trash,15:53:50,15:56:07,136.5,2026-07-31_01
249,16,Equipment,Maneuvering,15:53:59,15:54:05,5.5,2026-07-31_01
250,16,Communication,With other gulper(s),15:54:05,15:56:10,125.2,2026-07-31_01
251,2,Equipment,Maneuvering,15:54:53,15:55:57,63.9,2026-07-31_01
252,2,Fluidizing,Fetching water,15:55:57,15:57:36,98.2,2026-07-31_01
253,17,Fluidizing,Mixing,15:56:07,15:57:28,81.3,2026-07-31_01
254,16,Rest,,15:56:10,15:57:20,69.8,2026-07-31_01
255,16,Extraction,Pulling out trash,15:57:20,15:58:45,84.9,2026-07-31_01
256,17,Extraction,Pulling out trash,15:57:28,16:09:00,692.4,2026-07-31_01
257,2,Extraction,Pulling out trash,15:57:36,15:59:00,84.1,2026-07-31_01
258,18,Extraction,Pulling out trash,15:57:41,15:57:59,17.4,2026-07-31_01
259,18,Fluidizing,Mixing,15:57:59,16:09:21,682.4,2026-07-31_01
260,16,Rest,,15:58:45,16:08:43,597.7,2026-07-31_01
261,2,Rest,,15:59:00,15:59:14,14.5,2026-07-31_01
262,2,Extraction,Pulling out trash,15:59:14,16:08:51,576.7,2026-07-31_01
263,16,Extraction,Pulling out trash,16:08:43,16:10:14,91.1,2026-07-31_01
264,2,Rest,,16:08:51,16:10:21,90,2026-07-31_01
265,17,Fluidizing,Mixing,16:09:00,16:12:17,196.7,2026-07-31_01
266,18,Extraction,Pulling out trash,16:09:21,16:10:04,43.3,2026-07-31_01
267,18,Fluidizing,Mixing,16:10:04,16:12:05,120.2,2026-07-31_01
268,16,Rest,,16:10:14,16:11:08,54.4,2026-07-31_01
269,2,Extraction,Pulling out trash,16:10:21,16:10:48,27.6,2026-07-31_01
270,2,Disposal,,16:10:48,16:11:56,67.7,2026-07-31_01
271,16,Extraction,Pulling out trash,16:11:08,16:19:52,524,2026-07-31_01
272,2,Extraction,Pulling out trash,16:11:56,16:13:44,108.1,2026-07-31_01
273,18,Extraction,Pulling out trash,16:12:05,16:20:03,478.7,2026-07-31_01
274,17,Extraction,Pulling out trash,16:12:17,16:12:31,14.3,2026-07-31_01
275,17,Fluidizing,Mixing,16:12:31,16:13:52,80.6,2026-07-31_01
276,2,Rest,,16:13:44,16:19:47,363.3,2026-07-31_01
277,17,Extraction,Pulling out trash,16:13:52,16:19:40,347.8,2026-07-31_01
278,17,Fluidizing,Mixing,16:19:40,16:20:39,59.4,2026-07-31_01
279,2,Extraction,Pulling out trash,16:19:47,16:23:07,199.3,2026-07-31_01
280,16,Rest,,16:19:52,16:20:00,7.7,2026-07-31_01
281,16,Extraction,Pulling out trash,16:20:00,16:22:53,173,2026-07-31_01
282,18,Fluidizing,Mixing,16:20:03,16:20:51,47.8,2026-07-31_01
283,17,Extraction,Pulling out trash,16:20:39,16:21:24,44.9,2026-07-31_01
284,18,Extraction,Pulling out trash,16:20:51,16:23:01,129.7,2026-07-31_01
285,17,Fluidizing,Mixing,16:21:24,16:23:11,106.9,2026-07-31_01
286,16,Disposal,,16:22:53,16:26:14,201.7,2026-07-31_01
287,18,Extraction,Pulling out trash,16:23:01,16:23:18,17.6,2026-07-31_01
288,2,Disposal,,16:23:07,16:25:21,133.8,2026-07-31_01
289,17,Rest,,16:23:11,16:25:08,117.1,2026-07-31_01
290,18,Rest,,16:23:18,16:26:32,194.1,2026-07-31_01
291,17,Equipment,Cleaning,16:25:08,16:26:09,60.9,2026-07-31_01
292,2,Fluidizing,Fetching water,16:25:21,16:28:17,176.8,2026-07-31_01
293,17,Fluidizing,Adding water,16:26:09,16:27:13,63.5,2026-07-31_01
294,16,Rest,,16:26:14,16:27:37,82.9,2026-07-31_01
295,18,Fluidizing,Mixing,16:26:32,16:27:46,73.2,2026-07-31_01
296,17,Extraction,Pulling out trash,16:27:13,16:29:29,136.9,2026-07-31_01
297,16,Extraction,Pulling out trash,16:27:37,16:30:08,150.2,2026-07-31_01
298,18,Extraction,Pulling out trash,16:27:46,16:32:26,280.5,2026-07-31_01
299,2,Rest,,16:28:17,16:29:38,80.2,2026-07-31_01
300,17,Fluidizing,Mixing,16:29:29,16:29:41,11.2,2026-07-31_01
301,2,Extraction,Pulling out trash,16:29:38,16:32:18,160.8,2026-07-31_01
302,17,Extraction,Pulling out trash,16:29:41,16:30:30,49.1,2026-07-31_01
303,16,Rest,,16:30:08,16:30:13,5.8,2026-07-31_01
304,16,Communication,With other gulper(s),16:30:13,16:30:52,38.8,2026-07-31_01
305,17,Fluidizing,Mixing,16:30:30,16:33:33,183.4,2026-07-31_01
306,16,Extraction,Pulling out trash,16:30:52,16:34:33,220.6,2026-07-31_01
307,2,Rest,,16:32:18,16:33:37,78.7,2026-07-31_01
308,18,Fluidizing,Mixing,16:32:26,16:33:27,60.5,2026-07-31_01
309,18,Extraction,Pulling out trash,16:33:27,16:34:19,52,2026-07-31_01
310,17,Fluidizing,Mixing,16:33:33,16:38:46,312.8,2026-07-31_01
311,2,Communication,With other gulper(s),16:33:37,16:35:19,101.5,2026-07-31_01
312,18,Fluidizing,Mixing,16:34:19,16:34:51,32.8,2026-07-31_01
313,16,Disposal,,16:34:33,16:36:35,122.1,2026-07-31_01
314,18,Rest,,16:34:51,16:36:10,79,2026-07-31_01
315,2,Extraction,Pulling out trash,16:35:19,16:35:57,38.5,2026-07-31_01
316,2,Rest,,16:35:57,16:36:58,61.4,2026-07-31_01
317,18,Fluidizing,Mixing,16:36:10,16:37:26,75.4,2026-07-31_01
318,16,Rest,,16:36:35,16:37:29,54.6,2026-07-31_01
319,2,Extraction,Pulling out trash,16:36:58,16:40:06,187.8,2026-07-31_01
320,18,Extraction,Pulling out trash,16:37:26,16:39:37,131.6,2026-07-31_01
321,16,Extraction,Pulling out trash,16:37:29,16:39:33,123.7,2026-07-31_01
322,17,Extraction,Pulling out trash,16:38:46,16:42:16,209.9,2026-07-31_01
323,16,Disposal,,16:39:33,16:40:49,76.3,2026-07-31_01
324,18,Rest,,16:39:37,16:41:01,84.1,2026-07-31_01
325,2,Rest,,16:40:06,16:41:13,66.8,2026-07-31_01
326,16,Extraction,Pulling out trash,16:40:49,16:42:08,78.1,2026-07-31_01
327,18,Fluidizing,Mixing,16:41:01,16:41:53,51.7,2026-07-31_01
328,2,Extraction,Pulling out trash,16:41:13,16:41:27,13.5,2026-07-31_01
329,2,Rest,,16:41:27,16:42:13,46.7,2026-07-31_01
330,18,Rest,,16:41:53,16:44:27,153.4,2026-07-31_01
331,16,Equipment,Cleaning,16:42:08,16:43:12,64.6,2026-07-31_01
332,2,Communication,With other gulper(s),16:42:13,16:43:22,68.3,2026-07-31_01
333,17,Communication,With other gulper(s),16:42:16,16:43:25,69.6,2026-07-31_01
334,16,Rest,,16:43:12,16:44:18,66.1,2026-07-31_01
335,2,Fluidizing,Adding water,16:43:22,16:44:12,50.2,2026-07-31_01
336,17,Superstructure,Inspection,16:43:25,16:44:58,92.6,2026-07-31_01
337,2,Fluidizing,Fetching water,16:44:12,16:47:33,201.5,2026-07-31_01
338,16,Fluidizing,Fetching water,16:44:18,16:45:11,52.2,2026-07-31_01
339,18,Equipment,Cleaning,16:44:27,16:45:06,39.4,2026-07-31_01
340,17,Fluidizing,Adding water,16:44:58,16:45:58,60.1,2026-07-31_01
341,18,Rest,,16:45:06,16:45:33,26.9,2026-07-31_01
342,16,Fluidizing,Fetching water,16:45:11,16:45:45,34.8,2026-07-31_01
343,18,Fluidizing,Fetching water,16:45:33,16:47:27,114,2026-07-31_01
344,16,Rest,,16:45:45,16:46:44,58.8,2026-07-31_01
345,17,Extraction,Pulling out trash,16:45:58,16:46:31,32.5,2026-07-31_01
346,17,Fluidizing,Mixing,16:46:31,16:48:42,131.6,2026-07-31_01
347,16,Extraction,Pulling out trash,16:46:44,16:47:38,53.5,2026-07-31_01
348,18,Equipment,Cleaning,16:47:27,16:48:31,63.7,2026-07-31_01
349,2,Rest,,16:47:33,16:55:32,478.5,2026-07-31_01
350,16,Rest,,16:47:38,16:48:17,39.1,2026-07-31_01
351,16,Equipment,Maneuvering,16:48:17,16:48:27,9.8,2026-07-31_01
352,16,Extraction,Pulling out trash,16:48:27,16:50:09,102.7,2026-07-31_01
353,18,Travel,On errand,16:48:31,16:57:51,560.4,2026-07-31_01
354,17,Fluidizing,Mixing,16:48:42,16:50:02,79.8,2026-07-31_01
355,17,Extraction,Pulling out trash,16:50:02,16:51:18,76.1,2026-07-31_01
356,16,Rest,,16:50:09,16:52:27,137.5,2026-07-31_01
357,17,Fluidizing,Mixing,16:51:18,16:53:04,106.1,2026-07-31_01
358,16,Disposal,,16:52:27,16:53:17,49.8,2026-07-31_01
359,17,Rest,,16:53:04,16:53:15,10.3,2026-07-31_01
360,17,Fluidizing,Mixing,16:53:15,16:56:59,224.9,2026-07-31_01
361,16,Rest,,16:53:17,16:55:45,148.7,2026-07-31_01
362,2,Fluidizing,Fetching water,16:55:32,16:55:53,20.8,2026-07-31_01
363,16,Equipment,Cleaning,16:55:45,16:56:20,34.8,2026-07-31_01
364,2,Rest,,16:55:53,16:57:44,111.7,2026-07-31_01
365,16,Equipment,Maneuvering,16:56:20,16:57:03,42.4,2026-07-31_01
366,17,Extraction,Pulling out trash,16:56:59,16:58:10,70.5,2026-07-31_01
367,16,Extraction,Pulling out trash,16:57:03,16:57:36,33.2,2026-07-31_01
368,16,Fluidizing,Adding water,16:57:36,16:57:54,18.6,2026-07-31_01
369,2,Fluidizing,Fetching water,16:57:44,16:58:19,34.4,2026-07-31_01
370,18,Equipment,Maneuvering,16:57:51,16:58:53,61.7,2026-07-31_01
371,16,Rest,,16:57:54,16:58:27,32.3,2026-07-31_01
372,17,Fluidizing,Mixing,16:58:10,16:58:22,12.4,2026-07-31_01
373,2,Rest,,16:58:19,17:00:09,110.7,2026-07-31_01
374,17,Extraction,Pulling out trash,16:58:22,17:04:34,371.8,2026-07-31_01
375,16,Extraction,Pulling out trash,16:58:27,17:00:17,110.9,2026-07-31_01
376,18,Rest,,16:58:53,17:00:13,80.6,2026-07-31_01
377,2,Fluidizing,Fetching water,17:00:09,17:01:46,96.6,2026-07-31_01
378,18,Equipment,Maneuvering,17:00:13,17:01:15,62.2,2026-07-31_01
379,16,Rest,,17:00:17,17:00:41,23.1,2026-07-31_01
380,16,Fluidizing,Adding water,17:00:41,17:01:05,24.3,2026-07-31_01
381,16,Extraction,Pulling out trash,17:01:05,17:02:54,109.5,2026-07-31_01
382,18,Fluidizing,Adding water,17:01:15,17:01:51,35.9,2026-07-31_01
383,2,Rest,,17:01:46,17:11:01,555.1,2026-07-31_01
384,18,Rest,,17:01:51,17:05:30,218.7,2026-07-31_01
385,16,Rest,,17:02:54,17:03:31,36.7,2026-07-31_01
386,16,Communication,With other gulper(s),17:03:31,17:04:00,29.1,2026-07-31_01
387,16,Rest,,17:04:00,17:05:16,75.4,2026-07-31_01
388,17,Fluidizing,Mixing,17:04:34,17:04:47,13.1,2026-07-31_01
389,17,Extraction,Pulling out trash,17:04:47,17:05:07,19.8,2026-07-31_01
390,17,Fluidizing,Mixing,17:05:07,17:07:10,122.8,2026-07-31_01
391,16,Extraction,Pulling out trash,17:05:16,17:06:04,48.8,2026-07-31_01
392,18,Disposal,,17:05:30,17:06:08,38,2026-07-31_01
393,16,Rest,,17:06:04,17:06:54,49.2,2026-07-31_01
394,18,Rest,,17:06:08,17:08:12,123.6,2026-07-31_01
395,16,Extraction,Pulling out trash,17:06:54,17:08:17,83.9,2026-07-31_01
396,17,Extraction,Pulling out trash,17:07:10,17:09:11,121.3,2026-07-31_01
397,18,Communication,With other gulper(s),17:08:12,17:09:32,80.8,2026-07-31_01
398,16,Communication,With other gulper(s),17:08:17,17:08:23,5.7,2026-07-31_01
399,16,Extraction,Pulling out trash,17:08:23,17:11:05,162,2026-07-31_01
400,17,Extraction,Pulling out trash,17:09:11,17:11:18,127,2026-07-31_01
401,18,Fluidizing,Fetching water,17:09:32,17:09:37,4.7,2026-07-31_01
402,18,Equipment,Maneuvering,17:09:37,17:10:28,51.3,2026-07-31_01
403,18,Equipment,Maneuvering,17:10:28,17:12:02,93.8,2026-07-31_01
404,2,Equipment,Maneuvering,17:11:01,17:16:37,335.9,2026-07-31_01
405,16,Rest,,17:11:05,17:17:51,406.1,2026-07-31_01
406,17,Communication,With other gulper(s),17:11:18,17:16:45,326.8,2026-07-31_01
407,18,Rest,,17:12:02,17:25:12,789.5,2026-07-31_01
408,2,Rest,,17:16:37,17:17:47,70.5,2026-07-31_01
409,17,Equipment,Maneuvering,17:16:45,17:25:05,500,2026-07-31_01
410,2,Equipment,Maneuvering,17:17:47,17:23:08,320.6,2026-07-31_01
411,16,Communication,With other gulper(s),17:17:51,17:22:57,305.6,2026-07-31_01
412,16,Rest,,17:22:57,17:28:33,336.6,2026-07-31_01
413,2,Rest,,17:23:08,17:27:19,250.5,2026-07-31_01
414,17,Communication,With other gulper(s),17:25:05,17:26:14,68.7,2026-07-31_01
415,18,Communication,With other gulper(s),17:25:12,17:27:27,135.1,2026-07-31_01
416,17,Superstructure,Cleaning,17:26:14,17:32:04,349.8,2026-07-31_01
417,2,Fluidizing,Fetching water,17:27:19,17:34:08,409.7,2026-07-31_01
418,18,Fluidizing,Fetching water,17:27:27,17:37:04,576.9,2026-07-31_01
419,16,Earthworks,Dig trench,17:28:33,17:28:37,3.8,2026-07-31_01
420,16,Earthworks,Fill trench,17:28:37,17:47:58,1160.5,2026-07-31_01
421,17,Superstructure,Modification,17:32:04,17:32:20,16.5,2026-07-31_01
422,17,Superstructure,Cleaning,17:32:20,17:39:20,419.5,2026-07-31_01
423,2,Rest,,17:34:08,17:35:21,73.1,2026-07-31_01
424,2,Equipment,Cleaning,17:35:21,17:42:49,448.1,2026-07-31_01
425,18,Equipment,Cleaning,17:37:04,17:41:10,245.8,2026-07-31_01
426,17,Equipment,Cleaning,17:39:20,17:40:52,92.9,2026-07-31_01
427,17,Equipment,Maneuvering,17:40:52,17:43:21,148.6,2026-07-31_01
428,18,Fluidizing,Fetching water,17:41:10,17:42:43,93.5,2026-07-31_01
429,18,Equipment,Cleaning,17:42:43,17:47:51,308.3,2026-07-31_01
430,2,Superstructure,Cleaning,17:42:49,17:46:56,246.4,2026-07-31_01
431,17,Earthworks,Dig trench,17:43:21,17:45:20,119.2,2026-07-31_01
432,17,Rest,,17:45:20,17:48:48,208.2,2026-07-31_01
433,2,Equipment,Maneuvering,17:46:56,17:55:45,529.3,2026-07-31_01
434,18,Fluidizing,Fetching water,17:47:51,17:48:38,46.6,2026-07-31_01
435,16,Equipment,Cleaning,17:47:58,17:53:31,333.2,2026-07-31_01
436,18,Equipment,Cleaning,17:48:38,17:54:35,356.6,2026-07-31_01
437,17,Equipment,Cleaning,17:48:48,17:50:32,103.6,2026-07-31_01
438,17,Equipment,Maneuvering,17:50:32,17:53:43,190.7,2026-07-31_01
439,16,Fluidizing,Fetching water,17:53:31,17:54:48,77,2026-07-31_01
440,17,Equipment,Cleaning,17:53:43,17:54:53,69.9,2026-07-31_01
441,18,Equipment,Maneuvering,17:54:35,17:56:01,86.7,2026-07-31_01
442,16,Rest,,17:54:48,17:55:50,62.3,2026-07-31_01
443,17,Rest,,17:54:53,17:55:53,60.6,2026-07-31_01
444,2,Superstructure,Modification,17:55:45,17:57:05,79.4,2026-07-31_01
445,16,Superstructure,Modification,17:55:50,17:57:02,71.8,2026-07-31_01
446,17,Superstructure,Inspection,17:55:53,17:55:56,2.4,2026-07-31_01
447,17,Superstructure,Modification,17:55:56,17:56:58,62.3,2026-07-31_01
448,18,Superstructure,Modification,17:56:01,17:57:00,58.5,2026-07-31_01
449,2,Superstructure,Repair,17:57:07,17:58:41,93.3,2026-07-31_01
450,16,Superstructure,Repair,17:57:09,17:58:42,93.2,2026-07-31_01
451,17,Superstructure,Repair,17:57:10,17:58:45,95.3,2026-07-31_01
452,18,Superstructure,Repair,17:57:13,17:58:47,94.2,2026-07-31_01
453,2,Rest,,17:58:41,17:58:49,8.5,2026-07-31_01
454,16,Rest,,17:58:42,17:58:49,6.6,2026-07-31_01
455,17,Rest,,17:58:45,17:58:49,3.9,2026-07-31_01
456,18,Rest,,17:58:47,17:58:49,1.9,2026-07-31_01
1,15,Superstructure,Inspection,06:31:27,06:37:46,379.1,2026-08-03_01
2,9,Equipment,Maneuvering,06:31:35,06:37:43,367.1,2026-08-03_01
3,4,Communication,With other gulper(s),06:32:15,06:37:53,338.3,2026-08-03_01
4,9,Earthworks,Dig trench,06:37:43,06:40:34,171.4,2026-08-03_01
5,15,Rest,,06:37:46,06:53:20,934.7,2026-08-03_01
6,4,Earthworks,Dig trench,06:37:53,06:38:26,33,2026-08-03_01
7,4,Rest,,06:38:26,06:40:29,123,2026-08-03_01
8,4,Earthworks,Dig trench,06:40:29,06:43:16,167.4,2026-08-03_01
9,9,Rest,,06:40:34,06:43:14,159.6,2026-08-03_01
10,9,Earthworks,Dig trench,06:43:14,06:45:37,143.6,2026-08-03_01
11,4,Rest,,06:43:16,06:45:27,131.1,2026-08-03_01
12,4,Earthworks,Dig trench,06:45:27,06:53:25,477.5,2026-08-03_01
13,9,Rest,,06:45:37,06:50:57,319.7,2026-08-03_01
14,9,Earthworks,Dig trench,06:50:57,06:56:12,314.6,2026-08-03_01
15,15,Equipment,Maneuvering,06:53:20,06:56:05,165,2026-08-03_01
16,4,Rest,,06:53:25,06:56:09,163.8,2026-08-03_01
17,15,Rest,,06:56:05,06:58:36,150.1,2026-08-03_01
18,4,Earthworks,Dig trench,06:56:09,07:00:09,240.4,2026-08-03_01
19,9,Rest,,06:56:12,07:01:07,295.8,2026-08-03_01
20,15,Earthworks,Dig trench,06:58:36,06:59:53,77.7,2026-08-03_01
21,15,Rest,,06:59:53,07:00:05,11.6,2026-08-03_01
22,15,Earthworks,Dig trench,07:00:05,07:03:23,197.9,2026-08-03_01
23,4,Rest,,07:00:09,07:05:57,347.7,2026-08-03_01
24,9,Earthworks,Dig trench,07:01:07,07:02:43,95.7,2026-08-03_01
25,9,Rest,,07:02:43,07:03:18,35.3,2026-08-03_01
26,9,Earthworks,Dig trench,07:03:18,07:06:04,165.2,2026-08-03_01
27,15,Rest,,07:03:23,07:04:29,66.1,2026-08-03_01
28,15,Earthworks,Dig trench,07:04:29,07:06:01,91.8,2026-08-03_01
29,4,Earthworks,Dig trench,07:05:57,07:12:40,403.6,2026-08-03_01
30,15,Rest,,07:06:01,07:09:23,202.1,2026-08-03_01
31,9,Rest,,07:06:04,07:12:06,362.5,2026-08-03_01
32,15,Earthworks,Dig trench,07:09:23,07:12:23,180.7,2026-08-03_01
33,9,Earthworks,Dig trench,07:12:06,07:15:11,184.4,2026-08-03_01
34,15,Rest,,07:12:23,07:19:27,423.5,2026-08-03_01
35,4,Rest,,07:12:40,07:15:26,165.8,2026-08-03_01
36,9,Rest,,07:15:11,07:26:31,680.1,2026-08-03_01
37,4,Earthworks,Dig trench,07:15:26,07:22:44,438,2026-08-03_01
38,15,Communication,With other gulper(s),07:19:27,07:19:42,14.7,2026-08-03_01
39,15,Rest,,07:19:42,07:22:47,185.6,2026-08-03_01
40,4,Rest,,07:22:44,07:30:44,479.5,2026-08-03_01
41,15,Earthworks,Dig trench,07:22:47,07:26:35,227.4,2026-08-03_01
42,9,Earthworks,Dig trench,07:26:31,07:27:36,65.3,2026-08-03_01
43,15,Rest,,07:26:35,07:27:31,56.5,2026-08-03_01
44,15,Earthworks,Dig trench,07:27:31,07:30:53,201.4,2026-08-03_01
45,9,Rest,,07:27:36,07:37:00,563.7,2026-08-03_01
46,4,Earthworks,Dig trench,07:30:44,07:36:53,369.5,2026-08-03_01
47,15,Rest,,07:30:53,07:31:12,19,2026-08-03_01
48,15,Earthworks,Dig trench,07:31:12,07:33:56,164.1,2026-08-03_01
49,15,Rest,,07:33:56,07:36:50,174.2,2026-08-03_01
50,15,Earthworks,Dig trench,07:36:50,07:37:36,45.7,2026-08-03_01
51,4,Rest,,07:36:53,07:44:44,470.9,2026-08-03_01
52,9,Equipment,Maneuvering,07:37:00,07:37:40,40.4,2026-08-03_01
53,15,Rest,,07:37:36,07:43:07,331.2,2026-08-03_01
54,9,Earthworks,Dig trench,07:37:40,07:44:50,429.6,2026-08-03_01
55,15,Communication,With other gulper(s),07:43:07,07:43:13,6.5,2026-08-03_01
56,15,Rest,,07:43:13,07:44:56,102.3,2026-08-03_01
57,4,Earthworks,Dig trench,07:44:44,07:50:53,368.6,2026-08-03_01
58,9,Rest,,07:44:50,07:50:45,355.4,2026-08-03_01
59,15,Earthworks,Dig trench,07:44:56,07:50:41,345.7,2026-08-03_01
60,15,Rest,,07:50:41,07:50:56,14.3,2026-08-03_01
61,9,Earthworks,Dig trench,07:50:45,07:53:17,152.1,2026-08-03_01
62,4,Rest,,07:50:53,07:53:22,149,2026-08-03_01
63,15,Communication,With other gulper(s),07:50:56,07:51:57,60.8,2026-08-03_01
64,15,Rest,,07:51:57,07:53:15,78,2026-08-03_01
65,15,Earthworks,Dig trench,07:53:15,07:53:41,27,2026-08-03_01
66,9,Rest,,07:53:17,07:56:29,191.7,2026-08-03_01
67,4,Earthworks,Dig trench,07:53:22,08:01:11,469.6,2026-08-03_01
68,15,Rest,,07:53:41,07:59:53,371.9,2026-08-03_01
69,9,Communication,With other gulper(s),07:56:29,07:56:56,27.3,2026-08-03_01
70,9,Rest,,07:56:56,08:04:12,436.3,2026-08-03_01
71,15,Earthworks,Dig trench,07:59:53,08:04:15,261.9,2026-08-03_01
72,4,Rest,,08:01:11,08:05:04,232.6,2026-08-03_01
73,9,Earthworks,Dig trench,08:04:12,08:05:08,55.5,2026-08-03_01
74,15,Rest,,08:04:15,08:08:42,266.8,2026-08-03_01
75,4,Earthworks,Dig trench,08:05:04,08:09:42,277.8,2026-08-03_01
76,9,Rest,,08:05:08,08:13:17,489,2026-08-03_01
77,15,Earthworks,Dig trench,08:08:42,08:17:00,497.7,2026-08-03_01
78,4,Rest,,08:09:42,08:17:03,441.6,2026-08-03_01
79,9,Communication,With other gulper(s),08:13:17,08:14:26,69.5,2026-08-03_01
80,9,Rest,,08:14:26,08:16:54,147.1,2026-08-03_01
81,9,Travel,On errand,08:16:54,08:20:12,198.5,2026-08-03_01
82,15,Rest,,08:17:00,08:20:22,202.2,2026-08-03_01
83,4,Earthworks,Dig trench,08:17:03,08:21:50,286.7,2026-08-03_01
84,9,Rest,,08:20:12,08:30:56,644.3,2026-08-03_01
85,15,Communication,With other gulper(s),08:20:22,08:21:23,61.3,2026-08-03_01
86,15,Earthworks,Dig trench,08:21:23,08:29:15,471.5,2026-08-03_01
87,4,Rest,,08:21:50,08:22:53,63,2026-08-03_01
88,4,Travel,On errand,08:22:53,08:29:20,387.5,2026-08-03_01
89,15,Rest,,08:29:15,08:32:33,198.5,2026-08-03_01
90,4,Earthworks,Dig trench,08:29:20,08:31:04,103.9,2026-08-03_01
91,9,Earthworks,Dig trench,08:30:56,08:34:46,230.1,2026-08-03_01
92,4,Travel,On errand,08:31:04,08:34:52,228.2,2026-08-03_01
93,15,Earthworks,Dig trench,08:32:33,08:40:28,474.7,2026-08-03_01
94,9,Rest,,08:34:46,08:38:57,250.5,2026-08-03_01
95,4,Rest,,08:34:52,08:39:00,247.4,2026-08-03_01
96,9,Equipment,Maneuvering,08:38:57,08:40:36,99.5,2026-08-03_01
97,4,Equipment,Maneuvering,08:39:00,08:45:46,406.5,2026-08-03_01
98,15,Rest,,08:40:28,08:50:14,585.5,2026-08-03_01
99,9,Rest,,08:40:36,08:45:35,299,2026-08-03_01
100,9,Earthworks,Dig trench,08:45:35,08:47:20,104.5,2026-08-03_01
101,4,Rest,,08:45:46,08:47:22,96.3,2026-08-03_01
102,9,Rest,,08:47:20,09:22:06,2086.4,2026-08-03_01
103,4,Earthworks,Dig trench,08:47:22,08:50:26,184,2026-08-03_01
104,15,Earthworks,Put hole in pit liner,08:50:14,09:21:25,1871.1,2026-08-03_01
105,4,Rest,,08:50:26,08:58:57,510.1,2026-08-03_01
106,4,Equipment,Maneuvering,08:58:57,09:00:12,75.2,2026-08-03_01
107,4,Rest,,09:00:12,09:11:49,696.9,2026-08-03_01
108,4,Communication,With other gulper(s),09:11:49,09:11:52,3.4,2026-08-03_01
109,4,Rest,,09:11:52,09:21:19,567.1,2026-08-03_01
110,4,Communication,With other gulper(s),09:21:19,09:21:38,19,2026-08-03_01
111,15,Rest,,09:21:25,09:21:56,31.8,2026-08-03_01
112,4,Superstructure,Inspection,09:21:38,09:21:52,14.3,2026-08-03_01
113,4,Fluidizing,Mixing,09:21:52,09:25:06,193.5,2026-08-03_01
114,15,Communication,With other gulper(s),09:21:56,09:22:37,40.3,2026-08-03_01
115,9,Equipment,Maneuvering,09:22:06,09:22:43,36.9,2026-08-03_01
116,15,Extraction,Pulling out trash,09:22:37,09:25:10,153.4,2026-08-03_01
117,9,Rest,,09:22:43,09:31:22,519.2,2026-08-03_01
118,4,Rest,,09:25:06,09:26:45,99.6,2026-08-03_01
119,15,Rest,,09:25:10,09:25:56,45.7,2026-08-03_01
120,15,Extraction,Pulling out trash,09:25:56,09:28:14,138.4,2026-08-03_01
121,4,Fluidizing,Mixing,09:26:45,09:31:26,280.5,2026-08-03_01
122,15,Communication,With other gulper(s),09:28:14,09:28:24,10.2,2026-08-03_01
123,15,Extraction,Pulling out trash,09:28:24,09:50:07,1303,2026-08-03_01
124,9,Fluidizing,Mixing,09:31:22,09:33:13,110.6,2026-08-03_01
125,4,Rest,,09:31:26,09:33:18,111.7,2026-08-03_01
126,9,Rest,,09:33:13,09:36:03,170.2,2026-08-03_01
127,4,Fluidizing,Mixing,09:33:18,09:35:58,160.6,2026-08-03_01
128,4,Rest,,09:35:58,09:38:16,138.1,2026-08-03_01
129,9,Fluidizing,Mixing,09:36:03,09:50:24,860.6,2026-08-03_01
130,4,Equipment,Maneuvering,09:38:16,09:38:25,8.8,2026-08-03_01
131,4,Rest,,09:38:25,09:50:18,712.8,2026-08-03_01
132,15,Rest,,09:50:07,09:50:39,32.2,2026-08-03_01
133,4,Travel,On errand,09:50:18,09:53:21,183.1,2026-08-03_01
134,9,Rest,,09:50:24,10:06:37,973.7,2026-08-03_01
135,15,Superstructure,Inspection,09:50:39,09:53:37,178,2026-08-03_01
136,4,Rest,,09:53:21,10:00:33,432.3,2026-08-03_01
137,15,Rest,,09:53:37,09:58:31,293.3,2026-08-03_01
138,15,Extraction,Pulling out trash,09:58:31,10:14:34,963.2,2026-08-03_01
139,4,Fluidizing,Mixing,10:00:33,10:01:35,62,2026-08-03_01
140,4,Fluidizing,Adding water,10:01:35,10:02:12,36.6,2026-08-03_01
141,4,Rest,,10:02:12,10:06:30,258.5,2026-08-03_01
142,4,Fluidizing,Mixing,10:06:30,10:12:56,385.7,2026-08-03_01
143,9,Communication,With other gulper(s),10:06:37,10:07:12,34.7,2026-08-03_01
144,9,Rest,,10:07:12,10:17:48,635.9,2026-08-03_01
145,4,Fluidizing,Adding water,10:12:56,10:14:13,76.8,2026-08-03_01
146,4,Fluidizing,Mixing,10:14:13,10:17:51,218.1,2026-08-03_01
147,15,Communication,With other gulper(s),10:14:34,10:15:08,33.8,2026-08-03_01
148,15,Extraction,Pulling out trash,10:15:08,10:24:32,564.4,2026-08-03_01
149,9,Fluidizing,Mixing,10:17:48,10:19:18,89.9,2026-08-03_01
150,4,Rest,,10:17:51,10:19:24,92.7,2026-08-03_01
151,9,Rest,,10:19:18,10:25:04,346.2,2026-08-03_01
152,4,Fluidizing,Mixing,10:19:24,10:23:34,250.8,2026-08-03_01
153,4,Communication,With other gulper(s),10:23:34,10:24:25,50.4,2026-08-03_01
154,4,Equipment,Maneuvering,10:24:25,10:28:20,235.2,2026-08-03_01
155,15,Earthworks,Repair pit liner,10:24:32,10:25:10,37.6,2026-08-03_01
156,9,Equipment,Maneuvering,10:25:04,10:28:50,226.3,2026-08-03_01
157,15,Rest,,10:25:10,10:25:40,30,2026-08-03_01
158,15,Earthworks,Repair pit liner,10:25:40,10:35:47,607.8,2026-08-03_01
159,4,Rest,,10:28:20,10:28:54,34.4,2026-08-03_01
160,9,Rest,,10:28:50,10:43:02,851.4,2026-08-03_01
161,4,Equipment,Maneuvering,10:28:54,10:31:05,130.2,2026-08-03_01
162,4,Rest,,10:31:05,10:35:51,286.4,2026-08-03_01
163,15,Superstructure,Inspection,10:35:47,10:36:36,48.9,2026-08-03_01
164,4,Superstructure,Inspection,10:35:51,10:36:28,37.3,2026-08-03_01
165,4,Fluidizing,Fetching water,10:36:28,10:36:40,11.3,2026-08-03_01
166,15,Fluidizing,Adding water,10:36:36,10:37:08,31.2,2026-08-03_01
167,4,Rest,,10:36:40,10:38:42,122.6,2026-08-03_01
168,15,Fluidizing,Mixing,10:37:08,10:38:12,64.5,2026-08-03_01
169,15,Communication,With other gulper(s),10:38:12,10:42:02,230.3,2026-08-03_01
170,4,Fluidizing,Fetching water,10:38:42,10:39:30,47.7,2026-08-03_01
171,4,Rest,,10:39:30,10:40:28,57.7,2026-08-03_01
172,4,Equipment,Maneuvering,10:40:28,10:43:09,161.4,2026-08-03_01
173,15,Earthworks,Repair pit liner,10:42:02,10:43:05,63.2,2026-08-03_01
174,9,Earthworks,Fill trench,10:43:02,10:56:21,799.5,2026-08-03_01
175,15,Earthworks,Fill trench,10:43:05,10:44:52,106.6,2026-08-03_01
176,4,Earthworks,Fill trench,10:43:09,10:52:07,537.6,2026-08-03_01
177,15,Communication,With other gulper(s),10:44:52,10:45:34,41.5,2026-08-03_01
178,15,Rest,,10:45:34,10:48:10,156.1,2026-08-03_01
179,15,Superstructure,Inspection,10:48:10,10:48:46,36.4,2026-08-03_01
180,15,Rest,,10:48:46,10:50:21,94.8,2026-08-03_01
181,15,Earthworks,Fill trench,10:50:21,10:51:40,79.2,2026-08-03_01
182,15,Rest,,10:51:40,10:53:17,97.2,2026-08-03_01
183,4,Rest,,10:52:07,10:53:25,78.3,2026-08-03_01
184,15,Earthworks,Fill trench,10:53:17,10:55:27,130,2026-08-03_01
185,4,Earthworks,Fill trench,10:53:25,10:56:15,169.7,2026-08-03_01
186,15,Rest,,10:55:27,10:56:09,42.1,2026-08-03_01
187,15,Earthworks,Fill trench,10:56:09,10:57:31,82,2026-08-03_01
188,4,Rest,,10:56:15,10:56:29,14.6,2026-08-03_01
189,9,Rest,,10:56:21,10:56:49,27.7,2026-08-03_01
190,4,Earthworks,Fill trench,10:56:29,10:58:14,104.8,2026-08-03_01
191,9,Earthworks,Fill trench,10:56:49,11:02:16,327.4,2026-08-03_01
192,15,Rest,,10:57:31,10:59:45,134,2026-08-03_01
193,4,Rest,,10:58:14,11:02:07,233.5,2026-08-03_01
194,15,Equipment,Maneuvering,10:59:45,11:03:56,250.7,2026-08-03_01
195,4,Equipment,Cleaning,11:02:07,11:05:51,223.8,2026-08-03_01
196,9,Equipment,Cleaning,11:02:16,11:05:51,214.9,2026-08-03_01
197,15,Equipment,Cleaning,11:03:56,11:04:45,48.8,2026-08-03_01
198,15,Communication,With client(s),11:04:45,11:05:22,37.6,2026-08-03_01
199,15,Equipment,Cleaning,11:05:22,11:05:51,28.9,2026-08-03_01
1,5,Equipment,Maneuvering,08:18:43,08:19:56,72.5,2026-08-08_01
2,16,Equipment,Maneuvering,08:19:09,08:20:05,56.5,2026-08-08_01
3,5,Travel,On errand,08:19:56,08:22:08,132.4,2026-08-08_01
4,16,Rest,,08:20:05,08:21:15,70.1,2026-08-08_01
5,8,Communication,With client(s),08:20:15,08:21:08,53,2026-08-08_01
6,8,Communication,With client(s),08:21:08,08:21:43,34.9,2026-08-08_01
7,16,Communication,With other gulper(s),08:21:15,08:22:15,59.1,2026-08-08_01
8,8,Superstructure,Inspection,08:21:43,08:23:15,92.2,2026-08-08_01
9,5,Communication,With other gulper(s),08:22:08,08:23:20,71.9,2026-08-08_01
10,16,Equipment,Maneuvering,08:22:15,08:23:07,52.5,2026-08-08_01
11,16,Rest,,08:23:07,08:28:06,298.7,2026-08-08_01
12,8,Rest,,08:23:15,08:25:48,153,2026-08-08_01
13,8,Communication,With client(s),08:25:48,08:26:09,21.4,2026-08-08_01
14,5,Rest,,08:29:26,08:35:59,392.8,2026-08-08_01
15,7,Rest,,08:29:41,08:36:08,387.5,2026-08-08_01
16,16,Communication,With other gulper(s),08:34:17,08:36:05,107.9,2026-08-08_01
17,5,Fluidizing,Mixing,08:35:59,08:36:27,28.5,2026-08-08_01
18,16,Equipment,Maneuvering,08:36:05,08:36:32,27.5,2026-08-08_01
19,7,Equipment,Maneuvering,08:36:08,08:36:58,50,2026-08-08_01
20,5,Extraction,Pulling out trash,08:36:27,08:37:50,83.4,2026-08-08_01
21,16,Extraction,Pulling out trash,08:36:32,08:37:55,83.1,2026-08-08_01
22,7,Rest,,08:36:58,08:38:05,66.7,2026-08-08_01
23,5,Fluidizing,Mixing,08:37:50,08:39:26,95.3,2026-08-08_01
24,16,Rest,,08:37:55,08:39:38,103.1,2026-08-08_01
25,7,Extraction,Pulling out trash,08:38:05,08:39:42,97.3,2026-08-08_01
26,5,Fluidizing,Mixing,08:39:26,08:39:49,23.7,2026-08-08_01
27,8,Travel,On errand,08:39:36,08:43:24,228,2026-08-08_01
28,16,Extraction,Pulling out trash,08:39:38,08:39:53,14.2,2026-08-08_01
29,7,Rest,,08:39:42,08:40:16,33.3,2026-08-08_01
30,5,Communication,With other gulper(s),08:39:49,08:40:03,13.7,2026-08-08_01
31,16,Communication,With other gulper(s),08:39:53,08:40:12,19.5,2026-08-08_01
32,5,Extraction,Pulling out trash,08:40:03,08:42:03,119.9,2026-08-08_01
33,16,Extraction,Pulling out trash,08:40:12,08:42:07,115.1,2026-08-08_01
34,7,Extraction,Pulling out trash,08:40:16,08:40:59,43.2,2026-08-08_01
35,7,Rest,,08:40:59,08:42:11,72.1,2026-08-08_01
36,5,Superstructure,Modification,08:42:03,08:43:18,75.4,2026-08-08_01
37,16,Superstructure,Modification,08:42:07,08:42:17,9.8,2026-08-08_01
38,7,Superstructure,Modification,08:42:11,08:42:19,8.3,2026-08-08_01
39,7,Rest,,08:42:19,08:43:16,56.4,2026-08-08_01
40,7,Fluidizing,Fetching water,08:43:16,08:46:18,182.2,2026-08-08_01
41,8,Superstructure,Inspection,08:43:24,08:44:36,71.8,2026-08-08_01
42,8,Travel,On errand,08:44:36,09:32:39,2882.8,2026-08-08_01
43,5,Communication,With other gulper(s),08:45:49,08:46:25,35.7,2026-08-08_01
44,16,Rest,,08:46:08,08:47:51,102.6,2026-08-08_01
45,7,Fluidizing,Adding water,08:46:18,08:46:53,34.8,2026-08-08_01
46,5,Fluidizing,Adding water,08:46:25,08:46:45,20.2,2026-08-08_01
47,5,Fluidizing,Mixing,08:46:45,08:48:02,77.7,2026-08-08_01
48,7,Equipment,Maneuvering,08:46:53,08:47:54,61.3,2026-08-08_01
49,16,Equipment,Maneuvering,08:47:51,08:48:30,39.3,2026-08-08_01
50,7,Rest,,08:47:54,08:49:03,69.5,2026-08-08_01
51,5,Extraction,Pulling out trash,08:48:02,08:50:11,128.1,2026-08-08_01
52,16,Extraction,Pulling out trash,08:48:30,08:50:13,102.9,2026-08-08_01
53,7,Extraction,Pulling out trash,08:49:03,08:50:15,71.3,2026-08-08_01
54,5,Fluidizing,Mixing,08:50:11,08:50:29,18.1,2026-08-08_01
55,16,Rest,,08:50:13,08:50:34,20.7,2026-08-08_01
56,7,Rest,,08:50:15,08:50:51,36.6,2026-08-08_01
57,5,Extraction,Pulling out trash,08:50:29,08:51:20,51.1,2026-08-08_01
58,16,Extraction,Pulling out trash,08:50:34,08:52:08,94.4,2026-08-08_01
59,7,Extraction,Pulling out trash,08:50:51,08:52:10,78.7,2026-08-08_01
60,5,Fluidizing,Mixing,08:51:20,08:51:26,6.5,2026-08-08_01
61,5,Extraction,Pulling out trash,08:51:26,08:52:04,38.1,2026-08-08_01
62,5,Fluidizing,Mixing,08:52:04,08:52:51,46.7,2026-08-08_01
63,16,Rest,,08:52:08,08:52:48,40.4,2026-08-08_01
64,7,Rest,,08:52:10,08:52:56,46,2026-08-08_01
65,16,Extraction,Pulling out trash,08:52:48,08:56:13,204.5,2026-08-08_01
66,5,Rest,,08:52:51,08:53:04,12.6,2026-08-08_01
67,7,Rest,,08:52:56,08:53:08,12.4,2026-08-08_01
68,5,Extraction,Pulling out trash,08:53:04,08:54:00,56.2,2026-08-08_01
69,7,Extraction,Pulling out trash,08:53:08,08:53:54,45.1,2026-08-08_01
70,7,Rest,,08:53:54,08:54:50,55.9,2026-08-08_01
71,5,Fluidizing,Mixing,08:54:00,08:54:39,38.7,2026-08-08_01
72,5,Extraction,Pulling out trash,08:54:39,08:55:07,28.8,2026-08-08_01
73,7,Extraction,Pulling out trash,08:54:50,08:56:11,81.4,2026-08-08_01
74,5,Fluidizing,Mixing,08:55:07,08:55:32,25,2026-08-08_01
75,5,Extraction,Pulling out trash,08:55:32,08:56:08,35.7,2026-08-08_01
76,5,Fluidizing,Mixing,08:56:08,08:56:24,15.4,2026-08-08_01
77,7,Rest,,08:56:11,08:56:31,19.7,2026-08-08_01
78,16,Rest,,08:56:13,08:56:28,15,2026-08-08_01
79,5,Extraction,Pulling out trash,08:56:24,08:56:57,33.7,2026-08-08_01
80,16,Extraction,Pulling out trash,08:56:28,08:57:09,40.8,2026-08-08_01
81,7,Extraction,Pulling out trash,08:56:31,08:57:14,43,2026-08-08_01
82,5,Extraction,Pulling out trash,08:56:57,08:57:02,5.2,2026-08-08_01
83,5,Fluidizing,Mixing,08:57:02,08:57:17,15,2026-08-08_01
84,16,Fluidizing,Mixing,08:57:09,08:57:12,3,2026-08-08_01
85,16,Rest,,08:57:12,08:57:23,11.2,2026-08-08_01
86,7,Rest,,08:57:14,08:57:26,12.1,2026-08-08_01
87,5,Extraction,Pulling out trash,08:57:17,08:58:07,49.2,2026-08-08_01
88,16,Extraction,Pulling out trash,08:57:23,08:58:09,46.2,2026-08-08_01
89,7,Extraction,Pulling out trash,08:57:26,08:58:11,44.9,2026-08-08_01
90,5,Fluidizing,Mixing,08:58:07,08:58:25,18.6,2026-08-08_01
91,16,Rest,,08:58:09,08:58:17,8,2026-08-08_01
92,7,Rest,,08:58:11,08:58:20,9.4,2026-08-08_01
93,16,Extraction,Pulling out trash,08:58:17,08:59:09,51.8,2026-08-08_01
94,7,Extraction,Pulling out trash,08:58:20,08:59:12,51.8,2026-08-08_01
95,5,Rest,,08:58:25,08:58:50,25.2,2026-08-08_01
96,5,Fluidizing,Mixing,08:58:50,08:59:42,51.8,2026-08-08_01
97,16,Rest,,08:59:09,08:59:48,38.9,2026-08-08_01
98,7,Rest,,08:59:12,08:59:50,38.4,2026-08-08_01
99,5,Fluidizing,Mixing,08:59:42,08:59:54,12,2026-08-08_01
100,16,Extraction,Pulling out trash,08:59:48,08:59:57,8.9,2026-08-08_01
101,7,Extraction,Pulling out trash,08:59:50,08:59:59,8.2,2026-08-08_01
102,5,Fluidizing,Mixing,08:59:54,09:00:11,16.7,2026-08-08_01
103,16,Rest,,08:59:57,09:00:06,9.7,2026-08-08_01
104,7,Rest,,08:59:59,09:00:03,4.5,2026-08-08_01
105,7,Extraction,Pulling out trash,09:00:03,09:01:43,99.7,2026-08-08_01
106,16,Extraction,Pulling out trash,09:00:06,09:01:41,94.5,2026-08-08_01
107,5,Extraction,Pulling out trash,09:00:11,09:00:30,19.4,2026-08-08_01
108,5,Fluidizing,Mixing,09:00:30,09:00:51,20.3,2026-08-08_01
109,5,Extraction,Pulling out trash,09:00:51,09:01:36,44.9,2026-08-08_01
110,5,Fluidizing,Mixing,09:01:36,09:02:05,29.6,2026-08-08_01
111,16,Rest,,09:01:41,09:01:59,17.8,2026-08-08_01
112,7,Rest,,09:01:43,09:02:16,33,2026-08-08_01
113,16,Equipment,Maneuvering,09:01:59,09:02:48,49.1,2026-08-08_01
114,5,Extraction,Pulling out trash,09:02:05,09:02:54,48.4,2026-08-08_01
115,7,Extraction,Pulling out trash,09:02:16,09:04:20,124.6,2026-08-08_01
116,16,Extraction,Pulling out trash,09:02:48,09:04:22,94.7,2026-08-08_01
117,5,Rest,,09:02:54,09:03:06,12.3,2026-08-08_01
118,5,Fluidizing,Mixing,09:03:06,09:05:16,129.6,2026-08-08_01
119,7,Rest,,09:04:20,09:04:45,24.3,2026-08-08_01
120,16,Rest,,09:04:22,09:04:49,26.7,2026-08-08_01
121,7,Extraction,Pulling out trash,09:04:45,09:06:18,93.3,2026-08-08_01
122,16,Extraction,Pulling out trash,09:04:49,09:06:20,90.7,2026-08-08_01
123,5,Extraction,Pulling out trash,09:05:16,09:05:50,34.4,2026-08-08_01
124,5,Fluidizing,Mixing,09:05:50,09:06:02,11.8,2026-08-08_01
125,5,Extraction,Pulling out trash,09:06:02,09:06:39,37.5,2026-08-08_01
126,7,Rest,,09:06:18,09:07:08,49.7,2026-08-08_01
127,16,Rest,,09:06:20,09:07:11,51.5,2026-08-08_01
128,5,Fluidizing,Mixing,09:06:39,09:07:05,25.8,2026-08-08_01
129,5,Extraction,Pulling out trash,09:07:05,09:07:23,17.4,2026-08-08_01
130,7,Extraction,Pulling out trash,09:07:08,09:08:22,74.9,2026-08-08_01
131,16,Extraction,Pulling out trash,09:07:11,09:08:25,74,2026-08-08_01
132,5,Rest,,09:07:23,09:08:20,57.8,2026-08-08_01
133,5,Rest,,09:08:20,09:08:36,15.7,2026-08-08_01
134,7,Rest,,09:08:22,09:13:54,331.1,2026-08-08_01
135,16,Communication,With other gulper(s),09:08:25,09:09:02,36.9,2026-08-08_01
136,5,Superstructure,Inspection,09:08:36,09:08:55,19.1,2026-08-08_01
137,5,Superstructure,Modification,09:08:55,09:10:12,76.8,2026-08-08_01
138,16,Superstructure,Modification,09:09:02,09:10:15,73.3,2026-08-08_01
139,5,Equipment,Maneuvering,09:10:12,09:11:43,91.2,2026-08-08_01
140,16,Rest,,09:10:15,09:11:06,50.6,2026-08-08_01
141,16,Equipment,Maneuvering,09:11:06,09:13:48,161.9,2026-08-08_01
142,5,Superstructure,Modification,09:11:43,09:13:44,121.1,2026-08-08_01
143,5,Extraction,Removing sludge,09:13:44,09:15:07,82.4,2026-08-08_01
144,16,Rest,,09:13:48,09:16:07,139.4,2026-08-08_01
145,7,Fluidizing,Adding water,09:13:54,09:14:44,50.3,2026-08-08_01
146,7,Rest,,09:14:44,09:16:15,90.7,2026-08-08_01
147,5,Rest,,09:15:07,09:15:58,51.7,2026-08-08_01
148,5,Extraction,Removing sludge,09:16:00,09:16:26,25.4,2026-08-08_01
149,16,Extraction,Removing sludge,09:16:07,09:16:20,12.7,2026-08-08_01
150,7,Sludge handling,Filling containers,09:16:15,09:16:35,20.9,2026-08-08_01
151,16,Rest,,09:16:20,09:16:31,11.4,2026-08-08_01
152,5,Equipment,Maneuvering,09:16:26,09:16:49,22.9,2026-08-08_01
153,16,Equipment,Maneuvering,09:16:31,09:17:51,79.6,2026-08-08_01
154,7,Rest,,09:16:35,09:17:26,50.1,2026-08-08_01
155,5,Extraction,Removing sludge,09:16:49,09:18:06,76.9,2026-08-08_01
156,7,Sludge handling,Filling containers,09:17:26,09:18:55,89,2026-08-08_01
157,16,Equipment,Maneuvering,09:17:51,09:18:03,11.7,2026-08-08_01
158,16,Sludge handling,Filling containers,09:18:03,09:18:57,54.6,2026-08-08_01
159,5,Rest,,09:18:06,09:23:07,301,2026-08-08_01
160,7,Rest,,09:18:55,09:24:37,342.1,2026-08-08_01
161,16,Rest,,09:18:57,09:23:10,252.5,2026-08-08_01
162,5,Equipment,Maneuvering,09:23:07,09:26:56,230,2026-08-08_01
163,16,Equipment,Maneuvering,09:23:10,09:23:54,44.1,2026-08-08_01
164,16,Rest,,09:23:54,09:24:58,63.7,2026-08-08_01
165,7,Fluidizing,Fetching water,09:24:37,09:25:30,53.7,2026-08-08_01
166,16,Equipment,Maneuvering,09:24:58,09:27:42,164.3,2026-08-08_01
167,7,Rest,,09:25:30,09:25:38,7.3,2026-08-08_01
168,7,Equipment,Maneuvering,09:25:38,09:27:50,132.4,2026-08-08_01
169,5,Superstructure,Cleaning,09:26:56,09:27:30,33.4,2026-08-08_01
170,5,Fluidizing,Adding water,09:27:30,09:27:47,17.4,2026-08-08_01
171,16,Equipment,Maneuvering,09:27:42,09:28:46,64.3,2026-08-08_01
172,5,Extraction,Pulling out trash,09:27:47,09:29:07,79.3,2026-08-08_01
173,7,Rest,,09:27:50,09:32:07,256.9,2026-08-08_01
174,16,Rest,,09:28:46,09:41:37,770.2,2026-08-08_01
175,5,Travel,On errand,09:29:07,09:30:29,82.8,2026-08-08_01
176,5,Equipment,Repairing,09:30:29,09:35:13,283.8,2026-08-08_01
177,7,Equipment,Repairing,09:32:07,09:35:10,183.2,2026-08-08_01
178,8,Equipment,Maneuvering,09:32:39,09:32:42,3.7,2026-08-08_01
179,8,Communication,With other gulper(s),09:32:42,09:35:07,144.4,2026-08-08_01
180,8,Equipment,Repairing,09:35:07,09:37:12,125.7,2026-08-08_01
181,7,Rest,,09:35:10,09:41:32,381.4,2026-08-08_01
182,5,Rest,,09:35:13,09:39:22,249.3,2026-08-08_01
183,8,Equipment,Maneuvering,09:37:12,09:38:40,87.8,2026-08-08_01
184,8,Extraction,Removing sludge,09:38:40,09:42:57,257.2,2026-08-08_01
185,5,Extraction,Removing sludge,09:39:22,09:42:15,173,2026-08-08_01
186,7,Sludge handling,Filling containers,09:41:32,09:48:50,438.6,2026-08-08_01
187,16,Sludge handling,Filling containers,09:41:37,09:48:48,431.4,2026-08-08_01
188,5,Rest,,09:42:15,09:43:26,70.9,2026-08-08_01
189,8,Fluidizing,Mixing,09:42:57,09:43:13,16,2026-08-08_01
190,8,Extraction,Removing sludge,09:43:13,09:44:28,74.2,2026-08-08_01
191,5,Extraction,Removing sludge,09:43:26,09:44:36,69.3,2026-08-08_01
192,8,Fluidizing,Mixing,09:44:28,09:48:34,246.8,2026-08-08_01
193,5,Rest,,09:44:36,09:45:17,41.3,2026-08-08_01
194,5,Rest,,09:45:17,09:46:06,49.5,2026-08-08_01
195,5,Equipment,Maneuvering,09:46:06,09:48:01,114.2,2026-08-08_01
196,5,Extraction,Removing sludge,09:48:01,09:53:39,338.3,2026-08-08_01
197,8,Extraction,Removing sludge,09:48:34,09:56:02,447.5,2026-08-08_01
198,16,Rest,,09:48:48,09:49:00,12.2,2026-08-08_01
199,7,Rest,,09:48:50,09:49:38,48,2026-08-08_01
200,16,Sludge handling,Filling containers,09:49:00,09:55:30,390.3,2026-08-08_01
201,7,Sludge handling,Filling containers,09:49:38,09:55:35,357.1,2026-08-08_01
202,5,Rest,,09:53:39,09:53:53,14,2026-08-08_01
203,5,Fluidizing,Mixing,09:53:53,09:57:22,208.9,2026-08-08_01
204,16,Rest,,09:55:30,09:58:58,207.6,2026-08-08_01
205,7,Rest,,09:55:35,09:59:03,207.5,2026-08-08_01
206,8,Rest,,09:56:02,09:58:11,128.9,2026-08-08_01
207,5,Sludge handling,Filling containers,09:57:22,10:00:40,198,2026-08-08_01
208,8,Extraction,Removing sludge,09:58:11,10:11:23,792.4,2026-08-08_01
209,16,Sludge handling,Filling containers,09:58:58,10:04:13,314.9,2026-08-08_01
210,7,Sludge handling,Filling containers,09:59:03,10:04:15,312,2026-08-08_01
211,5,Extraction,Removing sludge,10:00:40,10:02:47,127,2026-08-08_01
212,5,Rest,,10:02:47,10:03:14,27.2,2026-08-08_01
213,5,Sludge handling,Filling containers,10:03:14,10:05:35,140.7,2026-08-08_01
214,16,Rest,,10:04:13,10:04:21,8.5,2026-08-08_01
215,7,Rest,,10:04:15,10:04:25,9.7,2026-08-08_01
216,16,Sludge handling,Filling containers,10:04:21,10:07:00,159,2026-08-08_01
217,7,Sludge handling,Filling containers,10:04:25,10:07:02,158,2026-08-08_01
218,5,Equipment,Maneuvering,10:05:35,10:05:45,10.2,2026-08-08_01
219,5,Rest,,10:05:45,10:06:23,38.7,2026-08-08_01
220,5,Communication,With other gulper(s),10:06:23,10:08:24,120.1,2026-08-08_01
221,16,Rest,,10:07:00,10:07:25,24.5,2026-08-08_01
222,7,Rest,,10:07:02,10:07:29,26.3,2026-08-08_01
223,16,Sludge handling,Filling containers,10:07:25,10:09:57,152.2,2026-08-08_01
224,7,Sludge handling,Filling containers,10:07:29,10:09:59,150.5,2026-08-08_01
225,5,Rest,,10:08:24,10:08:53,29.6,2026-08-08_01
226,5,Extraction,Removing sludge,10:08:53,10:09:51,57.8,2026-08-08_01
227,5,Rest,,10:09:51,10:10:36,44.7,2026-08-08_01
228,16,Rest,,10:09:57,10:10:29,32,2026-08-08_01
229,7,Rest,,10:09:59,10:10:32,32.6,2026-08-08_01
230,16,Sludge handling,Filling containers,10:10:29,10:14:17,228.3,2026-08-08_01
231,7,Sludge handling,Filling containers,10:10:32,10:14:53,261,2026-08-08_01
232,5,Extraction,Removing sludge,10:10:36,10:13:05,149,2026-08-08_01
233,8,Rest,,10:11:23,10:11:52,28.5,2026-08-08_01
234,8,Extraction,Removing sludge,10:11:52,10:13:02,70.6,2026-08-08_01
235,8,Rest,,10:13:02,10:14:59,116.2,2026-08-08_01
236,5,Rest,,10:13:05,10:16:15,190,2026-08-08_01
237,16,Rest,,10:14:17,10:16:04,107.1,2026-08-08_01
238,7,Rest,,10:14:53,10:16:09,76,2026-08-08_01
239,8,Extraction,Removing sludge,10:14:59,10:16:58,119.5,2026-08-08_01
240,16,Sludge handling,Filling containers,10:16:04,10:19:22,198.1,2026-08-08_01
241,7,Sludge handling,Filling containers,10:16:09,10:19:24,195.4,2026-08-08_01
242,5,Extraction,Removing sludge,10:16:15,10:17:03,48.2,2026-08-08_01
243,8,Rest,,10:16:58,10:18:08,70.5,2026-08-08_01
244,5,Rest,,10:17:03,10:20:25,202.3,2026-08-08_01
245,8,Communication,With other gulper(s),10:18:08,10:18:20,11.9,2026-08-08_01
246,8,Rest,,10:18:20,10:21:02,161.5,2026-08-08_01
247,16,Rest,,10:19:22,10:20:57,94.6,2026-08-08_01
248,7,Rest,,10:19:24,10:20:21,56.9,2026-08-08_01
249,7,Travel,Travel to disposal site,10:21:36,10:53:14,1898.5,2026-08-08_01
250,5,Travel,Travel to disposal site,10:21:42,10:53:17,1895.2,2026-08-08_01
251,16,Travel,Travel to disposal site,10:22:12,10:53:20,1868.2,2026-08-08_01
252,8,Travel,Travel to disposal site,10:22:17,10:53:24,1867.7,2026-08-08_01
253,7,Rest,,10:53:14,11:05:54,759.4,2026-08-08_01
254,5,Rest,,10:53:17,11:03:20,602.6,2026-08-08_01
255,16,Rest,,10:53:20,11:10:23,1023,2026-08-08_01
256,8,Rest,,10:53:24,11:03:18,593.4,2026-08-08_01
257,8,Extraction,Removing sludge,11:03:18,11:03:25,7.3,2026-08-08_01
258,5,Disposal,,11:03:20,11:05:14,114.3,2026-08-08_01
259,8,Disposal,,11:03:25,11:05:12,107.2,2026-08-08_01
260,8,Rest,,11:05:12,11:05:20,7.5,2026-08-08_01
261,5,Rest,,11:05:14,11:05:42,28,2026-08-08_01
262,8,Equipment,Maneuvering,11:05:20,11:05:29,9,2026-08-08_01
263,8,Disposal,,11:05:29,11:27:35,1326.8,2026-08-08_01
264,5,Disposal,,11:05:42,11:27:38,1315.9,2026-08-08_01
265,7,Fluidizing,Mixing,11:05:54,11:10:26,272.3,2026-08-08_01
266,16,Disposal,,11:10:23,11:17:31,428,2026-08-08_01
267,7,Disposal,,11:10:26,11:27:41,1035.2,2026-08-08_01
268,16,Rest,,11:17:31,11:21:07,215.7,2026-08-08_01
269,16,Equipment,Maneuvering,11:21:07,11:27:44,397.1,2026-08-08_01
270,8,Rest,,11:28:44,11:48:12,1167.9,2026-08-08_01
271,5,Rest,,11:28:47,11:48:19,1171.8,2026-08-08_01
272,7,Rest,,11:28:51,11:48:22,1172,2026-08-08_01
273,16,Rest,,11:28:54,11:48:16,1162.1,2026-08-08_01
274,8,Travel,On errand,11:48:12,12:10:49,1357.8,2026-08-08_01
275,16,Travel,On errand,11:48:16,12:10:42,1346.3,2026-08-08_01
276,5,Travel,On errand,11:48:19,12:10:47,1347.5,2026-08-08_01
277,7,Travel,On errand,11:48:22,12:10:44,1341.7,2026-08-08_01
278,16,Rest,,12:10:42,12:17:11,389.4,2026-08-08_01
279,7,Rest,,12:10:44,12:14:53,249.2,2026-08-08_01
280,5,Rest,,12:10:47,12:16:08,321.2,2026-08-08_01
281,8,Rest,,12:10:49,12:12:36,106.3,2026-08-08_01
282,8,Extraction,Removing sludge,12:12:36,12:17:43,307.6,2026-08-08_01
283,7,Rest,,12:14:53,12:19:57,303.7,2026-08-08_01
284,5,Rest,,12:16:08,12:17:04,56.4,2026-08-08_01
285,5,Sludge handling,Filling containers,12:17:04,12:17:23,18.3,2026-08-08_01
286,16,Extraction,Removing sludge,12:17:11,12:17:16,5,2026-08-08_01
287,16,Sludge handling,Filling containers,12:17:16,12:20:19,182.7,2026-08-08_01
288,5,Sludge handling,Filling containers,12:17:23,12:26:07,524.3,2026-08-08_01
289,8,Fluidizing,Mixing,12:17:43,12:18:48,64.5,2026-08-08_01
290,8,Extraction,Removing sludge,12:18:48,12:40:58,1330.8,2026-08-08_01
291,7,Extraction,Removing sludge,12:19:57,12:27:17,440.1,2026-08-08_01
292,16,Rest,,12:20:19,12:23:50,211.1,2026-08-08_01
293,16,Sludge handling,Filling containers,12:23:50,12:26:28,158,2026-08-08_01
294,5,Rest,,12:26:07,12:27:02,55.6,2026-08-08_01
295,16,Rest,,12:26:28,12:26:53,25.1,2026-08-08_01
296,16,Extraction,Removing sludge,12:26:53,12:29:04,130.7,2026-08-08_01
297,5,Sludge handling,Filling containers,12:27:02,12:27:41,38.6,2026-08-08_01
298,7,Equipment,Maneuvering,12:27:17,12:27:24,6.8,2026-08-08_01
299,7,Rest,,12:27:24,12:28:56,92.3,2026-08-08_01
300,5,Sludge handling,Filling containers,12:27:41,12:29:30,108.8,2026-08-08_01
301,7,Extraction,Removing sludge,12:28:56,12:29:11,14.3,2026-08-08_01
302,16,Rest,,12:29:04,12:30:22,77.5,2026-08-08_01
303,7,Rest,,12:29:11,12:30:11,60,2026-08-08_01
304,5,Rest,,12:29:30,12:29:59,28.9,2026-08-08_01
305,5,Sludge handling,Filling containers,12:29:59,12:31:55,115.9,2026-08-08_01
306,7,Sludge handling,Filling containers,12:30:11,12:30:17,6.3,2026-08-08_01
307,7,Extraction,Removing sludge,12:30:17,12:30:26,9.5,2026-08-08_01
308,16,Extraction,Removing sludge,12:30:22,12:31:02,40.4,2026-08-08_01
309,7,Rest,,12:30:26,12:30:59,32.4,2026-08-08_01
310,7,Rest,,12:30:59,12:31:05,6.6,2026-08-08_01
311,16,Rest,,12:31:02,12:32:12,70.5,2026-08-08_01
312,7,Extraction,Removing sludge,12:31:05,12:32:00,54.9,2026-08-08_01
313,5,Rest,,12:31:55,12:33:25,89.9,2026-08-08_01
314,7,Rest,,12:32:00,12:32:48,47.5,2026-08-08_01
315,16,Extraction,Removing sludge,12:32:12,12:32:50,37.6,2026-08-08_01
316,7,Extraction,Removing sludge,12:32:48,12:33:41,53.2,2026-08-08_01
317,16,Rest,,12:32:50,12:33:44,54,2026-08-08_01
318,5,Sludge handling,Filling containers,12:33:25,12:34:24,59.5,2026-08-08_01
319,7,Rest,,12:33:41,12:34:13,31.6,2026-08-08_01
320,16,Extraction,Removing sludge,12:33:44,12:34:10,25.6,2026-08-08_01
321,16,Rest,,12:34:10,12:34:53,43.5,2026-08-08_01
322,7,Extraction,Removing sludge,12:34:13,12:34:57,44.3,2026-08-08_01
323,5,Rest,,12:34:24,12:34:46,21.9,2026-08-08_01
324,5,Sludge handling,Filling containers,12:34:46,12:35:45,58.7,2026-08-08_01
325,16,Extraction,Removing sludge,12:34:53,12:35:38,44.5,2026-08-08_01
326,7,Rest,,12:34:57,12:35:35,38.6,2026-08-08_01
327,7,Extraction,Removing sludge,12:35:35,12:36:40,64.9,2026-08-08_01
328,16,Rest,,12:35:38,12:36:38,60.6,2026-08-08_01
329,5,Rest,,12:35:45,12:36:48,63.2,2026-08-08_01
330,16,Extraction,Removing sludge,12:36:38,12:37:38,60.2,2026-08-08_01
331,7,Rest,,12:36:40,12:37:35,54.9,2026-08-08_01
332,5,Sludge handling,Filling containers,12:36:48,12:37:41,53.2,2026-08-08_01
333,7,Extraction,Removing sludge,12:37:35,12:38:07,31.7,2026-08-08_01
334,16,Rest,,12:37:38,12:38:05,26.2,2026-08-08_01
335,5,Rest,,12:37:41,12:37:56,15.3,2026-08-08_01
336,5,Sludge handling,Filling containers,12:37:56,12:38:10,13.9,2026-08-08_01
337,16,Extraction,Removing sludge,12:38:05,12:38:38,33.3,2026-08-08_01
338,7,Rest,,12:38:07,12:38:31,23.7,2026-08-08_01
339,5,Rest,,12:38:10,12:38:23,13.1,2026-08-08_01
340,5,Sludge handling,Filling containers,12:38:23,12:39:11,47.8,2026-08-08_01
341,7,Extraction,Removing sludge,12:38:31,12:39:35,64.9,2026-08-08_01
342,16,Rest,,12:38:38,12:39:39,60.6,2026-08-08_01
343,5,Rest,,12:39:11,12:39:30,19,2026-08-08_01
344,5,Sludge handling,Filling containers,12:39:30,12:40:08,38.2,2026-08-08_01
345,7,Rest,,12:39:35,12:40:28,52.9,2026-08-08_01
346,16,Extraction,Removing sludge,12:39:39,12:40:22,43.4,2026-08-08_01
347,5,Rest,,12:40:08,12:40:19,10.8,2026-08-08_01
348,5,Sludge handling,Filling containers,12:40:19,12:40:39,20.5,2026-08-08_01
349,16,Rest,,12:40:22,12:43:27,184.4,2026-08-08_01
350,7,Extraction,Removing sludge,12:40:28,12:43:28,180,2026-08-08_01
351,5,Rest,,12:40:39,12:42:09,89.5,2026-08-08_01
352,8,Fluidizing,Mixing,12:40:58,12:43:19,140.2,2026-08-08_01
353,5,Sludge handling,Filling containers,12:42:09,12:46:49,280.1,2026-08-08_01
354,8,Extraction,Removing sludge,12:43:19,12:44:53,94.1,2026-08-08_01
355,16,Extraction,Removing sludge,12:43:27,12:45:09,102.1,2026-08-08_01
356,7,Rest,,12:43:28,12:45:05,96.5,2026-08-08_01
357,8,Rest,,12:44:53,12:46:18,85.6,2026-08-08_01
358,7,Extraction,Removing sludge,12:45:05,12:46:47,102.3,2026-08-08_01
359,16,Rest,,12:45:09,12:48:37,208.5,2026-08-08_01
360,8,Fluidizing,Mixing,12:46:18,12:48:00,101.6,2026-08-08_01
361,7,Rest,,12:46:47,12:47:28,40.9,2026-08-08_01
362,5,Rest,,12:46:49,12:48:03,74.3,2026-08-08_01
363,7,Extraction,Removing sludge,12:47:28,12:48:39,71.2,2026-08-08_01
364,8,Extraction,Removing sludge,12:48:00,12:53:08,307.6,2026-08-08_01
365,5,Sludge handling,Filling containers,12:48:03,12:49:50,106.4,2026-08-08_01
366,16,Extraction,Removing sludge,12:48:37,12:50:08,90.8,2026-08-08_01
367,7,Rest,,12:48:39,12:52:28,228.7,2026-08-08_01
368,5,Equipment,Maneuvering,12:49:50,12:51:02,72.6,2026-08-08_01
369,16,Rest,,12:50:08,12:52:23,135.6,2026-08-08_01
370,5,Sludge handling,Filling containers,12:51:02,12:59:36,513.8,2026-08-08_01
371,16,Rest,,12:52:23,12:52:53,29.6,2026-08-08_01
372,7,Extraction,Removing sludge,12:52:28,12:52:50,22.5,2026-08-08_01
373,7,Rest,,12:52:50,12:53:53,62.8,2026-08-08_01
374,16,Extraction,Removing sludge,12:52:53,12:53:56,62.5,2026-08-08_01
375,8,Fluidizing,Mixing,12:53:08,12:57:53,285.3,2026-08-08_01
376,7,Extraction,Removing sludge,12:53:53,12:55:29,96,2026-08-08_01
377,16,Rest,,12:53:56,12:55:58,122,2026-08-08_01
378,7,Rest,,12:55:29,12:57:20,110.8,2026-08-08_01
379,16,Extraction,Removing sludge,12:55:58,12:57:11,73.4,2026-08-08_01
380,16,Rest,,12:57:11,12:59:27,135.7,2026-08-08_01
381,7,Extraction,Removing sludge,12:57:20,12:59:30,130,2026-08-08_01
382,8,Equipment,Maneuvering,12:57:53,12:59:23,89.7,2026-08-08_01
383,8,Travel,Travel to disposal site,12:59:23,13:32:46,2003.1,2026-08-08_01
384,16,Travel,Travel to disposal site,12:59:27,13:33:21,2034.9,2026-08-08_01
385,7,Travel,Travel to disposal site,12:59:30,12:59:42,11.9,2026-08-08_01
386,5,Travel,Travel to disposal site,12:59:36,13:33:07,2011.1,2026-08-08_01
387,7,Travel,Travel to disposal site,12:59:42,13:33:14,2012.5,2026-08-08_01
388,8,Equipment,Maneuvering,13:32:46,13:38:55,369.6,2026-08-08_01
389,5,Disposal,,13:33:07,13:35:53,166.1,2026-08-08_01
390,7,Rest,,13:33:14,13:36:03,168.4,2026-08-08_01
391,16,Communication,With other gulper(s),13:33:21,13:36:00,158.2,2026-08-08_01
392,5,Equipment,Maneuvering,13:35:53,13:38:50,176.7,2026-08-08_01
393,16,Equipment,Maneuvering,13:36:00,13:39:13,193.7,2026-08-08_01
394,7,Equipment,Maneuvering,13:36:03,13:39:09,186.6,2026-08-08_01
395,5,Rest,,13:38:50,13:43:12,262.1,2026-08-08_01
396,8,Fluidizing,Mixing,13:38:55,13:46:30,455.1,2026-08-08_01
397,7,Disposal,,13:39:09,13:40:05,55.3,2026-08-08_01
398,16,Rest,,13:39:13,13:40:19,65.4,2026-08-08_01
399,7,Fluidizing,Mixing,13:40:05,13:42:58,173.8,2026-08-08_01
400,16,Equipment,Maneuvering,13:40:19,13:41:39,80,2026-08-08_01
401,16,Fluidizing,Mixing,13:41:39,13:43:02,83.7,2026-08-08_01
402,7,Disposal,,13:42:58,14:02:39,1180.7,2026-08-08_01
403,16,Rest,,13:43:02,13:44:45,102.2,2026-08-08_01
404,5,Fluidizing,Mixing,13:43:12,13:46:36,204.1,2026-08-08_01
405,16,Rest,,13:44:45,13:44:49,4.2,2026-08-08_01
406,16,Disposal,,13:44:49,13:46:23,94.2,2026-08-08_01
407,16,Rest,,13:46:23,13:56:20,596.5,2026-08-08_01
408,8,Disposal,,13:46:30,14:02:42,971.2,2026-08-08_01
409,5,Rest,,13:46:36,13:49:54,197.9,2026-08-08_01
410,5,Fluidizing,Mixing,13:49:54,13:59:01,546.7,2026-08-08_01
411,16,Equipment,Maneuvering,13:56:20,13:58:53,153.4,2026-08-08_01
412,16,Rest,,13:58:53,13:59:47,53.8,2026-08-08_01
413,5,Rest,,13:59:01,14:06:00,419,2026-08-08_01
414,16,Disposal,,13:59:47,14:02:43,176.8,2026-08-08_01
415,7,Rest,,14:02:39,14:06:03,203.7,2026-08-08_01
416,8,Rest,,14:02:42,14:05:53,191.2,2026-08-08_01
417,16,Rest,,14:02:43,14:05:56,193,2026-08-08_01
418,8,Travel,On errand,14:05:53,14:31:34,1540.8,2026-08-08_01
419,16,Travel,On errand,14:05:56,14:32:04,1567.1,2026-08-08_01
420,5,Travel,On errand,14:06:00,14:31:38,1538.4,2026-08-08_01
421,7,Travel,On errand,14:06:03,14:31:52,1549.2,2026-08-08_01
422,8,Fluidizing,Mixing,14:31:34,14:32:58,84.3,2026-08-08_01
423,5,Rest,,14:31:38,14:32:43,64.8,2026-08-08_01
424,7,Rest,,14:31:52,14:32:36,44.2,2026-08-08_01
425,16,Rest,,14:32:04,14:32:23,19.6,2026-08-08_01
426,16,Extraction,Removing sludge,14:32:23,14:35:51,208.2,2026-08-08_01
427,7,Extraction,Removing sludge,14:32:36,14:36:41,244.6,2026-08-08_01
428,5,Sludge handling,Filling containers,14:32:43,14:35:28,165.4,2026-08-08_01
429,8,Extraction,Removing sludge,14:32:58,14:35:48,169.7,2026-08-08_01
430,5,Rest,,14:35:28,14:36:45,76.3,2026-08-08_01
431,8,Fluidizing,Mixing,14:35:48,14:39:54,246,2026-08-08_01
432,16,Rest,,14:35:51,14:36:39,47.1,2026-08-08_01
433,16,Extraction,Removing sludge,14:36:39,14:37:50,71.4,2026-08-08_01
434,7,Rest,,14:36:41,14:37:14,33.4,2026-08-08_01
435,5,Sludge handling,Filling containers,14:36:45,14:38:11,85.8,2026-08-08_01
436,7,Extraction,Removing sludge,14:37:14,14:37:55,40.6,2026-08-08_01
437,16,Rest,,14:37:50,14:37:59,9.1,2026-08-08_01
438,7,Rest,,14:37:55,14:38:31,35.8,2026-08-08_01
439,16,Extraction,Removing sludge,14:37:59,14:38:39,39.6,2026-08-08_01
440,5,Rest,,14:38:11,14:38:42,31,2026-08-08_01
441,7,Extraction,Removing sludge,14:38:31,14:39:44,73.8,2026-08-08_01
442,16,Rest,,14:38:39,14:39:48,69.6,2026-08-08_01
443,5,Sludge handling,Filling containers,14:38:42,14:41:10,148.6,2026-08-08_01
444,7,Rest,,14:39:44,14:41:04,79.2,2026-08-08_01
445,16,Extraction,Removing sludge,14:39:48,14:41:00,71.8,2026-08-08_01
446,8,Extraction,Removing sludge,14:39:54,14:47:22,448.7,2026-08-08_01
447,16,Rest,,14:41:00,14:50:19,558.5,2026-08-08_01
448,7,Extraction,Removing sludge,14:41:04,14:47:12,368.1,2026-08-08_01
449,5,Rest,,14:41:10,14:42:46,95.8,2026-08-08_01
450,5,Rest,,14:42:46,14:47:16,270.4,2026-08-08_01
451,7,Rest,,14:47:12,14:50:12,180.5,2026-08-08_01
452,5,Sludge handling,Filling containers,14:47:16,14:50:09,172.2,2026-08-08_01
453,8,Rest,,14:47:22,14:50:23,181.1,2026-08-08_01
454,5,Rest,,14:50:09,14:52:28,139.6,2026-08-08_01
455,7,Extraction,Removing sludge,14:50:12,14:53:39,206.7,2026-08-08_01
456,16,Extraction,Removing sludge,14:50:19,14:52:36,137.6,2026-08-08_01
457,8,Extraction,Removing sludge,14:50:23,14:52:00,96.2,2026-08-08_01
458,8,Rest,,14:52:00,14:54:47,167.8,2026-08-08_01
459,5,Sludge handling,Filling containers,14:52:28,14:53:29,60.6,2026-08-08_01
460,16,Rest,,14:52:36,14:53:36,59.6,2026-08-08_01
461,5,Rest,,14:53:29,14:54:26,57.7,2026-08-08_01
462,16,Extraction,Removing sludge,14:53:36,14:55:32,116.1,2026-08-08_01
463,7,Rest,,14:53:39,14:54:02,23.1,2026-08-08_01
464,7,Extraction,Removing sludge,14:54:02,14:55:34,91.9,2026-08-08_01
465,5,Sludge handling,Filling containers,14:54:26,14:55:30,63.3,2026-08-08_01
466,8,Extraction,Removing sludge,14:54:47,15:00:19,331.9,2026-08-08_01
467,5,Rest,,14:55:30,14:57:29,119.5,2026-08-08_01
468,16,Rest,,14:55:32,14:57:10,98.3,2026-08-08_01
469,7,Rest,,14:55:34,14:57:06,92.4,2026-08-08_01
470,7,Extraction,Removing sludge,14:57:06,15:02:23,316.8,2026-08-08_01
471,16,Extraction,Removing sludge,14:57:10,15:01:12,242.1,2026-08-08_01
472,5,Sludge handling,Filling containers,14:57:29,14:58:58,88.7,2026-08-08_01
473,5,Rest,,14:58:58,15:00:03,65.3,2026-08-08_01
474,5,Sludge handling,Filling containers,15:00:03,15:00:38,34.9,2026-08-08_01
475,8,Fluidizing,Mixing,15:00:19,15:01:20,60.5,2026-08-08_01
476,5,Rest,,15:00:38,15:01:00,22.1,2026-08-08_01
477,5,Sludge handling,Filling containers,15:01:00,15:02:17,76.9,2026-08-08_01
478,16,Rest,,15:01:12,15:02:27,74.3,2026-08-08_01
479,8,Sludge handling,Filling containers,15:01:20,15:03:21,121.5,2026-08-08_01
480,5,Rest,,15:02:17,15:05:41,204.2,2026-08-08_01
481,7,Rest,,15:02:23,15:03:14,51.1,2026-08-08_01
482,16,Extraction,Removing sludge,15:02:27,15:03:19,52.4,2026-08-08_01
483,7,Extraction,Removing sludge,15:03:14,15:03:40,25.5,2026-08-08_01
484,16,Rest,,15:03:19,15:06:46,207,2026-08-08_01
485,8,Rest,,15:03:21,15:04:44,82.4,2026-08-08_01
486,7,Rest,,15:03:40,15:04:39,58.9,2026-08-08_01
487,7,Extraction,Removing sludge,15:04:39,15:11:05,386,2026-08-08_01
488,8,Sludge handling,Filling containers,15:04:44,15:06:05,81,2026-08-08_01
489,5,Extraction,Removing sludge,15:05:41,15:10:50,308.9,2026-08-08_01
490,8,Rest,,15:06:05,15:07:00,54.9,2026-08-08_01
491,16,Extraction,Removing sludge,15:06:46,15:08:00,74.3,2026-08-08_01
492,8,Sludge handling,Filling containers,15:07:00,15:07:52,52.5,2026-08-08_01
493,8,Rest,,15:07:52,15:10:05,133.1,2026-08-08_01
494,16,Rest,,15:08:00,15:10:23,142.8,2026-08-08_01
495,8,Sludge handling,Filling containers,15:10:05,15:10:32,26.5,2026-08-08_01
496,16,Extraction,Removing sludge,15:10:23,15:13:40,197.3,2026-08-08_01
497,8,Rest,,15:10:32,15:11:00,28.4,2026-08-08_01
498,5,Rest,,15:10:50,15:13:30,159.4,2026-08-08_01
499,8,Sludge handling,Filling containers,15:11:00,15:11:11,10.4,2026-08-08_01
500,7,Rest,,15:11:05,15:12:51,106.9,2026-08-08_01
501,8,Rest,,15:11:11,15:12:02,51.3,2026-08-08_01
502,8,Sludge handling,Filling containers,15:12:02,15:13:26,84.5,2026-08-08_01
503,7,Extraction,Removing sludge,15:12:51,15:13:52,60.9,2026-08-08_01
504,8,Rest,,15:13:26,15:15:40,133.9,2026-08-08_01
505,5,Extraction,Removing sludge,15:13:30,15:19:15,345.5,2026-08-08_01
506,16,Rest,,15:13:40,15:15:07,87,2026-08-08_01
507,7,Rest,,15:13:52,15:15:11,78.2,2026-08-08_01
508,16,Extraction,Removing sludge,15:15:07,15:15:19,11.9,2026-08-08_01
509,7,Extraction,Removing sludge,15:15:11,15:15:16,5.4,2026-08-08_01
510,7,Extraction,Removing sludge,15:15:16,15:16:21,65.1,2026-08-08_01
511,16,Rest,,15:15:19,15:16:17,57.7,2026-08-08_01
512,8,Sludge handling,Filling containers,15:15:40,15:16:35,55.1,2026-08-08_01
513,16,Extraction,Removing sludge,15:16:17,15:16:51,33.7,2026-08-08_01
514,7,Extraction,Removing sludge,15:16:21,15:17:15,54,2026-08-08_01
515,8,Rest,,15:16:35,15:16:48,13.1,2026-08-08_01
516,8,Sludge handling,Filling containers,15:16:48,15:18:17,88.8,2026-08-08_01
517,16,Rest,,15:16:51,15:17:47,56.6,2026-08-08_01
518,7,Rest,,15:17:15,15:19:29,134.2,2026-08-08_01
519,16,Extraction,Removing sludge,15:17:47,15:18:11,23.9,2026-08-08_01
520,16,Communication,With other gulper(s),15:18:11,15:19:26,74.9,2026-08-08_01
521,8,Rest,,15:18:17,15:19:21,63.9,2026-08-08_01
522,5,Rest,,15:19:15,15:21:29,134.1,2026-08-08_01
523,8,Sludge handling,Filling containers,15:19:21,15:21:33,132,2026-08-08_01
524,16,Rest,,15:19:26,15:21:18,111.5,2026-08-08_01
525,7,Extraction,Removing sludge,15:19:29,15:22:20,171,2026-08-08_01
526,16,Extraction,Pulling out trash,15:21:18,15:25:17,239.3,2026-08-08_01
527,5,Extraction,Pulling out trash,15:21:29,15:25:44,255.1,2026-08-08_01
528,8,Rest,,15:21:33,15:32:49,675.9,2026-08-08_01
529,7,Extraction,Pulling out trash,15:22:20,15:25:19,179,2026-08-08_01
530,16,Rest,,15:25:17,15:25:50,33.1,2026-08-08_01
531,7,Rest,,15:25:19,15:25:54,34.7,2026-08-08_01
532,5,Rest,,15:25:44,15:26:29,45.1,2026-08-08_01
533,16,Extraction,Pulling out trash,15:25:50,15:28:29,159.2,2026-08-08_01
534,7,Extraction,Pulling out trash,15:25:54,15:28:33,159.4,2026-08-08_01
535,5,Extraction,Pulling out trash,15:26:29,15:29:22,172.2,2026-08-08_01
536,16,Rest,,15:28:29,15:31:35,186.2,2026-08-08_01
537,7,Rest,,15:28:33,15:31:30,176.3,2026-08-08_01
538,5,Rest,,15:29:22,15:29:29,7,2026-08-08_01
539,5,Extraction,Pulling out trash,15:29:29,15:32:44,195.5,2026-08-08_01
540,7,Extraction,Pulling out trash,15:31:30,15:32:42,72.8,2026-08-08_01
541,16,Extraction,Pulling out trash,15:31:35,15:32:41,65.1,2026-08-08_01
542,16,Rest,,15:32:41,15:33:03,22,2026-08-08_01
543,7,Rest,,15:32:42,15:33:05,22.6,2026-08-08_01
544,5,Rest,,15:32:44,15:33:45,61.3,2026-08-08_01
545,8,Communication,With other gulper(s),15:32:49,15:33:37,47.6,2026-08-08_01
546,16,Extraction,Pulling out trash,15:33:03,15:33:29,26.1,2026-08-08_01
547,7,Extraction,Pulling out trash,15:33:05,15:33:31,25.6,2026-08-08_01
548,16,Rest,,15:33:29,15:33:50,21.4,2026-08-08_01
549,7,Rest,,15:33:31,15:34:41,70.7,2026-08-08_01
550,8,Communication,With other gulper(s),15:33:37,15:33:56,19.3,2026-08-08_01
551,5,Communication,With other gulper(s),15:33:45,15:33:58,12.4,2026-08-08_01
552,16,Communication,With other gulper(s),15:33:50,15:33:53,3.1,2026-08-08_01
553,16,Rest,,15:33:53,15:38:16,263,2026-08-08_01
554,8,Rest,,15:33:56,15:34:03,7.1,2026-08-08_01
555,5,Rest,,15:33:58,15:34:33,34.9,2026-08-08_01
556,8,Equipment,Maneuvering,15:34:03,15:36:04,120.7,2026-08-08_01
557,5,Equipment,Maneuvering,15:34:33,15:34:48,14.9,2026-08-08_01
558,7,Equipment,Maneuvering,15:34:41,15:35:45,63.8,2026-08-08_01
559,5,Rest,,15:34:48,15:35:59,71.3,2026-08-08_01
560,7,Rest,,15:35:45,15:39:28,223.1,2026-08-08_01
561,5,Superstructure,Repair,15:35:59,15:36:11,11.6,2026-08-08_01
562,8,Superstructure,Repair,15:36:04,15:38:05,121.1,2026-08-08_01
563,5,Rest,,15:36:11,15:36:19,8.8,2026-08-08_01
564,5,Superstructure,Repair,15:36:19,15:37:06,46.9,2026-08-08_01
565,5,Rest,,15:37:06,15:38:01,54.3,2026-08-08_01
566,5,Superstructure,Cleaning,15:38:01,15:38:10,9.7,2026-08-08_01
567,8,Superstructure,Cleaning,15:38:05,15:38:38,33.6,2026-08-08_01
568,5,Rest,,15:38:10,15:38:49,38.6,2026-08-08_01
569,16,Equipment,Maneuvering,15:38:16,15:38:43,27.3,2026-08-08_01
570,8,Equipment,Maneuvering,15:38:38,15:39:22,43.4,2026-08-08_01
571,16,Rest,,15:38:43,15:39:32,48.2,2026-08-08_01
572,5,Superstructure,Cleaning,15:38:49,15:43:17,268.6,2026-08-08_01
573,8,Rest,,15:39:22,15:39:46,23.8,2026-08-08_01
574,7,Communication,With other gulper(s),15:39:28,15:39:51,22.3,2026-08-08_01
575,16,Communication,With other gulper(s),15:39:32,15:39:48,16.6,2026-08-08_01
576,8,Equipment,Maneuvering,15:39:46,15:43:41,235,2026-08-08_01
577,16,Rest,,15:39:48,15:41:01,72.9,2026-08-08_01
578,7,Rest,,15:39:51,15:55:58,967.2,2026-08-08_01
579,16,Superstructure,Cleaning,15:41:01,15:44:42,221,2026-08-08_01
580,8,Rest,,15:43:41,15:45:12,91.6,2026-08-08_01
581,16,Rest,,15:44:42,15:47:20,157.4,2026-08-08_01
582,8,Earthworks,Fill trench,15:45:12,15:46:18,65.3,2026-08-08_01
583,8,Superstructure,Cleaning,15:46:18,15:52:10,352.6,2026-08-08_01
584,16,Superstructure,Cleaning,15:47:20,15:49:45,145.9,2026-08-08_01
585,16,Rest,,15:49:45,15:52:29,163.1,2026-08-08_01
586,8,Equipment,Maneuvering,15:52:10,15:52:49,39,2026-08-08_01
587,16,Equipment,Maneuvering,15:52:29,15:53:31,62.1,2026-08-08_01
588,8,Rest,,15:52:49,15:55:45,175.7,2026-08-08_01
589,16,Communication,With other gulper(s),15:53:31,15:54:27,56.4,2026-08-08_01
590,16,Rest,,15:54:27,15:55:48,80.6,2026-08-08_01
591,5,Rest,,15:54:49,15:55:50,61.7,2026-08-08_01
592,8,Travel,Travel to disposal site,15:55:45,16:27:36,1911.6,2026-08-08_01
593,16,Travel,Travel to disposal site,15:55:48,16:29:50,2042.7,2026-08-08_01
594,7,Travel,Travel to disposal site,15:55:58,16:30:21,2063.8,2026-08-08_01
595,8,Equipment,Maneuvering,16:27:36,16:29:44,127.6,2026-08-08_01
596,8,Disposal,,16:29:44,16:34:43,299,2026-08-08_01
597,16,Fluidizing,Mixing,16:29:50,16:40:04,613.9,2026-08-08_01
598,7,Disposal,,16:30:21,16:35:06,284.6,2026-08-08_01
599,8,Rest,,16:34:43,16:36:12,88.5,2026-08-08_01
600,7,Rest,,16:35:06,16:36:08,62.2,2026-08-08_01
601,7,Disposal,,16:36:08,16:41:35,327,2026-08-08_01
602,8,Disposal,,16:36:12,16:41:41,329.7,2026-08-08_01
603,16,Disposal,,16:40:04,16:48:45,520.8,2026-08-08_01
604,7,Rest,,16:41:35,16:42:29,53.9,2026-08-08_01
605,8,Rest,,16:41:41,16:42:38,56.8,2026-08-08_01
606,7,Fluidizing,Mixing,16:42:29,16:46:30,240.3,2026-08-08_01
607,8,Disposal,,16:42:38,16:47:02,264.1,2026-08-08_01
608,7,Disposal,,16:46:30,16:48:11,101.3,2026-08-08_01
609,8,Fluidizing,Mixing,16:47:02,16:48:42,99.4,2026-08-08_01
610,7,Rest,,16:48:11,16:51:26,195.3,2026-08-08_01
611,8,Disposal,,16:48:42,16:54:40,358.9,2026-08-08_01
612,16,Fluidizing,Mixing,16:48:45,16:54:36,350.7,2026-08-08_01
613,7,Disposal,,16:51:26,16:54:43,196.9,2026-08-08_01
614,16,Equipment,Maneuvering,16:54:36,16:56:43,126.9,2026-08-08_01
615,8,Equipment,Maneuvering,16:54:40,16:56:45,125,2026-08-08_01
616,7,Equipment,Maneuvering,16:54:43,16:56:39,116,2026-08-08_01
617,7,Disposal,,16:56:39,17:02:02,322.6,2026-08-08_01
618,16,Fluidizing,Mixing,16:56:43,17:02:05,321.9,2026-08-08_01
619,8,Disposal,,16:56:45,17:03:34,408.8,2026-08-08_01
620,7,Rest,,17:02:02,17:03:47,105.4,2026-08-08_01
621,16,Rest,,17:02:05,17:03:44,99.1,2026-08-08_01
622,8,Equipment,Maneuvering,17:03:34,17:07:17,222.5,2026-08-08_01
623,16,Equipment,Maneuvering,17:03:44,17:05:21,97.7,2026-08-08_01
624,7,Equipment,Maneuvering,17:03:47,17:05:23,96.1,2026-08-08_01
625,16,Rest,,17:05:21,17:07:13,111.4,2026-08-08_01
626,7,Rest,,17:05:23,17:07:09,105.9,2026-08-08_01
627,7,Disposal,,17:07:09,17:16:43,574.3,2026-08-08_01
628,16,Disposal,,17:07:13,17:08:47,94.2,2026-08-08_01
629,8,Disposal,,17:07:17,17:19:43,746.1,2026-08-08_01
630,16,Rest,,17:08:47,17:09:20,33,2026-08-08_01
631,16,Disposal,,17:09:20,17:11:09,109.3,2026-08-08_01
632,16,Rest,,17:11:09,17:11:29,19.6,2026-08-08_01
633,16,Disposal,,17:11:29,17:15:39,250.5,2026-08-08_01
634,16,Rest,,17:15:39,17:16:37,58.1,2026-08-08_01
635,16,Disposal,,17:16:37,17:19:39,181.5,2026-08-08_01
636,7,Rest,,17:16:43,17:18:31,107.2,2026-08-08_01
637,7,Disposal,,17:18:31,17:19:35,64.1,2026-08-08_01
638,7,Equipment,Maneuvering,17:19:35,17:25:50,375.1,2026-08-08_01
639,16,Equipment,Maneuvering,17:19:39,17:25:56,376.8,2026-08-08_01
640,8,Equipment,Maneuvering,17:19:43,17:26:25,402.6,2026-08-08_01
641,7,Disposal,,17:25:50,17:27:50,120.1,2026-08-08_01
642,16,Disposal,,17:25:56,17:27:48,111.9,2026-08-08_01
643,8,Disposal,,17:26:25,17:27:53,87.3,2026-08-08_01
644,7,Rest,,17:27:50,17:29:03,73.2,2026-08-08_01
645,8,Rest,,17:27:53,17:32:10,257.1,2026-08-08_01
646,16,Equipment,Cleaning,17:31:04,18:02:09,1864.2,2026-08-08_01
647,8,Equipment,Cleaning,17:32:10,17:40:43,512.9,2026-08-08_01
648,7,Equipment,Cleaning,17:37:34,18:02:09,1474.9,2026-08-08_01
649,8,Disposal,,17:40:43,17:50:32,589.3,2026-08-08_01
650,8,Equipment,Cleaning,18:01:33,18:02:09,35.5,2026-08-08_01
651,5,Travel,Travel to disposal site,18:02:06,18:02:09,2.9,2026-08-08_01
1,14,Communication,With other gulper(s),09:42:48,09:44:19,91,2026-08-11_03
2,1,Superstructure,Modification,09:43:15,09:46:24,188.9,2026-08-11_03
3,2,Equipment,Maneuvering,09:43:25,09:46:32,187.5,2026-08-11_03
4,13,Rest,,09:43:36,09:47:40,244.4,2026-08-11_03
5,14,Rest,,09:44:19,09:45:40,80.4,2026-08-11_03
6,14,Superstructure,Modification,09:45:40,09:47:07,86.9,2026-08-11_03
7,1,Fluidizing,Fetching water,09:46:24,09:47:50,85.2,2026-08-11_03
8,2,Fluidizing,Fetching water,09:46:32,09:50:17,225,2026-08-11_03
9,14,Fluidizing,Fetching water,09:47:07,09:51:36,269.4,2026-08-11_03
10,13,Equipment,Maneuvering,09:47:40,09:50:11,151.2,2026-08-11_03
11,1,Fluidizing,Adding water,09:47:50,09:48:28,38,2026-08-11_03
12,1,Rest,,09:48:28,09:49:05,37.7,2026-08-11_03
13,1,Fluidizing,Adding water,09:49:05,09:49:49,43.8,2026-08-11_03
14,1,Fluidizing,Mixing,09:49:49,09:54:06,257.5,2026-08-11_03
15,13,Rest,,09:50:11,09:51:29,77.5,2026-08-11_03
16,2,Rest,,09:50:17,09:51:40,82.7,2026-08-11_03
17,13,Communication,With other gulper(s),09:51:29,09:52:53,84.3,2026-08-11_03
18,14,Equipment,Maneuvering,09:51:36,09:54:20,164.2,2026-08-11_03
19,2,Equipment,Maneuvering,09:51:40,09:51:56,16.3,2026-08-11_03
20,2,Extraction,Pulling out trash,09:51:56,09:52:50,54.3,2026-08-11_03
21,2,Rest,,09:52:50,09:56:20,210,2026-08-11_03
22,13,Rest,,09:52:53,09:54:14,80.8,2026-08-11_03
23,1,Extraction,Pulling out trash,09:54:06,09:56:32,145.4,2026-08-11_03
24,13,Extraction,Pulling out trash,09:54:14,09:56:39,145.4,2026-08-11_03
25,14,Rest,,09:54:20,09:56:15,114.6,2026-08-11_03
26,14,Equipment,Maneuvering,09:56:15,09:59:58,223.3,2026-08-11_03
27,2,Extraction,Pulling out trash,09:56:20,09:56:36,16.1,2026-08-11_03
28,1,Fluidizing,Mixing,09:56:32,09:57:41,69.4,2026-08-11_03
29,2,Rest,,09:56:36,09:57:52,75.3,2026-08-11_03
30,13,Rest,,09:56:39,09:57:46,66.9,2026-08-11_03
31,1,Communication,With other gulper(s),09:57:41,09:58:34,52.4,2026-08-11_03
32,13,Extraction,Pulling out trash,09:57:46,09:59:21,95.1,2026-08-11_03
33,2,Extraction,Pulling out trash,09:57:52,09:58:51,58.8,2026-08-11_03
34,1,Fluidizing,Mixing,09:58:34,09:59:52,78.2,2026-08-11_03
35,2,Rest,,09:58:51,10:00:02,71.2,2026-08-11_03
36,13,Rest,,09:59:21,10:01:00,98.9,2026-08-11_03
37,1,Extraction,Pulling out trash,09:59:52,10:00:07,14.9,2026-08-11_03
38,14,Communication,With other gulper(s),09:59:58,10:02:58,179.5,2026-08-11_03
39,2,Communication,With other gulper(s),10:00:02,10:01:05,63,2026-08-11_03
40,1,Fluidizing,Mixing,10:00:07,10:01:26,79.1,2026-08-11_03
41,13,Extraction,Pulling out trash,10:01:00,10:02:27,87.1,2026-08-11_03
42,2,Rest,,10:01:05,10:04:52,227.5,2026-08-11_03
43,1,Extraction,Pulling out trash,10:01:26,10:01:37,11.7,2026-08-11_03
44,1,Fluidizing,Mixing,10:01:37,10:02:43,65.5,2026-08-11_03
45,13,Rest,,10:02:27,10:02:38,11.2,2026-08-11_03
46,13,Extraction,Pulling out trash,10:02:38,10:03:56,77.8,2026-08-11_03
47,1,Extraction,Pulling out trash,10:02:43,10:04:39,116.5,2026-08-11_03
48,14,Equipment,Maneuvering,10:02:58,10:03:31,33.2,2026-08-11_03
49,14,Rest,,10:03:31,10:05:35,123.8,2026-08-11_03
50,13,Sludge handling,Filling containers,10:03:56,10:04:11,14.3,2026-08-11_03
51,13,Extraction,Pulling out trash,10:04:11,10:05:42,91.9,2026-08-11_03
52,1,Fluidizing,Mixing,10:04:39,10:05:14,34.2,2026-08-11_03
53,2,Extraction,Pulling out trash,10:04:52,10:05:45,53,2026-08-11_03
54,1,Extraction,Pulling out trash,10:05:14,10:05:49,35.3,2026-08-11_03
55,14,Equipment,Repairing,10:05:35,10:06:38,63.8,2026-08-11_03
56,13,Rest,,10:05:42,10:06:02,19.8,2026-08-11_03
57,2,Rest,,10:05:45,10:06:09,23.4,2026-08-11_03
58,1,Fluidizing,Mixing,10:05:49,10:06:00,10.6,2026-08-11_03
59,1,Extraction,Pulling out trash,10:06:00,10:07:10,70.6,2026-08-11_03
60,13,Extraction,Pulling out trash,10:06:02,10:07:57,115.1,2026-08-11_03
61,2,Extraction,Pulling out trash,10:06:09,10:07:33,84.3,2026-08-11_03
62,14,Rest,,10:06:38,10:07:26,47.9,2026-08-11_03
63,1,Fluidizing,Mixing,10:07:10,10:07:51,40.7,2026-08-11_03
64,14,Equipment,Maneuvering,10:07:26,10:11:12,225.8,2026-08-11_03
65,2,Equipment,Maneuvering,10:07:33,10:07:56,22.7,2026-08-11_03
66,1,Extraction,Pulling out trash,10:07:51,10:08:55,64.2,2026-08-11_03
67,2,Rest,,10:07:56,10:09:06,69.9,2026-08-11_03
68,13,Rest,,10:07:57,10:12:09,252.1,2026-08-11_03
69,1,Fluidizing,Mixing,10:08:55,10:11:22,146.8,2026-08-11_03
70,2,Equipment,Maneuvering,10:09:06,10:10:09,63.3,2026-08-11_03
71,2,Rest,,10:10:09,10:11:29,80,2026-08-11_03
72,14,Earthworks,Dig trench,10:11:12,10:12:59,107.2,2026-08-11_03
73,1,Extraction,Pulling out trash,10:11:22,10:14:28,186.3,2026-08-11_03
74,2,Rest,,10:11:29,10:12:53,83.7,2026-08-11_03
75,13,Extraction,Pulling out trash,10:12:09,10:14:39,149.9,2026-08-11_03
76,2,Earthworks,Dig trench,10:12:53,10:14:01,68.7,2026-08-11_03
77,14,Rest,,10:12:59,10:13:54,54.7,2026-08-11_03
78,14,Earthworks,Dig trench,10:13:54,10:17:10,196.2,2026-08-11_03
79,2,Equipment,Maneuvering,10:14:01,10:16:57,175.9,2026-08-11_03
80,1,Rest,,10:14:28,10:17:23,175.1,2026-08-11_03
81,13,Equipment,Maneuvering,10:14:39,10:14:55,16,2026-08-11_03
82,13,Rest,,10:14:55,10:17:02,127.1,2026-08-11_03
83,2,Disposal,,10:16:57,10:18:14,77,2026-08-11_03
84,13,Extraction,Pulling out trash,10:17:02,10:18:42,99.3,2026-08-11_03
85,14,Disposal,,10:17:10,10:18:03,52.4,2026-08-11_03
86,1,Extraction,Pulling out trash,10:17:23,10:21:14,230.3,2026-08-11_03
87,14,Equipment,Maneuvering,10:18:03,10:21:20,197.6,2026-08-11_03
88,2,Rest,,10:18:14,10:22:27,253.3,2026-08-11_03
89,13,Rest,,10:18:42,10:21:31,169.4,2026-08-11_03
90,1,Fluidizing,Mixing,10:21:14,10:21:25,11.9,2026-08-11_03
91,14,Rest,,10:21:20,10:24:02,162,2026-08-11_03
92,1,Extraction,Pulling out trash,10:21:25,10:21:40,15.1,2026-08-11_03
93,13,Extraction,Pulling out trash,10:21:31,10:24:08,157.3,2026-08-11_03
94,1,Fluidizing,Mixing,10:21:40,10:21:58,17.1,2026-08-11_03
95,1,Extraction,Pulling out trash,10:21:58,10:24:13,135.4,2026-08-11_03
96,2,Rest,,10:22:27,10:24:05,97.4,2026-08-11_03
97,14,Communication,With other gulper(s),10:24:02,10:24:50,47.5,2026-08-11_03
98,2,Communication,With other gulper(s),10:24:05,10:24:53,47.9,2026-08-11_03
99,13,Rest,,10:24:08,10:25:34,85.6,2026-08-11_03
100,1,Fluidizing,Mixing,10:24:13,10:25:01,47.8,2026-08-11_03
101,14,Rest,,10:24:50,10:28:43,233.5,2026-08-11_03
102,2,Rest,,10:24:53,10:26:58,125.2,2026-08-11_03
103,1,Extraction,Pulling out trash,10:25:01,10:25:38,36.9,2026-08-11_03
104,13,Extraction,Pulling out trash,10:25:34,10:29:08,213.9,2026-08-11_03
105,1,Fluidizing,Mixing,10:25:38,10:25:50,12.7,2026-08-11_03
106,1,Extraction,Pulling out trash,10:25:50,10:26:50,59.2,2026-08-11_03
107,1,Fluidizing,Mixing,10:26:50,10:27:26,36.5,2026-08-11_03
108,2,Disposal,,10:26:58,10:27:33,34.5,2026-08-11_03
109,1,Extraction,Pulling out trash,10:27:26,10:28:32,65.7,2026-08-11_03
110,2,Rest,,10:27:33,10:28:40,67.7,2026-08-11_03
111,1,Fluidizing,Mixing,10:28:32,10:30:06,93.9,2026-08-11_03
112,2,Disposal,,10:28:40,10:29:00,19.7,2026-08-11_03
113,14,Disposal,,10:28:43,10:28:54,10.7,2026-08-11_03
114,14,Earthworks,Fill trench,10:28:54,10:33:15,261.5,2026-08-11_03
115,2,Rest,,10:29:00,10:29:42,41.9,2026-08-11_03
116,13,Rest,,10:29:08,10:30:11,63,2026-08-11_03
117,2,Earthworks,Fill trench,10:29:42,10:32:44,182.3,2026-08-11_03
118,1,Extraction,Pulling out trash,10:30:06,10:34:32,266.1,2026-08-11_03
119,13,Extraction,Pulling out trash,10:30:11,10:32:47,156.5,2026-08-11_03
120,2,Sludge handling,Filling containers,10:32:44,10:33:04,20,2026-08-11_03
121,13,Sludge handling,Filling containers,10:32:47,10:33:08,20.2,2026-08-11_03
122,2,Rest,,10:33:04,10:37:28,263.7,2026-08-11_03
123,13,Extraction,Pulling out trash,10:33:08,10:34:28,80,2026-08-11_03
124,14,Rest,,10:33:15,10:35:32,136.6,2026-08-11_03
125,13,Rest,,10:34:28,10:35:27,58.9,2026-08-11_03
126,1,Fluidizing,Mixing,10:34:32,10:35:23,51.3,2026-08-11_03
127,1,Extraction,Pulling out trash,10:35:23,10:36:04,40.9,2026-08-11_03
128,13,Extraction,Pulling out trash,10:35:27,10:36:52,85.5,2026-08-11_03
129,14,Communication,With other gulper(s),10:35:32,10:36:49,77,2026-08-11_03
130,1,Fluidizing,Mixing,10:36:04,10:40:38,273.5,2026-08-11_03
131,14,Rest,,10:36:49,10:37:17,28.4,2026-08-11_03
132,13,Rest,,10:36:52,10:37:46,53.5,2026-08-11_03
133,14,Fluidizing,Adding water,10:37:17,10:38:18,60.6,2026-08-11_03
134,2,Equipment,Maneuvering,10:37:28,10:38:01,33.1,2026-08-11_03
135,13,Fluidizing,Fetching water,10:37:46,10:37:51,5.7,2026-08-11_03
136,13,Rest,,10:37:51,10:38:07,15.8,2026-08-11_03
137,2,Rest,,10:38:01,10:39:49,107.7,2026-08-11_03
138,13,Equipment,Cleaning,10:38:07,10:38:49,42.3,2026-08-11_03
139,14,Equipment,Maneuvering,10:38:18,10:39:07,49.2,2026-08-11_03
140,13,Rest,,10:38:49,10:40:14,84.7,2026-08-11_03
141,14,Rest,,10:39:07,10:39:35,27.7,2026-08-11_03
142,14,Communication,With other gulper(s),10:39:35,10:40:18,43.6,2026-08-11_03
143,2,Equipment,Maneuvering,10:39:49,10:40:29,40.1,2026-08-11_03
144,13,Equipment,Maneuvering,10:40:14,10:40:32,18.1,2026-08-11_03
145,14,Rest,,10:40:18,10:40:24,5.5,2026-08-11_03
146,14,Extraction,Pulling out trash,10:40:24,10:41:15,51.3,2026-08-11_03
147,2,Fluidizing,Fetching water,10:40:29,10:41:49,80.7,2026-08-11_03
148,13,Rest,,10:40:32,10:41:53,81.2,2026-08-11_03
149,1,Extraction,Pulling out trash,10:40:38,10:41:29,51.6,2026-08-11_03
150,14,Equipment,Maneuvering,10:41:15,10:41:40,24.9,2026-08-11_03
151,1,Communication,With other gulper(s),10:41:29,10:42:02,32.9,2026-08-11_03
152,14,Communication,With other gulper(s),10:41:40,10:42:29,49.3,2026-08-11_03
153,2,Equipment,Maneuvering,10:41:49,10:42:40,50.8,2026-08-11_03
154,13,Equipment,Maneuvering,10:41:53,10:42:35,42.1,2026-08-11_03
155,1,Equipment,Maneuvering,10:42:02,10:46:47,284.7,2026-08-11_03
156,14,Equipment,Maneuvering,10:42:29,10:48:00,330.3,2026-08-11_03
157,13,Rest,,10:42:35,10:44:31,115.6,2026-08-11_03
158,2,Rest,,10:42:40,10:44:05,84.6,2026-08-11_03
159,2,Equipment,Maneuvering,10:44:05,10:44:41,36,2026-08-11_03
160,13,Equipment,Maneuvering,10:44:31,10:45:14,43,2026-08-11_03
161,2,Rest,,10:44:41,10:45:10,28.6,2026-08-11_03
162,2,Equipment,Maneuvering,10:45:10,10:45:19,9.7,2026-08-11_03
163,13,Rest,,10:45:14,10:46:59,104.8,2026-08-11_03
164,2,Communication,With other gulper(s),10:45:19,10:46:03,43.8,2026-08-11_03
165,2,Rest,,10:46:03,10:46:39,35.7,2026-08-11_03
166,2,Sludge handling,Filling containers,10:46:39,10:47:31,52.6,2026-08-11_03
167,1,Extraction,Removing sludge,10:46:47,10:48:20,92.8,2026-08-11_03
168,13,Extraction,Removing sludge,10:46:59,10:47:37,38.6,2026-08-11_03
169,2,Equipment,Maneuvering,10:47:31,10:49:47,135.6,2026-08-11_03
170,13,Rest,,10:47:37,10:48:10,32.4,2026-08-11_03
171,14,Extraction,Removing sludge,10:48:00,10:48:14,14.7,2026-08-11_03
172,13,Equipment,Maneuvering,10:48:10,10:49:51,101.1,2026-08-11_03
173,14,Rest,,10:48:14,10:49:21,67.1,2026-08-11_03
174,1,Rest,,10:48:20,10:49:17,57.7,2026-08-11_03
175,1,Equipment,Repairing,10:49:17,10:49:40,22.8,2026-08-11_03
176,14,Equipment,Repairing,10:49:21,10:50:21,59.5,2026-08-11_03
177,1,Extraction,Removing sludge,10:49:40,10:51:24,104.1,2026-08-11_03
178,2,Extraction,Removing sludge,10:49:47,10:50:09,21.4,2026-08-11_03
179,13,Rest,,10:49:51,10:50:46,54.7,2026-08-11_03
180,2,Sludge handling,Filling containers,10:50:09,10:51:50,101.5,2026-08-11_03
181,14,Extraction,Removing sludge,10:50:21,10:51:39,78.4,2026-08-11_03
182,13,Equipment,Maneuvering,10:50:46,10:51:07,21.1,2026-08-11_03
183,13,Equipment,Maneuvering,10:51:07,10:51:54,47.1,2026-08-11_03
184,1,Communication,With other gulper(s),10:51:24,10:52:35,70.7,2026-08-11_03
185,14,Equipment,Maneuvering,10:51:39,10:52:42,62.4,2026-08-11_03
186,2,Rest,,10:51:50,10:53:11,81.3,2026-08-11_03
187,13,Disposal,,10:51:54,10:51:54,0.3,2026-08-11_03
188,13,Rest,,10:51:57,10:53:44,107.5,2026-08-11_03
189,1,Extraction,Removing sludge,10:52:35,10:53:28,52.9,2026-08-11_03
190,14,Rest,,10:52:42,10:52:58,16.1,2026-08-11_03
191,14,Extraction,Removing sludge,10:52:58,10:53:57,58.9,2026-08-11_03
192,2,Equipment,Maneuvering,10:53:11,10:54:15,63.3,2026-08-11_03
193,1,Equipment,Maneuvering,10:53:28,10:57:46,258.4,2026-08-11_03
194,13,Extraction,Pulling out trash,10:53:44,10:54:06,21.6,2026-08-11_03
195,14,Extraction,Pulling out trash,10:53:57,10:54:58,61.5,2026-08-11_03
196,13,Extraction,Removing sludge,10:54:06,10:54:36,30.3,2026-08-11_03
197,2,Equipment,Maneuvering,10:54:15,11:04:57,642.1,2026-08-11_03
198,13,Rest,,10:54:36,10:57:36,180.3,2026-08-11_03
199,14,Equipment,Maneuvering,10:54:58,11:03:27,508.8,2026-08-11_03
200,13,Equipment,Maneuvering,10:57:36,10:57:55,18.7,2026-08-11_03
201,1,Rest,,10:57:46,10:59:28,102.3,2026-08-11_03
202,13,Rest,,10:57:55,10:59:47,111.7,2026-08-11_03
203,1,Equipment,Maneuvering,10:59:28,11:03:22,233.5,2026-08-11_03
204,13,Equipment,Maneuvering,10:59:47,11:01:06,79.3,2026-08-11_03
205,13,Rest,,11:01:06,11:02:43,96.3,2026-08-11_03
206,13,Equipment,Maneuvering,11:02:43,11:03:16,33.2,2026-08-11_03
207,13,Rest,,11:03:16,11:07:13,236.9,2026-08-11_03
208,1,Extraction,Removing sludge,11:03:22,11:04:07,45.4,2026-08-11_03
209,14,Extraction,Removing sludge,11:03:27,11:06:15,168.5,2026-08-11_03
210,1,Rest,,11:04:07,11:05:38,90.8,2026-08-11_03
211,2,Rest,,11:04:57,11:05:45,47.8,2026-08-11_03
212,1,Equipment,Maneuvering,11:05:38,11:06:20,41.7,2026-08-11_03
213,2,Equipment,Maneuvering,11:05:45,11:06:38,53.8,2026-08-11_03
214,14,Sludge handling,Container transport,11:06:15,11:08:32,136.8,2026-08-11_03
215,1,Sludge handling,Filling containers,11:06:20,11:06:25,5.1,2026-08-11_03
216,1,Sludge handling,Filling containers,11:06:25,11:07:36,71.3,2026-08-11_03
217,2,Sludge handling,Container transport,11:06:38,11:07:31,52.1,2026-08-11_03
218,13,Equipment,Maneuvering,11:07:13,11:09:31,138.7,2026-08-11_03
219,2,Sludge handling,Filling containers,11:07:31,11:07:55,24.3,2026-08-11_03
220,1,Equipment,Maneuvering,11:07:36,11:08:35,58.3,2026-08-11_03
221,2,Sludge handling,Filling containers,11:07:55,11:08:53,58.1,2026-08-11_03
222,14,Rest,,11:08:32,11:09:12,39.7,2026-08-11_03
223,1,Rest,,11:08:35,11:09:03,28,2026-08-11_03
224,2,Rest,,11:08:53,11:09:26,33.2,2026-08-11_03
225,1,Superstructure,Inspection,11:09:03,11:09:42,39,2026-08-11_03
226,14,Superstructure,Inspection,11:09:12,11:09:37,25.1,2026-08-11_03
227,2,Equipment,Cleaning,11:09:26,11:11:25,118.4,2026-08-11_03
228,13,Rest,,11:09:31,11:12:10,158.6,2026-08-11_03
229,14,Communication,With other gulper(s),11:09:37,11:10:48,70.7,2026-08-11_03
230,1,Rest,,11:09:42,11:10:11,29.1,2026-08-11_03
231,1,Extraction,Removing sludge,11:10:11,11:10:42,31.8,2026-08-11_03
232,1,Equipment,Maneuvering,11:10:42,11:11:46,63.2,2026-08-11_03
233,14,Equipment,Maneuvering,11:10:48,11:12:24,96.1,2026-08-11_03
234,2,Rest,,11:11:25,11:12:51,86.1,2026-08-11_03
235,1,Equipment,Maneuvering,11:11:46,11:12:36,50,2026-08-11_03
236,13,Equipment,Maneuvering,11:12:10,11:12:32,22,2026-08-11_03
237,14,Rest,,11:12:24,11:13:01,37.4,2026-08-11_03
238,13,Equipment,Cleaning,11:12:32,11:16:09,216.7,2026-08-11_03
239,1,Rest,,11:12:36,11:15:46,190.4,2026-08-11_03
240,2,Equipment,Maneuvering,11:12:51,11:13:46,55.8,2026-08-11_03
241,14,Fluidizing,Mixing,11:13:01,11:15:42,160.6,2026-08-11_03
242,2,Rest,,11:13:46,11:14:30,43.7,2026-08-11_03
243,2,Equipment,Cleaning,11:14:30,11:17:37,186.5,2026-08-11_03
244,14,Rest,,11:15:42,11:15:55,12.9,2026-08-11_03
245,1,Equipment,Maneuvering,11:15:46,11:16:50,63.9,2026-08-11_03
246,14,Fluidizing,Mixing,11:15:55,11:18:11,136.3,2026-08-11_03
247,13,Rest,,11:16:09,11:16:16,7.2,2026-08-11_03
248,13,Fluidizing,Fetching water,11:16:16,11:18:23,127.7,2026-08-11_03
249,1,Extraction,Pulling out trash,11:16:50,11:17:54,63.6,2026-08-11_03
250,2,Equipment,Maneuvering,11:17:37,11:18:48,71,2026-08-11_03
251,1,Rest,,11:17:54,11:18:14,20.6,2026-08-11_03
252,14,Extraction,Pulling out trash,11:18:11,11:19:12,61,2026-08-11_03
253,1,Extraction,Pulling out trash,11:18:14,11:19:06,51.5,2026-08-11_03
254,13,Equipment,Maneuvering,11:18:23,11:19:35,72,2026-08-11_03
255,2,Equipment,Cleaning,11:18:48,11:20:12,84.2,2026-08-11_03
256,1,Rest,,11:19:06,11:20:27,81.1,2026-08-11_03
257,14,Fluidizing,Mixing,11:19:12,11:20:23,71.1,2026-08-11_03
258,13,Fluidizing,Fetching water,11:19:35,11:20:19,43.7,2026-08-11_03
259,2,Equipment,Cleaning,11:20:12,11:20:15,2.8,2026-08-11_03
260,2,Equipment,Maneuvering,11:20:15,11:21:53,98.8,2026-08-11_03
261,13,Rest,,11:20:19,11:22:16,117.1,2026-08-11_03
262,14,Communication,With other gulper(s),11:20:23,11:20:39,16.1,2026-08-11_03
263,14,Fluidizing,Mixing,11:20:39,11:21:46,67.1,2026-08-11_03
264,1,Communication,With other gulper(s),11:20:40,11:20:46,6.1,2026-08-11_03
265,1,Rest,,11:20:46,11:21:40,53.8,2026-08-11_03
266,1,Communication,With other gulper(s),11:21:40,11:22:27,47,2026-08-11_03
267,14,Equipment,Cleaning,11:21:46,11:22:54,67.6,2026-08-11_03
268,2,Equipment,Maneuvering,11:21:53,11:23:15,82,2026-08-11_03
269,13,Fluidizing,Fetching water,11:22:16,11:29:15,419.2,2026-08-11_03
270,1,Fluidizing,Adding water,11:22:27,11:22:41,14,2026-08-11_03
271,1,Equipment,Cleaning,11:22:41,11:23:31,50.1,2026-08-11_03
272,14,Equipment,Cleaning,11:22:54,11:23:10,16.7,2026-08-11_03
273,14,Rest,,11:23:10,11:24:07,56.3,2026-08-11_03
274,2,Equipment,Cleaning,11:23:15,11:26:00,164,2026-08-11_03
275,1,Earthworks,Dig trench,11:23:31,11:25:44,133,2026-08-11_03
276,14,Equipment,Cleaning,11:24:07,11:34:44,636.8,2026-08-11_03
277,1,Disposal,,11:25:44,11:26:19,34.9,2026-08-11_03
278,2,Rest,,11:26:00,11:28:30,150.2,2026-08-11_03
279,1,Earthworks,Fill trench,11:26:19,11:26:52,33.6,2026-08-11_03
280,1,Rest,,11:26:52,11:28:48,115.7,2026-08-11_03
281,2,Equipment,Cleaning,11:28:30,11:29:50,80.6,2026-08-11_03
282,1,Rest,,11:28:48,11:33:38,290.4,2026-08-11_03
283,13,Equipment,Cleaning,11:29:15,11:33:48,272.6,2026-08-11_03
284,2,Fluidizing,Fetching water,11:29:50,11:32:02,131.9,2026-08-11_03
285,2,Equipment,Cleaning,11:32:02,11:34:01,119.4,2026-08-11_03
286,1,Equipment,Maneuvering,11:33:38,11:36:34,175.1,2026-08-11_03
287,13,Fluidizing,Fetching water,11:33:48,11:34:25,36.7,2026-08-11_03
288,2,Equipment,Maneuvering,11:34:01,11:35:59,117.4,2026-08-11_03
289,13,Equipment,Cleaning,11:34:25,11:36:12,107.4,2026-08-11_03
290,14,Equipment,Maneuvering,11:34:44,11:36:29,105.1,2026-08-11_03
291,2,Extraction,Removing sludge,11:35:59,11:37:12,73.6,2026-08-11_03
292,13,Rest,,11:36:12,11:37:10,57.6,2026-08-11_03
293,14,Extraction,Removing sludge,11:36:29,11:37:03,34.4,2026-08-11_03
294,1,Extraction,Removing sludge,11:36:34,11:37:01,27.2,2026-08-11_03
295,1,Equipment,Maneuvering,11:37:01,11:42:20,319.4,2026-08-11_03
296,14,Equipment,Maneuvering,11:37:03,11:42:29,325.5,2026-08-11_03
297,13,Equipment,Maneuvering,11:37:10,11:41:38,268.6,2026-08-11_03
298,2,Rest,,11:37:12,11:37:21,8.2,2026-08-11_03
299,2,Sludge handling,Filling containers,11:37:21,11:38:54,93,2026-08-11_03
300,2,Rest,,11:38:54,11:42:38,223.9,2026-08-11_03
301,13,Rest,,11:41:38,11:43:53,134.1,2026-08-11_03
302,1,Extraction,Removing sludge,11:42:20,11:44:01,101,2026-08-11_03
303,14,Extraction,Removing sludge,11:42:29,11:44:05,96.8,2026-08-11_03
304,2,Extraction,Removing sludge,11:42:38,11:42:44,6.5,2026-08-11_03
305,2,Sludge handling,Filling containers,11:42:44,11:44:13,89.1,2026-08-11_03
306,13,Equipment,Maneuvering,11:43:53,11:56:40,767.2,2026-08-11_03
307,1,Equipment,Maneuvering,11:44:01,11:46:03,122.3,2026-08-11_03
308,14,Equipment,Maneuvering,11:44:05,11:44:52,46.2,2026-08-11_03
309,2,Rest,,11:44:13,11:46:34,140.9,2026-08-11_03
310,14,Extraction,Pulling out trash,11:44:52,11:46:19,87.3,2026-08-11_03
311,1,Fluidizing,Fetching water,11:46:03,11:49:19,195.2,2026-08-11_03
312,14,Equipment,Maneuvering,11:46:19,12:00:28,849.6,2026-08-11_03
313,2,Superstructure,Cleaning,11:46:34,11:46:55,21.2,2026-08-11_03
314,2,Rest,,11:46:55,11:49:25,149.2,2026-08-11_03
315,1,Fluidizing,Mixing,11:49:19,11:57:58,519.7,2026-08-11_03
316,2,Equipment,Maneuvering,11:49:25,11:58:03,518,2026-08-11_03
317,13,Earthworks,Dig trench,11:56:40,12:01:33,293.4,2026-08-11_03
318,1,Extraction,Pulling out trash,11:57:58,12:00:20,141.7,2026-08-11_03
319,2,Extraction,Pulling out trash,11:58:03,11:59:17,74.7,2026-08-11_03
320,2,Disposal,,11:59:17,12:02:31,193.9,2026-08-11_03
321,1,Extraction,Removing sludge,12:00:20,12:02:49,149.2,2026-08-11_03
322,14,Extraction,Removing sludge,12:00:28,12:02:11,102.4,2026-08-11_03
323,13,Fluidizing,Fetching water,12:01:33,12:01:47,13.8,2026-08-11_03
324,13,Equipment,Cleaning,12:01:47,12:04:49,181.8,2026-08-11_03
325,14,Rest,,12:02:11,12:02:46,35,2026-08-11_03
326,2,Sludge handling,Container transport,12:02:31,12:04:57,146.1,2026-08-11_03
327,14,Sludge handling,Container transport,12:02:46,12:06:35,229.2,2026-08-11_03
328,1,Rest,,12:02:49,12:06:18,208.7,2026-08-11_03
329,13,Fluidizing,Fetching water,12:04:49,12:05:22,33.2,2026-08-11_03
330,2,Earthworks,Fill trench,12:04:57,12:05:33,35.7,2026-08-11_03
331,13,Equipment,Cleaning,12:05:22,12:06:23,61.1,2026-08-11_03
332,2,Equipment,Maneuvering,12:05:33,12:06:40,67.3,2026-08-11_03
333,1,Extraction,Removing sludge,12:06:18,12:08:41,142.7,2026-08-11_03
334,13,Rest,,12:06:23,12:08:18,114.8,2026-08-11_03
335,14,Extraction,Removing sludge,12:06:35,12:07:36,61.1,2026-08-11_03
336,2,Rest,,12:06:40,12:08:30,110.1,2026-08-11_03
337,14,Equipment,Maneuvering,12:07:36,12:12:10,274.3,2026-08-11_03
338,13,Equipment,Maneuvering,12:08:18,12:15:45,447.3,2026-08-11_03
339,2,Sludge handling,Container transport,12:08:30,12:10:38,127.5,2026-08-11_03
340,1,Fluidizing,Fetching water,12:08:41,12:10:28,106.9,2026-08-11_03
341,1,Superstructure,Modification,12:10:28,12:13:09,160.9,2026-08-11_03
342,2,Travel,On errand,12:10:38,12:11:45,67.6,2026-08-11_03
343,2,Equipment,Maneuvering,12:11:45,12:13:00,74.5,2026-08-11_03
344,14,Rest,,12:12:10,12:12:20,9.2,2026-08-11_03
345,14,Sludge handling,Container transport,12:12:20,12:14:40,140.1,2026-08-11_03
346,2,Sludge handling,Container transport,12:13:00,12:14:46,106.4,2026-08-11_03
347,1,Superstructure,Cleaning,12:13:09,12:22:58,589.9,2026-08-11_03
348,14,Rest,,12:14:40,12:15:34,53.8,2026-08-11_03
349,2,Rest,,12:14:46,12:15:58,71.3,2026-08-11_03
350,14,Superstructure,Modification,12:15:34,12:25:28,594.9,2026-08-11_03
351,13,Rest,,12:15:45,12:17:54,129.2,2026-08-11_03
352,2,Fluidizing,Fetching water,12:15:58,12:19:39,221.5,2026-08-11_03
353,13,Equipment,Maneuvering,12:17:54,12:20:31,156.5,2026-08-11_03
354,2,Equipment,Cleaning,12:19:39,12:24:18,279.3,2026-08-11_03
355,13,Equipment,Cleaning,12:20:31,12:26:45,374.5,2026-08-11_03
356,1,Rest,,12:22:58,12:34:05,666.9,2026-08-11_03
357,2,Equipment,Maneuvering,12:24:18,12:27:05,166.3,2026-08-11_03
358,14,Equipment,Cleaning,12:25:28,12:28:27,178.5,2026-08-11_03
359,13,Equipment,Maneuvering,12:26:45,12:28:32,107.1,2026-08-11_03
360,2,Equipment,Cleaning,12:27:05,12:28:21,76.1,2026-08-11_03
361,2,Rest,,12:28:21,12:34:23,362.1,2026-08-11_03
362,14,Equipment,Maneuvering,12:28:27,12:29:29,61.9,2026-08-11_03
363,13,Rest,,12:28:32,12:34:19,346.1,2026-08-11_03
364,14,Rest,,12:29:29,12:34:02,272.7,2026-08-11_03
365,14,Sludge handling,Container transport,12:34:02,12:37:46,224.2,2026-08-11_03
366,1,Sludge handling,Container transport,12:34:05,12:38:12,246.7,2026-08-11_03
367,13,Rest,,12:34:19,12:35:30,71.4,2026-08-11_03
368,2,Sludge handling,Container transport,12:34:23,12:38:04,221.4,2026-08-11_03
369,13,Sludge handling,Container transport,12:35:30,12:38:28,177.8,2026-08-11_03
370,14,Rest,,12:37:46,12:38:35,49.3,2026-08-11_03
371,2,Equipment,Maneuvering,12:38:04,12:39:45,100.8,2026-08-11_03
372,1,Equipment,Maneuvering,12:38:12,12:38:39,27.2,2026-08-11_03
373,13,Equipment,Maneuvering,12:38:28,12:39:51,83.2,2026-08-11_03
374,14,Equipment,Maneuvering,12:38:35,12:39:40,65.2,2026-08-11_03
375,1,Rest,,12:38:39,12:39:34,55,2026-08-11_03
376,1,Travel,Travel to disposal site,12:39:34,13:12:59,2004.7,2026-08-11_03
377,14,Travel,Travel to disposal site,12:39:40,13:12:56,1995.9,2026-08-11_03
378,2,Travel,Travel to disposal site,12:39:45,13:12:53,1987.9,2026-08-11_03
379,13,Travel,Travel to disposal site,12:39:51,13:12:50,1978.8,2026-08-11_03
380,13,Rest,,13:12:50,13:16:05,195.2,2026-08-11_03
381,2,Rest,,13:12:53,13:14:54,121,2026-08-11_03
382,14,Rest,,13:12:56,13:14:18,82.1,2026-08-11_03
383,1,Rest,,13:12:59,13:14:48,109.4,2026-08-11_03
384,14,Equipment,Maneuvering,13:14:18,13:17:12,173.2,2026-08-11_03
385,1,Disposal,,13:14:48,13:19:18,269.3,2026-08-11_03
386,2,Disposal,,13:14:54,13:19:12,257.5,2026-08-11_03
387,13,Equipment,Maneuvering,13:16:05,13:17:16,70.8,2026-08-11_03
388,14,Disposal,,13:17:12,13:23:41,389.5,2026-08-11_03
389,13,Rest,,13:17:16,13:24:42,446.5,2026-08-11_03
390,2,Rest,,13:19:12,13:24:24,312.3,2026-08-11_03
391,1,Communication,With other gulper(s),13:19:18,13:21:19,120.9,2026-08-11_03
392,1,Disposal,,13:21:19,13:24:18,179.8,2026-08-11_03
393,14,Rest,,13:23:41,13:29:49,368.3,2026-08-11_03
394,1,Equipment,Cleaning,13:24:18,13:32:35,496.3,2026-08-11_03
395,13,Equipment,Cleaning,13:24:42,13:25:35,52.9,2026-08-11_03
396,13,Disposal,,13:25:35,13:27:55,140.1,2026-08-11_03
397,13,Equipment,Cleaning,13:27:55,13:31:21,206.1,2026-08-11_03
398,2,Equipment,Cleaning,13:28:42,13:44:20,937.4,2026-08-11_03
399,13,Rest,,13:31:21,13:36:05,283.4,2026-08-11_03
400,1,Rest,,13:32:35,13:35:55,200,2026-08-11_03
401,14,Equipment,Cleaning,13:33:32,13:44:20,647.9,2026-08-11_03
402,1,Communication,With other gulper(s),13:35:55,13:39:04,189.1,2026-08-11_03
403,13,Equipment,Cleaning,13:40:29,13:44:20,230.7,2026-08-11_03
404,1,Rest,,13:43:36,13:44:20,43.7,2026-08-11_03
1,8,Communication,With other gulper(s),09:23:08,09:24:18,70.8,2026-08-20_02
2,17,Communication,With other gulper(s),09:23:16,09:24:26,70.8,2026-08-20_02
3,7,Superstructure,Inspection,09:23:33,09:24:23,50.2,2026-08-20_02
4,6,Equipment,Maneuvering,09:23:38,09:25:42,123.6,2026-08-20_02
5,8,Equipment,Maneuvering,09:24:18,09:24:44,25.4,2026-08-20_02
6,7,Rest,,09:24:23,09:32:12,468.1,2026-08-20_02
7,17,Rest,,09:24:26,09:25:58,91.4,2026-08-20_02
8,8,Fluidizing,Mixing,09:24:44,09:25:51,67.6,2026-08-20_02
9,6,Superstructure,Modification,09:25:42,09:27:42,120.9,2026-08-20_02
10,8,Rest,,09:25:51,09:27:29,98,2026-08-20_02
11,17,Communication,With other gulper(s),09:25:58,09:27:34,95.9,2026-08-20_02
12,8,Equipment,Maneuvering,09:27:29,09:28:18,48.2,2026-08-20_02
13,17,Rest,,09:27:34,09:30:42,188.2,2026-08-20_02
14,6,Equipment,Maneuvering,09:27:42,09:28:15,32,2026-08-20_02
15,6,Fluidizing,Mixing,09:28:15,09:30:55,160.5,2026-08-20_02
16,8,Rest,,09:28:18,09:28:55,37.8,2026-08-20_02
17,8,Superstructure,Modification,09:28:55,09:33:33,277.1,2026-08-20_02
18,17,Rest,,09:30:42,09:30:48,6.1,2026-08-20_02
19,17,Travel,On errand,09:30:48,09:32:15,87.1,2026-08-20_02
20,6,Rest,,09:30:55,09:32:56,121.3,2026-08-20_02
21,7,Equipment,Maneuvering,09:32:12,09:33:49,96.9,2026-08-20_02
22,17,Equipment,Maneuvering,09:32:15,09:33:44,88.9,2026-08-20_02
23,6,Equipment,Maneuvering,09:32:56,09:34:58,121.3,2026-08-20_02
24,8,Communication,With other gulper(s),09:33:33,09:34:49,76.2,2026-08-20_02
25,17,Fluidizing,Fetching water,09:33:44,09:43:44,599.6,2026-08-20_02
26,7,Fluidizing,Fetching water,09:33:49,09:43:46,597.2,2026-08-20_02
27,8,Superstructure,Inspection,09:34:49,09:37:49,180.3,2026-08-20_02
28,6,Superstructure,Inspection,09:34:58,09:35:18,20.5,2026-08-20_02
29,6,Superstructure,Modification,09:35:18,09:38:45,206.9,2026-08-20_02
30,8,Superstructure,Modification,09:37:49,09:43:51,361.8,2026-08-20_02
31,6,Rest,,09:38:45,09:39:34,48.9,2026-08-20_02
32,6,Superstructure,Modification,09:39:34,09:42:37,182.6,2026-08-20_02
33,6,Rest,,09:42:37,09:43:56,79,2026-08-20_02
34,17,Rest,,09:43:44,10:07:36,1432.4,2026-08-20_02
35,7,Rest,,09:43:46,09:51:28,462.4,2026-08-20_02
36,8,Rest,,09:43:51,10:04:02,1211,2026-08-20_02
37,6,Superstructure,Modification,09:43:56,09:47:28,212.5,2026-08-20_02
38,6,Fluidizing,Mixing,09:47:28,09:51:34,246.2,2026-08-20_02
39,7,Extraction,Pulling out trash,09:51:28,09:53:51,142.8,2026-08-20_02
40,6,Extraction,Pulling out trash,09:51:34,09:53:53,139.3,2026-08-20_02
41,7,Rest,,09:53:51,09:55:04,72.8,2026-08-20_02
42,6,Fluidizing,Mixing,09:53:53,09:55:08,74.9,2026-08-20_02
43,7,Extraction,Pulling out trash,09:55:04,09:55:51,47.3,2026-08-20_02
44,6,Extraction,Pulling out trash,09:55:08,09:55:54,45.2,2026-08-20_02
45,7,Rest,,09:55:51,10:07:41,710.2,2026-08-20_02
46,6,Fluidizing,Mixing,09:55:54,09:57:32,98.4,2026-08-20_02
47,6,Extraction,Pulling out trash,09:57:32,10:05:32,479.6,2026-08-20_02
48,8,Equipment,Maneuvering,10:04:02,10:06:07,124.8,2026-08-20_02
49,6,Fluidizing,Adding water,10:05:32,10:06:01,29.9,2026-08-20_02
50,6,Equipment,Maneuvering,10:06:01,10:07:51,109.1,2026-08-20_02
51,8,Fluidizing,Adding water,10:06:07,10:07:44,97.5,2026-08-20_02
52,17,Fluidizing,Mixing,10:07:36,10:09:45,128.7,2026-08-20_02
53,7,Equipment,Maneuvering,10:07:41,10:11:36,234.4,2026-08-20_02
54,8,Rest,,10:07:44,10:13:27,342.8,2026-08-20_02
55,6,Travel,On errand,10:07:51,10:11:52,241,2026-08-20_02
56,17,Fluidizing,Adding water,10:09:45,10:10:15,30.2,2026-08-20_02
57,17,Fluidizing,Mixing,10:10:15,10:11:28,73.1,2026-08-20_02
58,17,Rest,,10:11:28,10:12:33,65.2,2026-08-20_02
59,7,Fluidizing,Fetching water,10:11:36,10:13:50,134.4,2026-08-20_02
60,6,Fluidizing,Fetching water,10:11:52,10:14:47,175.5,2026-08-20_02
61,17,Equipment,Maneuvering,10:12:33,10:14:43,130.2,2026-08-20_02
62,8,Fluidizing,Mixing,10:13:27,10:13:59,32.4,2026-08-20_02
63,7,Fluidizing,Adding water,10:13:50,10:13:56,5.8,2026-08-20_02
64,7,Rest,,10:13:56,10:16:28,152.2,2026-08-20_02
65,8,Extraction,Pulling out trash,10:13:59,10:14:38,38.6,2026-08-20_02
66,8,Fluidizing,Mixing,10:14:38,10:16:40,122.1,2026-08-20_02
67,17,Rest,,10:14:43,10:17:35,171.4,2026-08-20_02
68,6,Equipment,Cleaning,10:14:47,10:15:30,43.2,2026-08-20_02
69,6,Rest,,10:15:30,10:16:26,55.4,2026-08-20_02
70,6,Equipment,Maneuvering,10:16:26,10:16:43,17.3,2026-08-20_02
71,7,Equipment,Maneuvering,10:16:28,10:18:29,120.7,2026-08-20_02
72,8,Equipment,Cleaning,10:16:40,10:18:13,92.5,2026-08-20_02
73,6,Rest,,10:16:43,10:19:25,161.9,2026-08-20_02
74,17,Equipment,Maneuvering,10:17:35,10:18:26,51.3,2026-08-20_02
75,8,Equipment,Maneuvering,10:18:13,10:18:58,45.5,2026-08-20_02
76,17,Rest,,10:18:26,10:20:08,101.6,2026-08-20_02
77,7,Rest,,10:18:29,10:19:47,78.5,2026-08-20_02
78,8,Extraction,Removing sludge,10:18:58,10:20:34,95.8,2026-08-20_02
79,6,Extraction,Removing sludge,10:19:25,10:19:43,18.6,2026-08-20_02
80,6,Sludge handling,Filling containers,10:19:43,10:22:00,136.4,2026-08-20_02
81,7,Sludge handling,Filling containers,10:19:47,10:20:22,35.1,2026-08-20_02
82,17,Equipment,Maneuvering,10:20:08,10:21:23,75,2026-08-20_02
83,7,Equipment,Maneuvering,10:20:22,10:24:00,217.3,2026-08-20_02
84,8,Rest,,10:20:34,10:22:04,90.5,2026-08-20_02
85,17,Fluidizing,Fetching water,10:21:23,10:27:37,374.8,2026-08-20_02
86,6,Equipment,Maneuvering,10:22:00,10:26:55,294.8,2026-08-20_02
87,8,Equipment,Maneuvering,10:22:04,10:27:56,351.3,2026-08-20_02
88,7,Rest,,10:24:00,10:26:38,158.3,2026-08-20_02
89,7,Fluidizing,Fetching water,10:26:38,10:27:40,62.3,2026-08-20_02
90,6,Sludge handling,Filling containers,10:26:55,10:27:47,52.5,2026-08-20_02
91,17,Rest,,10:27:37,10:28:02,24.6,2026-08-20_02
92,7,Rest,,10:27:40,10:28:07,27.3,2026-08-20_02
93,6,Rest,,10:27:47,10:31:04,197,2026-08-20_02
94,8,Fluidizing,Mixing,10:27:56,10:38:37,641.4,2026-08-20_02
95,17,Fluidizing,Fetching water,10:28:02,10:36:22,500,2026-08-20_02
96,7,Fluidizing,Fetching water,10:28:07,10:36:28,500.6,2026-08-20_02
97,6,Extraction,Pulling out trash,10:31:04,10:33:09,125,2026-08-20_02
98,6,Fluidizing,Adding water,10:33:09,10:33:20,11.4,2026-08-20_02
99,6,Equipment,Maneuvering,10:33:20,10:37:10,229.1,2026-08-20_02
100,17,Rest,,10:36:22,10:41:53,331.3,2026-08-20_02
101,7,Equipment,Maneuvering,10:36:28,10:38:30,121.9,2026-08-20_02
102,6,Fluidizing,Adding water,10:37:10,10:37:16,6.9,2026-08-20_02
103,6,Rest,,10:37:16,10:38:26,69.2,2026-08-20_02
104,6,Equipment,Cleaning,10:38:26,10:42:18,232.7,2026-08-20_02
105,7,Rest,,10:38:30,10:42:31,241.1,2026-08-20_02
106,8,Extraction,Pulling out trash,10:38:37,10:41:27,170.2,2026-08-20_02
107,8,Extraction,Removing sludge,10:41:27,10:45:54,266.6,2026-08-20_02
108,17,Sludge handling,Filling containers,10:41:53,10:42:46,52.7,2026-08-20_02
109,6,Sludge handling,Filling containers,10:42:18,10:42:24,5.7,2026-08-20_02
110,6,Extraction,Removing sludge,10:42:24,10:46:01,216.9,2026-08-20_02
111,7,Fluidizing,Adding water,10:42:31,10:43:12,40.5,2026-08-20_02
112,17,Equipment,Maneuvering,10:42:46,10:46:09,202.8,2026-08-20_02
113,7,Sludge handling,Filling containers,10:43:12,10:46:04,172.8,2026-08-20_02
114,8,Equipment,Maneuvering,10:45:54,10:53:14,440.3,2026-08-20_02
115,6,Equipment,Maneuvering,10:46:01,10:53:19,438.3,2026-08-20_02
116,7,Rest,,10:46:04,10:47:11,66.8,2026-08-20_02
117,17,Fluidizing,Fetching water,10:46:09,10:53:32,443.2,2026-08-20_02
118,7,Equipment,Maneuvering,10:47:11,10:49:59,168.1,2026-08-20_02
119,7,Rest,,10:49:59,10:51:19,79.8,2026-08-20_02
120,7,Fluidizing,Fetching water,10:51:19,10:53:28,128.6,2026-08-20_02
121,8,Extraction,Removing sludge,10:53:14,10:54:56,101.6,2026-08-20_02
122,6,Extraction,Removing sludge,10:53:19,10:54:46,86.6,2026-08-20_02
123,7,Equipment,Maneuvering,10:53:28,10:55:51,143.7,2026-08-20_02
124,17,Equipment,Maneuvering,10:53:32,11:04:31,659.3,2026-08-20_02
125,6,Rest,,10:54:46,10:57:44,178,2026-08-20_02
126,8,Sludge handling,Filling containers,10:54:56,10:55:05,9.6,2026-08-20_02
127,8,Extraction,Removing sludge,10:55:05,10:55:46,40.2,2026-08-20_02
128,8,Sludge handling,Filling containers,10:55:46,10:56:21,35.2,2026-08-20_02
129,7,Sludge handling,Filling containers,10:55:51,10:56:28,36.4,2026-08-20_02
130,8,Sludge handling,Filling containers,10:56:21,10:57:48,86.9,2026-08-20_02
131,7,Equipment,Maneuvering,10:56:28,10:58:32,124.3,2026-08-20_02
132,6,Equipment,Maneuvering,10:57:44,11:03:53,368.7,2026-08-20_02
133,8,Equipment,Maneuvering,10:57:48,11:03:31,343.5,2026-08-20_02
134,7,Rest,,10:58:32,10:59:44,72.3,2026-08-20_02
135,7,Equipment,Maneuvering,10:59:44,11:03:43,239,2026-08-20_02
136,8,Sludge handling,Filling containers,11:03:31,11:03:57,25.8,2026-08-20_02
137,7,Fluidizing,Fetching water,11:03:43,11:07:33,229.5,2026-08-20_02
138,6,Extraction,Removing sludge,11:03:53,11:07:31,218,2026-08-20_02
139,8,Extraction,Removing sludge,11:03:57,11:07:55,237.8,2026-08-20_02
140,17,Fluidizing,Fetching water,11:04:31,11:05:20,48.7,2026-08-20_02
141,17,Travel,On errand,11:05:20,11:13:59,519.3,2026-08-20_02
142,6,Equipment,Cleaning,11:07:31,11:08:33,62.8,2026-08-20_02
143,7,Rest,,11:07:33,11:08:37,63.6,2026-08-20_02
144,8,Equipment,Maneuvering,11:07:55,11:09:31,96.4,2026-08-20_02
145,6,Equipment,Maneuvering,11:08:33,11:09:36,62.7,2026-08-20_02
146,7,Equipment,Maneuvering,11:08:37,11:15:22,405.2,2026-08-20_02
147,8,Superstructure,Modification,11:09:31,11:15:44,372.4,2026-08-20_02
148,6,Rest,,11:09:36,11:15:00,323.7,2026-08-20_02
149,17,Rest,,11:13:59,11:14:10,10.7,2026-08-20_02
150,17,Equipment,Maneuvering,11:14:10,11:15:52,101.5,2026-08-20_02
151,6,Superstructure,Modification,11:15:00,11:15:40,40.7,2026-08-20_02
152,7,Equipment,Cleaning,11:15:22,11:17:58,155.9,2026-08-20_02
153,6,Rest,,11:15:40,11:18:43,182.3,2026-08-20_02
154,8,Superstructure,Modification,11:15:44,11:21:50,366.5,2026-08-20_02
155,17,Equipment,Cleaning,11:15:52,11:17:56,124,2026-08-20_02
156,17,Rest,,11:17:56,11:22:58,302.8,2026-08-20_02
157,7,Rest,,11:17:58,11:38:01,1203,2026-08-20_02
158,6,Equipment,Maneuvering,11:18:43,11:20:27,104.1,2026-08-20_02
159,6,Rest,,11:20:27,11:24:33,245.8,2026-08-20_02
160,8,Equipment,Maneuvering,11:21:50,11:22:50,60.4,2026-08-20_02
161,8,Rest,,11:22:50,11:26:28,217.2,2026-08-20_02
162,17,Travel,On errand,11:22:58,11:23:44,45.4,2026-08-20_02
163,17,Rest,,11:23:44,11:35:24,700,2026-08-20_02
164,6,Equipment,Maneuvering,11:24:33,11:26:31,118.6,2026-08-20_02
165,8,Superstructure,Modification,11:26:28,11:30:04,216.7,2026-08-20_02
166,6,Rest,,11:26:31,11:34:12,460.7,2026-08-20_02
167,8,Extraction,Removing sludge,11:30:04,11:40:40,635.2,2026-08-20_02
168,6,Rest,,11:34:12,11:34:50,37.8,2026-08-20_02
169,6,Fluidizing,Mixing,11:34:50,11:34:55,4.9,2026-08-20_02
170,6,Equipment,Cleaning,11:34:55,11:35:28,33.2,2026-08-20_02
171,17,Equipment,Maneuvering,11:35:24,11:36:04,40.4,2026-08-20_02
172,6,Rest,,11:35:28,11:35:43,15,2026-08-20_02
173,6,Equipment,Maneuvering,11:35:43,11:36:02,19.4,2026-08-20_02
174,6,Rest,,11:36:02,11:38:46,163.8,2026-08-20_02
175,17,Rest,,11:36:04,11:38:04,119.7,2026-08-20_02
176,7,Equipment,Maneuvering,11:38:01,11:38:13,12.9,2026-08-20_02
177,17,Equipment,Maneuvering,11:38:04,11:38:19,14.8,2026-08-20_02
178,7,Sludge handling,Container transport,11:38:13,11:41:34,200.3,2026-08-20_02
179,17,Sludge handling,Container transport,11:38:19,11:38:56,37.5,2026-08-20_02
180,6,Equipment,Maneuvering,11:38:46,11:40:07,81.3,2026-08-20_02
181,17,Equipment,Maneuvering,11:38:56,11:39:57,61,2026-08-20_02
182,17,Sludge handling,Container transport,11:39:57,11:41:32,94.4,2026-08-20_02
183,6,Rest,,11:40:07,11:40:32,24.3,2026-08-20_02
184,6,Sludge handling,Filling containers,11:40:32,11:40:35,2.9,2026-08-20_02
185,6,Sludge handling,Container transport,11:40:35,11:41:27,52.9,2026-08-20_02
186,8,Rest,,11:40:40,11:43:01,141.7,2026-08-20_02
187,6,Equipment,Cleaning,11:41:27,11:42:30,62.4,2026-08-20_02
188,17,Rest,,11:41:32,11:47:28,356.5,2026-08-20_02
189,7,Rest,,11:41:34,11:50:25,531.6,2026-08-20_02
190,6,Extraction,Removing sludge,11:42:30,11:47:54,323.7,2026-08-20_02
191,8,Extraction,Removing sludge,11:43:01,11:47:39,277.4,2026-08-20_02
192,17,Equipment,Cleaning,11:47:28,11:48:10,41.8,2026-08-20_02
193,8,Disposal,,11:47:39,11:48:38,59.6,2026-08-20_02
194,6,Extraction,Removing sludge,11:47:54,11:48:13,19.1,2026-08-20_02
195,17,Extraction,Removing sludge,11:48:10,11:48:26,15.8,2026-08-20_02
196,6,Rest,,11:48:13,11:48:23,10.8,2026-08-20_02
197,6,Extraction,Removing sludge,11:48:23,11:50:03,99.7,2026-08-20_02
198,17,Rest,,11:48:26,11:49:57,90.8,2026-08-20_02
199,8,Rest,,11:48:38,11:49:48,69.4,2026-08-20_02
200,8,Equipment,Maneuvering,11:49:48,11:52:23,155,2026-08-20_02
201,17,Equipment,Maneuvering,11:49:57,11:50:14,17.3,2026-08-20_02
202,6,Rest,,11:50:03,11:52:31,147.6,2026-08-20_02
203,17,Equipment,Cleaning,11:50:14,11:50:17,2.7,2026-08-20_02
204,17,Rest,,11:50:17,11:55:18,300.8,2026-08-20_02
205,7,Equipment,Cleaning,11:50:25,11:52:26,121,2026-08-20_02
206,8,Rest,,11:52:23,11:55:09,166.5,2026-08-20_02
207,7,Rest,,11:52:26,11:57:34,308,2026-08-20_02
208,6,Extraction,Removing sludge,11:52:31,11:58:32,361.6,2026-08-20_02
209,8,Sludge handling,Container transport,11:55:09,12:00:15,306,2026-08-20_02
210,17,Sludge handling,Container transport,11:55:18,12:00:26,308.4,2026-08-20_02
211,7,Sludge handling,Container transport,11:57:34,12:00:33,179.1,2026-08-20_02
212,6,Superstructure,Cleaning,11:58:32,11:59:50,77.9,2026-08-20_02
213,6,Extraction,Removing sludge,11:59:50,12:08:36,525.6,2026-08-20_02
214,8,Rest,,12:00:15,12:03:41,205.6,2026-08-20_02
215,17,Rest,,12:00:26,12:03:57,211.2,2026-08-20_02
216,7,Rest,,12:00:33,12:08:14,460.6,2026-08-20_02
217,8,Equipment,Cleaning,12:03:41,12:10:16,395,2026-08-20_02
218,17,Equipment,Maneuvering,12:03:57,12:09:01,304.3,2026-08-20_02
219,7,Equipment,Cleaning,12:08:14,12:10:21,127.1,2026-08-20_02
220,6,Equipment,Cleaning,12:08:36,12:10:11,95.3,2026-08-20_02
221,17,Superstructure,Cleaning,12:09:01,12:13:06,244.7,2026-08-20_02
222,6,Superstructure,Repair,12:10:11,12:15:40,329.2,2026-08-20_02
223,8,Superstructure,Repair,12:10:16,12:15:36,320,2026-08-20_02
224,7,Superstructure,Repair,12:10:21,12:10:46,24.5,2026-08-20_02
225,7,Rest,,12:10:46,12:11:09,23.6,2026-08-20_02
226,7,Fluidizing,Fetching water,12:11:09,12:13:00,111,2026-08-20_02
227,7,Equipment,Cleaning,12:13:00,12:15:38,157.6,2026-08-20_02
228,17,Equipment,Maneuvering,12:13:06,12:14:18,72.3,2026-08-20_02
229,17,Rest,,12:14:18,13:14:11,3593,2026-08-20_02
230,8,Rest,,12:15:36,13:14:23,3526.7,2026-08-20_02
231,7,Rest,,12:15:38,13:14:20,3522.1,2026-08-20_02
232,6,Rest,,12:15:40,13:14:16,3516,2026-08-20_02
233,17,Travel,Travel to disposal site,13:14:11,13:43:22,1750.4,2026-08-20_02
234,6,Travel,Travel to disposal site,13:14:16,13:43:37,1760.1,2026-08-20_02
235,7,Travel,Travel to disposal site,13:14:20,13:43:28,1747.9,2026-08-20_02
236,8,Travel,Travel to disposal site,13:14:23,13:43:33,1750.1,2026-08-20_02
237,17,Equipment,Maneuvering,13:43:22,13:45:00,98.2,2026-08-20_02
238,7,Equipment,Maneuvering,13:43:28,13:45:04,96.2,2026-08-20_02
239,8,Equipment,Maneuvering,13:43:33,13:45:06,93.6,2026-08-20_02
240,6,Equipment,Maneuvering,13:43:37,13:45:02,85.7,2026-08-20_02
241,17,Rest,,13:45:00,13:47:16,135.5,2026-08-20_02
242,6,Rest,,13:45:02,13:51:27,384.6,2026-08-20_02
243,7,Rest,,13:45:04,13:51:36,392,2026-08-20_02
244,8,Rest,,13:45:06,13:47:21,134.4,2026-08-20_02
245,17,Disposal,,13:47:16,14:01:11,835.8,2026-08-20_02
246,8,Disposal,,13:47:21,14:05:14,1072.9,2026-08-20_02
247,6,Disposal,,13:51:27,13:51:48,21.6,2026-08-20_02
248,7,Equipment,Cleaning,13:51:36,14:35:32,2635.7,2026-08-20_02
249,6,Equipment,Cleaning,13:51:48,13:55:54,245.3,2026-08-20_02
250,6,Fluidizing,Mixing,13:55:54,13:55:58,4.4,2026-08-20_02
251,6,Fluidizing,Fetching water,13:55:58,13:56:04,6.2,2026-08-20_02
252,6,Equipment,Cleaning,13:56:04,14:00:23,258.7,2026-08-20_02
253,6,Rest,,14:00:23,14:03:02,158.8,2026-08-20_02
254,17,Rest,,14:01:11,14:08:32,440.2,2026-08-20_02
255,6,Equipment,Maneuvering,14:03:02,14:03:42,39.6,2026-08-20_02
256,6,Rest,,14:03:42,14:05:02,80.4,2026-08-20_02
257,6,Equipment,Cleaning,14:05:02,14:09:09,246.6,2026-08-20_02
258,8,Rest,,14:05:14,14:05:26,12.3,2026-08-20_02
259,8,Extraction,Pulling out trash,14:05:26,14:08:58,212.3,2026-08-20_02
260,17,Disposal,,14:08:32,14:10:12,100,2026-08-20_02
261,8,Equipment,Cleaning,14:08:58,14:09:40,42.3,2026-08-20_02
262,6,Rest,,14:09:09,14:10:26,77,2026-08-20_02
263,8,Disposal,,14:09:40,14:10:06,25.7,2026-08-20_02
264,8,Extraction,Pulling out trash,14:10:06,14:14:35,269.4,2026-08-20_02
265,17,Rest,,14:10:12,14:10:48,36.3,2026-08-20_02
266,6,Equipment,Maneuvering,14:10:26,14:11:57,91.5,2026-08-20_02
267,17,Disposal,,14:10:48,14:11:21,33.5,2026-08-20_02
268,17,Rest,,14:11:21,14:13:40,138.8,2026-08-20_02
269,6,Equipment,Cleaning,14:11:57,14:13:32,94.7,2026-08-20_02
270,6,Disposal,,14:13:32,14:15:47,135.7,2026-08-20_02
271,17,Disposal,,14:13:40,14:15:31,111,2026-08-20_02
272,8,Equipment,Cleaning,14:14:35,14:15:20,44.3,2026-08-20_02
273,8,Equipment,Maneuvering,14:15:20,14:17:37,136.9,2026-08-20_02
274,17,Equipment,Cleaning,14:15:31,14:35:44,1212.8,2026-08-20_02
275,6,Rest,,14:15:47,14:16:46,59,2026-08-20_02
276,6,Equipment,Maneuvering,14:16:46,14:17:52,66,2026-08-20_02
277,8,Rest,,14:17:37,14:20:56,199.6,2026-08-20_02
278,6,Rest,,14:17:52,14:20:31,158.6,2026-08-20_02
279,6,Equipment,Cleaning,14:20:31,14:22:18,107.3,2026-08-20_02
280,8,Equipment,Cleaning,14:21:51,14:32:51,659.9,2026-08-20_02
281,6,Rest,,14:22:18,14:26:08,230,2026-08-20_02
282,6,Equipment,Cleaning,14:26:08,14:32:49,400.7,2026-08-20_02
283,6,Equipment,Maneuvering,14:32:49,14:32:56,7.4,2026-08-20_02
284,8,Equipment,Maneuvering,14:32:51,14:34:17,85.9,2026-08-20_02
285,7,Equipment,Maneuvering,14:35:32,14:38:26,174.2,2026-08-20_02
286,17,Equipment,Maneuvering,14:35:44,14:38:24,159.7,2026-08-20_02
287,6,Rest,,15:31:09,15:36:43,334.2,2026-08-20_02
288,8,Rest,,15:32:30,15:36:43,253.5,2026-08-20_02
289,17,Rest,,15:36:36,15:36:43,7,2026-08-20_02
290,7,Rest,,15:36:38,15:36:43,4.8,2026-08-20_02
1,17,Superstructure,Inspection,15:38:26,15:40:26,120.5,2026-08-20_03
2,8,Superstructure,Inspection,15:38:35,15:39:55,80.7,2026-08-20_03
3,6,Earthworks,Dig trench,15:39:09,15:49:50,641.3,2026-08-20_03
4,7,Rest,,15:39:13,15:42:49,216.2,2026-08-20_03
5,8,Superstructure,Modification,15:39:55,15:42:27,152,2026-08-20_03
6,17,Equipment,Maneuvering,15:40:26,15:42:43,137,2026-08-20_03
7,8,Rest,,15:42:27,15:44:16,108.9,2026-08-20_03
8,17,Fluidizing,Fetching water,15:42:43,15:54:56,732.3,2026-08-20_03
9,7,Fluidizing,Fetching water,15:42:49,15:53:41,651.4,2026-08-20_03
10,8,Fluidizing,Mixing,15:44:16,15:46:37,140.9,2026-08-20_03
11,8,Fluidizing,Adding water,15:46:37,15:47:14,37,2026-08-20_03
12,8,Equipment,Maneuvering,15:47:14,15:47:54,40.1,2026-08-20_03
13,8,Fluidizing,Mixing,15:47:54,15:49:44,109.8,2026-08-20_03
14,8,Rest,,15:49:44,15:50:34,50.3,2026-08-20_03
15,6,Rest,,15:49:50,15:49:58,8,2026-08-20_03
16,6,Earthworks,Dig trench,15:49:58,15:50:24,25.9,2026-08-20_03
17,6,Equipment,Maneuvering,15:50:24,15:50:28,4.6,2026-08-20_03
18,6,Earthworks,Dig trench,15:50:28,15:53:47,198.4,2026-08-20_03
19,8,Fluidizing,Mixing,15:50:34,15:50:50,15.7,2026-08-20_03
20,8,Extraction,Pulling out trash,15:50:50,15:51:31,41,2026-08-20_03
21,8,Fluidizing,Mixing,15:51:31,15:55:25,233.7,2026-08-20_03
22,7,Rest,,15:53:41,15:58:42,301.8,2026-08-20_03
23,6,Rest,,15:53:47,16:00:36,408.8,2026-08-20_03
24,17,Earthworks,Dig trench,15:54:56,15:56:47,111.5,2026-08-20_03
25,8,Extraction,Pulling out trash,15:55:25,15:55:37,12.2,2026-08-20_03
26,8,Fluidizing,Mixing,15:55:37,16:00:30,293.4,2026-08-20_03
27,17,Rest,,15:56:47,15:56:54,7.3,2026-08-20_03
28,17,Earthworks,Dig trench,15:56:54,16:00:52,237.1,2026-08-20_03
29,7,Equipment,Maneuvering,15:58:42,16:00:01,78.5,2026-08-20_03
30,7,Rest,,16:00:01,16:02:12,131.2,2026-08-20_03
31,8,Equipment,Cleaning,16:00:30,16:02:17,106.5,2026-08-20_03
32,6,Earthworks,Dig trench,16:00:36,16:02:05,89.4,2026-08-20_03
33,17,Rest,,16:00:52,16:01:56,63.9,2026-08-20_03
34,17,Earthworks,Dig trench,16:01:56,16:02:44,48.7,2026-08-20_03
35,6,Rest,,16:02:05,16:04:29,144.5,2026-08-20_03
36,7,Earthworks,Dig trench,16:02:12,16:02:23,10.8,2026-08-20_03
37,8,Rest,,16:02:17,16:02:49,32.5,2026-08-20_03
38,7,Rest,,16:02:23,16:10:53,510.3,2026-08-20_03
39,17,Communication,With other gulper(s),16:02:44,16:02:59,14.3,2026-08-20_03
40,8,Communication,With other gulper(s),16:02:49,16:04:37,107.5,2026-08-20_03
41,17,Earthworks,Dig trench,16:02:59,16:04:42,103.6,2026-08-20_03
42,6,Earthworks,Dig trench,16:04:29,16:06:48,138.7,2026-08-20_03
43,8,Fluidizing,Mixing,16:04:37,16:06:15,98.5,2026-08-20_03
44,17,Rest,,16:04:42,16:06:45,123,2026-08-20_03
45,8,Rest,,16:06:15,16:06:53,37.5,2026-08-20_03
46,17,Earthworks,Dig trench,16:06:45,16:11:08,262.7,2026-08-20_03
47,6,Rest,,16:06:48,16:11:06,257.6,2026-08-20_03
48,8,Equipment,Maneuvering,16:06:53,16:07:45,52.2,2026-08-20_03
49,8,Rest,,16:07:45,16:10:47,182.1,2026-08-20_03
50,8,Superstructure,Modification,16:10:47,16:11:59,71.4,2026-08-20_03
51,7,Equipment,Maneuvering,16:10:53,16:11:00,6.8,2026-08-20_03
52,7,Superstructure,Modification,16:11:00,16:11:43,43,2026-08-20_03
53,6,Earthworks,Dig trench,16:11:06,16:15:06,240.1,2026-08-20_03
54,17,Rest,,16:11:08,16:15:12,243.6,2026-08-20_03
55,7,Rest,,16:11:43,16:15:27,224,2026-08-20_03
56,8,Rest,,16:11:59,16:12:20,21.5,2026-08-20_03
57,8,Fluidizing,Adding water,16:12:20,16:12:53,33.3,2026-08-20_03
58,8,Communication,With other gulper(s),16:12:53,16:13:51,58,2026-08-20_03
59,8,Rest,,16:13:51,16:16:20,149,2026-08-20_03
60,6,Rest,,16:15:06,16:16:24,78.2,2026-08-20_03
61,17,Earthworks,Dig trench,16:15:12,16:18:17,185.6,2026-08-20_03
62,7,Earthworks,Dig trench,16:15:27,16:16:31,64.4,2026-08-20_03
63,8,Communication,With other gulper(s),16:16:20,16:18:26,125.8,2026-08-20_03
64,6,Communication,With other gulper(s),16:16:24,16:18:23,119.4,2026-08-20_03
65,7,Rest,,16:16:31,16:19:32,181,2026-08-20_03
66,17,Rest,,16:18:17,16:19:56,98.5,2026-08-20_03
67,6,Earthworks,Dig trench,16:18:23,16:19:57,93.9,2026-08-20_03
68,8,Rest,,16:18:26,16:22:08,222,2026-08-20_03
69,7,Earthworks,Dig trench,16:19:32,16:20:02,30.2,2026-08-20_03
70,17,Earthworks,Dig trench,16:19:56,16:22:43,167.7,2026-08-20_03
71,6,Rest,,16:19:57,16:28:13,495.7,2026-08-20_03
72,7,Rest,,16:20:02,16:28:28,505.8,2026-08-20_03
73,8,Earthworks,Dig trench,16:22:08,16:23:21,73.4,2026-08-20_03
74,17,Rest,,16:22:43,16:23:27,44.1,2026-08-20_03
75,8,Rest,,16:23:21,16:26:27,185.4,2026-08-20_03
76,17,Earthworks,Dig trench,16:23:27,16:26:22,174.2,2026-08-20_03
77,17,Rest,,16:26:22,16:26:39,17.5,2026-08-20_03
78,8,Earthworks,Dig trench,16:26:27,16:28:35,127.8,2026-08-20_03
79,17,Communication,With other gulper(s),16:26:39,16:28:24,105.1,2026-08-20_03
80,6,Equipment,Cleaning,16:28:13,16:28:41,27.9,2026-08-20_03
81,17,Rest,,16:28:24,16:30:17,113.3,2026-08-20_03
82,7,Communication,With other gulper(s),16:28:28,16:28:32,3.8,2026-08-20_03
83,7,Rest,,16:28:32,16:31:45,193.2,2026-08-20_03
84,8,Rest,,16:28:35,16:28:49,14.1,2026-08-20_03
85,6,Equipment,Maneuvering,16:28:41,16:28:57,16,2026-08-20_03
86,8,Extraction,Removing sludge,16:28:49,16:46:20,1051.3,2026-08-20_03
87,6,Rest,,16:28:57,16:31:49,171.9,2026-08-20_03
88,17,Superstructure,Modification,16:30:17,16:30:34,17,2026-08-20_03
89,17,Fluidizing,Adding water,16:30:34,16:30:46,11.6,2026-08-20_03
90,17,Equipment,Maneuvering,16:30:46,16:31:24,38.1,2026-08-20_03
91,17,Fluidizing,Mixing,16:31:24,16:33:04,100.4,2026-08-20_03
92,7,Disposal,,16:31:45,16:32:25,40.3,2026-08-20_03
93,6,Disposal,,16:31:49,16:32:24,35.1,2026-08-20_03
94,6,Rest,,16:32:24,16:33:48,84.1,2026-08-20_03
95,7,Rest,,16:32:25,16:32:54,29,2026-08-20_03
96,7,Communication,With other gulper(s),16:32:54,16:32:58,3.4,2026-08-20_03
97,7,Rest,,16:32:58,16:33:56,57.8,2026-08-20_03
98,17,Rest,,16:33:04,16:36:16,191.3,2026-08-20_03
99,6,Disposal,,16:33:48,16:35:24,95.6,2026-08-20_03
100,7,Equipment,Maneuvering,16:33:56,16:35:32,95.9,2026-08-20_03
101,6,Rest,,16:35:24,16:35:43,19.5,2026-08-20_03
102,7,Fluidizing,Fetching water,16:35:32,16:41:27,355.8,2026-08-20_03
103,6,Disposal,,16:35:43,16:39:03,200.4,2026-08-20_03
104,17,Fluidizing,Mixing,16:36:16,16:38:37,141,2026-08-20_03
105,17,Communication,With client(s),16:38:37,16:41:53,195.9,2026-08-20_03
106,6,Rest,,16:39:03,16:39:44,40.2,2026-08-20_03
107,6,Disposal,,16:39:44,16:40:05,21.1,2026-08-20_03
108,6,Rest,,16:40:05,16:46:05,360.3,2026-08-20_03
109,7,Equipment,Maneuvering,16:41:27,16:42:22,54.6,2026-08-20_03
110,17,Rest,,16:41:53,16:42:55,62.3,2026-08-20_03
111,7,Disposal,,16:42:22,16:43:01,39.1,2026-08-20_03
112,17,Fluidizing,Mixing,16:42:55,16:47:20,264.8,2026-08-20_03
113,7,Rest,,16:43:01,16:44:11,70,2026-08-20_03
114,7,Disposal,,16:44:11,16:46:08,117.3,2026-08-20_03
115,6,Equipment,Maneuvering,16:46:05,16:47:12,67,2026-08-20_03
116,7,Rest,,16:46:08,16:47:16,67.7,2026-08-20_03
117,8,Rest,,16:46:20,16:46:28,8,2026-08-20_03
118,8,Extraction,Removing sludge,16:46:28,16:58:40,731.9,2026-08-20_03
119,6,Equipment,Maneuvering,16:47:12,16:47:58,45.9,2026-08-20_03
120,7,Communication,With other gulper(s),16:47:16,16:48:32,75.8,2026-08-20_03
121,17,Equipment,Maneuvering,16:47:20,16:48:16,56.3,2026-08-20_03
122,6,Disposal,,16:47:58,16:48:12,14.4,2026-08-20_03
123,6,Rest,,16:48:12,16:50:08,115.6,2026-08-20_03
124,17,Rest,,16:48:16,16:50:01,105,2026-08-20_03
125,7,Fluidizing,Fetching water,16:48:32,16:50:37,125.2,2026-08-20_03
126,17,Extraction,Pulling out trash,16:50:01,16:50:49,47.7,2026-08-20_03
127,6,Disposal,,16:50:08,16:50:26,17.6,2026-08-20_03
128,6,Rest,,16:50:26,16:50:33,7.4,2026-08-20_03
129,6,Equipment,Cleaning,16:50:33,16:51:18,45.3,2026-08-20_03
130,7,Rest,,16:50:37,16:55:50,313.2,2026-08-20_03
131,17,Equipment,Cleaning,16:50:49,16:51:10,21.2,2026-08-20_03
132,17,Fluidizing,Mixing,16:51:10,16:52:07,57.3,2026-08-20_03
133,6,Rest,,16:51:18,16:51:26,7.8,2026-08-20_03
134,6,Equipment,Maneuvering,16:51:26,16:51:40,14.2,2026-08-20_03
135,6,Disposal,,16:51:40,16:51:55,14.4,2026-08-20_03
136,6,Rest,,16:51:55,16:53:43,108.7,2026-08-20_03
137,17,Extraction,Pulling out trash,16:52:07,16:52:53,45.9,2026-08-20_03
138,17,Fluidizing,Mixing,16:52:53,16:53:10,16.3,2026-08-20_03
139,17,Extraction,Pulling out trash,16:53:10,16:55:01,111.1,2026-08-20_03
140,6,Disposal,,16:53:43,16:54:09,25.8,2026-08-20_03
141,6,Rest,,16:54:09,16:55:56,106.6,2026-08-20_03
142,17,Fluidizing,Mixing,16:55:01,16:55:14,13.5,2026-08-20_03
143,17,Extraction,Pulling out trash,16:55:14,16:56:05,50.9,2026-08-20_03
144,7,Disposal,,16:55:50,16:56:08,17.9,2026-08-20_03
145,6,Fluidizing,Mixing,16:55:56,16:56:36,40.3,2026-08-20_03
146,17,Rest,,16:56:05,17:01:02,297.2,2026-08-20_03
147,7,Rest,,16:56:08,17:01:35,327,2026-08-20_03
148,6,Extraction,Pulling out trash,16:56:36,16:57:39,62.8,2026-08-20_03
149,6,Extraction,Pulling out trash,16:57:39,16:59:07,87.9,2026-08-20_03
150,8,Equipment,Maneuvering,16:58:40,16:59:15,34.7,2026-08-20_03
151,6,Fluidizing,Mixing,16:59:07,16:59:33,26.8,2026-08-20_03
152,8,Extraction,Removing sludge,16:59:15,17:00:58,103.8,2026-08-20_03
153,6,Earthworks,Repair pit liner,16:59:33,16:59:42,8.7,2026-08-20_03
154,6,Extraction,Pulling out trash,16:59:42,17:01:29,107.2,2026-08-20_03
155,8,Rest,,17:00:58,17:01:38,39.5,2026-08-20_03
156,17,Extraction,Pulling out trash,17:01:02,17:01:05,2.7,2026-08-20_03
157,17,Extraction,Removing sludge,17:01:05,17:17:05,960.1,2026-08-20_03
158,6,Rest,,17:01:29,17:03:43,134,2026-08-20_03
159,7,Communication,With other gulper(s),17:01:35,17:02:54,78.5,2026-08-20_03
160,8,Communication,With other gulper(s),17:01:38,17:02:56,78.2,2026-08-20_03
161,7,Disposal,,17:02:54,17:03:26,32.5,2026-08-20_03
162,8,Rest,,17:02:56,17:07:55,299.2,2026-08-20_03
163,7,Rest,,17:03:26,17:05:40,134.2,2026-08-20_03
164,6,Disposal,,17:03:43,17:04:41,58.1,2026-08-20_03
165,6,Rest,,17:04:41,17:06:24,102.9,2026-08-20_03
166,7,Disposal,,17:05:40,17:06:58,77.6,2026-08-20_03
167,6,Equipment,Maneuvering,17:06:24,17:08:01,96.4,2026-08-20_03
168,7,Rest,,17:06:58,17:08:47,108.9,2026-08-20_03
169,8,Equipment,Maneuvering,17:07:55,17:09:08,72.2,2026-08-20_03
170,6,Extraction,Removing sludge,17:08:01,17:09:14,72.8,2026-08-20_03
171,7,Disposal,,17:08:47,17:13:00,253.1,2026-08-20_03
172,8,Communication,With other gulper(s),17:09:08,17:12:57,229.6,2026-08-20_03
173,6,Fluidizing,Mixing,17:09:14,17:09:53,39.8,2026-08-20_03
174,6,Equipment,Maneuvering,17:09:53,17:16:10,376.2,2026-08-20_03
175,8,Rest,,17:12:57,17:17:56,298.6,2026-08-20_03
176,7,Rest,,17:13:00,17:20:59,478.7,2026-08-20_03
177,6,Fluidizing,Mixing,17:16:10,17:21:13,303.3,2026-08-20_03
178,17,Equipment,Cleaning,17:17:05,17:21:16,251.3,2026-08-20_03
179,8,Extraction,Pulling out trash,17:17:56,17:21:25,209.1,2026-08-20_03
180,7,Disposal,,17:20:59,17:21:07,7.8,2026-08-20_03
181,7,Rest,,17:21:07,17:22:32,85.7,2026-08-20_03
182,6,Equipment,Cleaning,17:21:13,17:23:20,126.6,2026-08-20_03
183,17,Rest,,17:21:16,17:24:26,189.8,2026-08-20_03
184,8,Extraction,Removing sludge,17:21:25,17:25:27,242.3,2026-08-20_03
185,7,Disposal,,17:22:32,17:22:57,24.9,2026-08-20_03
186,7,Rest,,17:22:57,17:24:30,92.7,2026-08-20_03
187,6,Rest,,17:23:20,17:28:56,336.2,2026-08-20_03
188,17,Communication,With other gulper(s),17:24:26,17:25:30,64.1,2026-08-20_03
189,7,Communication,With other gulper(s),17:24:30,17:26:11,100.8,2026-08-20_03
190,8,Communication,With client(s),17:25:27,17:31:52,384.4,2026-08-20_03
191,17,Rest,,17:25:30,17:28:50,199.8,2026-08-20_03
192,7,Rest,,17:26:11,17:28:59,168.2,2026-08-20_03
193,17,Fluidizing,Fetching water,17:28:50,17:30:56,125.7,2026-08-20_03
194,6,Communication,With other gulper(s),17:28:56,17:29:39,43.4,2026-08-20_03
195,7,Communication,With other gulper(s),17:28:59,17:31:01,122.4,2026-08-20_03
196,6,Fluidizing,Mixing,17:29:39,17:30:46,66.7,2026-08-20_03
197,6,Extraction,Pulling out trash,17:30:46,17:34:49,242.9,2026-08-20_03
198,17,Rest,,17:30:56,17:32:20,83.7,2026-08-20_03
199,7,Extraction,Pulling out trash,17:31:01,17:31:05,3.8,2026-08-20_03
200,7,Rest,,17:31:05,17:35:04,238.6,2026-08-20_03
201,8,Communication,With other gulper(s),17:31:52,17:32:24,32.1,2026-08-20_03
202,17,Fluidizing,Adding water,17:32:20,17:32:31,11.8,2026-08-20_03
203,8,Rest,,17:32:24,17:33:09,45.3,2026-08-20_03
204,17,Fluidizing,Fetching water,17:32:31,17:37:49,317.1,2026-08-20_03
205,8,Extraction,Removing sludge,17:33:09,17:37:29,259.7,2026-08-20_03
206,6,Fluidizing,Adding water,17:34:49,17:35:00,11.7,2026-08-20_03
207,6,Fluidizing,Mixing,17:35:00,17:36:52,111.8,2026-08-20_03
208,7,Disposal,,17:35:04,17:35:47,42.9,2026-08-20_03
209,7,Earthworks,Dig trench,17:35:47,17:37:25,98,2026-08-20_03
210,6,Equipment,Cleaning,17:36:52,17:37:43,50.9,2026-08-20_03
211,7,Disposal,,17:37:25,17:37:52,27.4,2026-08-20_03
212,8,Rest,,17:37:29,17:37:55,26.6,2026-08-20_03
213,6,Rest,,17:37:43,17:39:34,110.8,2026-08-20_03
214,17,Rest,,17:37:49,17:39:25,96.2,2026-08-20_03
215,7,Rest,,17:37:52,17:39:16,83.7,2026-08-20_03
216,8,Extraction,Removing sludge,17:37:55,17:48:37,641.7,2026-08-20_03
217,7,Disposal,,17:39:16,17:40:26,70.4,2026-08-20_03
218,17,Equipment,Maneuvering,17:39:25,17:40:22,57,2026-08-20_03
219,6,Equipment,Maneuvering,17:39:34,17:41:11,96.7,2026-08-20_03
220,17,Rest,,17:40:22,17:42:44,141.9,2026-08-20_03
221,7,Rest,,17:40:26,17:41:14,47.8,2026-08-20_03
222,6,Fluidizing,Mixing,17:41:11,17:42:59,108,2026-08-20_03
223,7,Disposal,,17:41:14,17:41:28,13.8,2026-08-20_03
224,7,Rest,,17:41:28,17:43:32,124.2,2026-08-20_03
225,17,Equipment,Maneuvering,17:42:44,17:44:31,107.9,2026-08-20_03
226,6,Extraction,Pulling out trash,17:42:59,17:45:43,164.7,2026-08-20_03
227,7,Disposal,,17:43:32,17:45:01,89.1,2026-08-20_03
228,17,Fluidizing,Fetching water,17:44:31,17:45:10,38.1,2026-08-20_03
229,7,Rest,,17:45:01,17:45:29,27.5,2026-08-20_03
230,17,Equipment,Cleaning,17:45:10,17:45:39,29,2026-08-20_03
231,7,Disposal,,17:45:29,17:46:29,60.5,2026-08-20_03
232,17,Rest,,17:45:39,17:46:14,35.3,2026-08-20_03
233,6,Disposal,,17:45:43,17:46:33,49.3,2026-08-20_03
234,17,Equipment,Cleaning,17:46:14,17:51:06,292.1,2026-08-20_03
235,7,Communication,With other gulper(s),17:46:29,17:49:12,162.5,2026-08-20_03
236,6,Rest,,17:46:33,17:48:34,121.3,2026-08-20_03
237,6,Equipment,Cleaning,17:48:34,17:49:18,44.2,2026-08-20_03
238,8,Rest,,17:48:37,17:49:26,49,2026-08-20_03
239,7,Superstructure,Cleaning,17:49:12,17:50:52,100.4,2026-08-20_03
240,6,Rest,,17:49:18,17:49:36,18,2026-08-20_03
241,8,Equipment,Maneuvering,17:49:26,17:49:59,33.1,2026-08-20_03
242,6,Equipment,Cleaning,17:49:36,17:50:58,82.3,2026-08-20_03
243,8,Earthworks,Fill trench,17:49:59,17:59:43,584.2,2026-08-20_03
244,7,Rest,,17:50:52,17:51:45,53,2026-08-20_03
245,6,Superstructure,Cleaning,17:50:58,17:53:02,124,2026-08-20_03
246,17,Earthworks,Fill trench,17:51:06,18:00:53,587.3,2026-08-20_03
247,7,Superstructure,Cleaning,17:51:45,17:55:26,220.7,2026-08-20_03
248,6,Equipment,Maneuvering,17:53:02,17:53:28,25.8,2026-08-20_03
249,6,Superstructure,Cleaning,17:53:28,17:54:07,39,2026-08-20_03
250,6,Rest,,17:54:07,17:55:41,93.5,2026-08-20_03
251,7,Rest,,17:55:26,17:57:58,151.8,2026-08-20_03
252,6,Equipment,Cleaning,17:55:41,17:56:17,36.3,2026-08-20_03
253,6,Fluidizing,Fetching water,17:56:17,17:58:08,111.3,2026-08-20_03
254,7,Equipment,Cleaning,17:57:58,18:10:28,750.5,2026-08-20_03
255,6,Rest,,17:58:08,17:58:35,27,2026-08-20_03
256,6,Earthworks,Fill trench,17:58:35,18:02:23,227.3,2026-08-20_03
257,8,Communication,With client(s),17:59:43,18:01:50,126.9,2026-08-20_03
258,17,Equipment,Maneuvering,18:00:53,18:02:15,81.5,2026-08-20_03
259,8,Earthworks,Fill trench,18:01:50,18:04:12,141.5,2026-08-20_03
260,17,Equipment,Cleaning,18:02:15,18:07:34,319.5,2026-08-20_03
261,6,Equipment,Maneuvering,18:02:23,18:07:39,316.3,2026-08-20_03
262,8,Equipment,Cleaning,18:04:12,18:05:45,93,2026-08-20_03
263,8,Rest,,18:05:45,18:08:29,164.6,2026-08-20_03
264,17,Equipment,Maneuvering,18:07:34,18:08:43,68.7,2026-08-20_03
265,6,Equipment,Cleaning,18:07:39,18:10:30,171.2,2026-08-20_03
266,8,Equipment,Cleaning,18:08:29,18:10:33,123.3,2026-08-20_03
267,17,Rest,,18:08:43,18:10:36,113.3,2026-08-20_03
268,7,Rest,,18:10:28,18:10:36,8.1,2026-08-20_03
269,6,Rest,,18:10:30,18:10:36,5.9,2026-08-20_03
270,8,Rest,,18:10:33,18:10:36,3.5,2026-08-20_03
1,6,Superstructure,Inspection,09:21:21,09:23:54,152.5,2026-08-22_01
2,8,Superstructure,Inspection,09:21:26,09:22:47,81.5,2026-08-22_01
3,7,Equipment,Maneuvering,09:21:52,09:22:58,66.2,2026-08-22_01
4,8,Fluidizing,Mixing,09:22:47,09:24:34,107,2026-08-22_01
5,7,Fluidizing,Fetching water,09:22:58,09:24:44,106.3,2026-08-22_01
6,6,Earthworks,Dig trench,09:23:54,09:33:35,581.5,2026-08-22_01
7,8,Fluidizing,Mixing,09:24:34,09:26:16,101.7,2026-08-22_01
8,7,Rest,,09:24:44,09:24:56,12,2026-08-22_01
9,7,Equipment,Maneuvering,09:24:56,09:26:03,67.2,2026-08-22_01
10,7,Rest,,09:26:03,09:27:51,107.4,2026-08-22_01
11,8,Fluidizing,Adding water,09:26:16,09:27:15,59,2026-08-22_01
12,8,Rest,,09:27:15,09:29:14,119.5,2026-08-22_01
13,7,Equipment,Maneuvering,09:27:51,09:30:00,129,2026-08-22_01
14,8,Superstructure,Modification,09:29:14,09:29:45,30.8,2026-08-22_01
15,8,Equipment,Maneuvering,09:29:45,09:31:59,134.3,2026-08-22_01
16,7,Rest,,09:30:00,09:30:23,23.5,2026-08-22_01
17,7,Equipment,Maneuvering,09:30:23,09:31:06,42.4,2026-08-22_01
18,7,Rest,,09:31:06,09:31:32,26.5,2026-08-22_01
19,7,Equipment,Maneuvering,09:31:32,09:31:51,19.3,2026-08-22_01
20,7,Earthworks,Dig trench,09:31:51,09:36:02,250.8,2026-08-22_01
21,8,Rest,,09:31:59,09:35:53,233.3,2026-08-22_01
22,6,Rest,,09:33:35,09:35:59,144,2026-08-22_01
23,8,Equipment,Maneuvering,09:35:53,09:36:14,21.7,2026-08-22_01
24,6,Equipment,Maneuvering,09:35:59,09:36:21,21.3,2026-08-22_01
25,7,Earthworks,Dig trench,09:36:02,09:37:11,69.2,2026-08-22_01
26,8,Fluidizing,Mixing,09:36:14,09:36:26,11.7,2026-08-22_01
27,6,Rest,,09:36:21,09:37:09,48.7,2026-08-22_01
28,8,Extraction,Pulling out trash,09:36:26,09:36:59,32.4,2026-08-22_01
29,8,Fluidizing,Mixing,09:36:59,09:40:05,186.1,2026-08-22_01
30,6,Earthworks,Dig trench,09:37:09,09:42:35,326.2,2026-08-22_01
31,7,Rest,,09:37:11,09:44:05,413.3,2026-08-22_01
32,8,Fluidizing,Fetching water,09:40:05,09:40:49,44.4,2026-08-22_01
33,8,Rest,,09:40:49,09:41:33,43.9,2026-08-22_01
34,8,Communication,With client(s),09:41:33,09:42:30,57.3,2026-08-22_01
35,8,Travel,On errand,09:42:30,09:46:18,227.5,2026-08-22_01
36,6,Rest,,09:42:35,09:43:29,54,2026-08-22_01
37,6,Earthworks,Dig trench,09:43:29,09:45:38,129,2026-08-22_01
38,7,Communication,With other gulper(s),09:44:05,09:46:21,136.2,2026-08-22_01
39,6,Equipment,Repairing,09:45:38,09:47:02,83.7,2026-08-22_01
40,8,Equipment,Maneuvering,09:46:18,09:47:16,58.6,2026-08-22_01
41,7,Rest,,09:46:21,09:47:08,47.1,2026-08-22_01
42,6,Earthworks,Dig trench,09:47:02,09:53:33,390.9,2026-08-22_01
43,7,Fluidizing,Fetching water,09:47:08,09:49:00,112.4,2026-08-22_01
44,8,Communication,With other gulper(s),09:47:16,09:48:04,47.6,2026-08-22_01
45,8,Fluidizing,Mixing,09:48:04,09:48:25,21.5,2026-08-22_01
46,8,Extraction,Pulling out trash,09:48:25,09:48:40,14.5,2026-08-22_01
47,8,Fluidizing,Mixing,09:48:40,09:48:55,14.9,2026-08-22_01
48,8,Equipment,Maneuvering,09:48:55,09:49:23,27.6,2026-08-22_01
49,7,Rest,,09:49:00,09:50:01,60.8,2026-08-22_01
50,8,Fluidizing,Mixing,09:49:23,09:50:28,65.4,2026-08-22_01
51,7,Fluidizing,Fetching water,09:50:01,09:50:35,33.8,2026-08-22_01
52,8,Extraction,Pulling out trash,09:50:28,09:52:58,150.1,2026-08-22_01
53,7,Rest,,09:50:35,09:51:21,46.1,2026-08-22_01
54,7,Fluidizing,Adding water,09:51:21,09:53:24,122.9,2026-08-22_01
55,8,Fluidizing,Mixing,09:52:58,09:54:27,88.8,2026-08-22_01
56,7,Rest,,09:53:24,09:53:41,17,2026-08-22_01
57,6,Rest,,09:53:33,09:54:41,67.8,2026-08-22_01
58,7,Fluidizing,Fetching water,09:53:41,09:54:44,63.4,2026-08-22_01
59,8,Extraction,Pulling out trash,09:54:27,09:55:51,83.9,2026-08-22_01
60,6,Earthworks,Dig trench,09:54:41,09:58:23,222.6,2026-08-22_01
61,7,Rest,,09:54:44,09:57:01,137.1,2026-08-22_01
62,8,Fluidizing,Mixing,09:55:51,09:57:39,108.5,2026-08-22_01
63,7,Fluidizing,Fetching water,09:57:01,09:57:21,19.4,2026-08-22_01
64,7,Rest,,09:57:21,10:00:38,197.2,2026-08-22_01
65,8,Extraction,Pulling out trash,09:57:39,09:58:12,32.7,2026-08-22_01
66,8,Fluidizing,Mixing,09:58:12,10:00:21,129.2,2026-08-22_01
67,6,Fluidizing,Fetching water,09:58:23,09:59:20,56.7,2026-08-22_01
68,6,Fluidizing,Adding water,09:59:20,09:59:24,4.2,2026-08-22_01
69,6,Rest,,09:59:24,10:00:35,70.8,2026-08-22_01
70,8,Equipment,Maneuvering,10:00:21,10:02:17,115.7,2026-08-22_01
71,6,Equipment,Maneuvering,10:00:35,10:01:01,25.4,2026-08-22_01
72,7,Equipment,Maneuvering,10:00:38,10:01:29,51.3,2026-08-22_01
73,6,Rest,,10:01:01,10:01:18,17,2026-08-22_01
74,6,Communication,With other gulper(s),10:01:18,10:01:20,2.2,2026-08-22_01
75,6,Communication,With client(s),10:01:20,10:03:18,118.5,2026-08-22_01
76,7,Rest,,10:01:29,10:16:14,884.7,2026-08-22_01
77,8,Communication,With other gulper(s),10:02:17,10:03:46,89.4,2026-08-22_01
78,6,Rest,,10:03:18,10:12:30,551.5,2026-08-22_01
79,8,Fluidizing,Mixing,10:03:46,10:04:33,46.6,2026-08-22_01
80,8,Extraction,Pulling out trash,10:04:33,10:06:37,123.7,2026-08-22_01
81,8,Fluidizing,Mixing,10:06:37,10:07:51,74,2026-08-22_01
82,8,Extraction,Pulling out trash,10:07:51,10:09:21,89.8,2026-08-22_01
83,8,Fluidizing,Mixing,10:09:21,10:13:01,220.5,2026-08-22_01
84,6,Fluidizing,Mixing,10:12:30,10:15:46,196.4,2026-08-22_01
85,8,Fluidizing,Mixing,10:13:01,10:13:09,7.7,2026-08-22_01
86,8,Communication,With client(s),10:13:09,10:13:37,28.7,2026-08-22_01
87,8,Equipment,Maneuvering,10:13:37,10:16:31,174,2026-08-22_01
88,6,Equipment,Maneuvering,10:15:46,10:27:49,722.7,2026-08-22_01
89,7,Fluidizing,Fetching water,10:16:14,10:19:56,221.6,2026-08-22_01
90,8,Rest,,10:16:31,10:17:16,44.2,2026-08-22_01
91,8,Fluidizing,Mixing,10:17:16,10:17:50,34.7,2026-08-22_01
92,8,Extraction,Pulling out trash,10:17:50,10:18:46,55.7,2026-08-22_01
93,8,Fluidizing,Mixing,10:18:46,10:24:43,356.7,2026-08-22_01
94,7,Rest,,10:19:56,10:24:50,294.6,2026-08-22_01
95,17,Equipment,Maneuvering,10:20:05,10:24:37,272.1,2026-08-22_01
96,17,Rest,,10:24:37,10:25:38,61.7,2026-08-22_01
97,8,Equipment,Maneuvering,10:24:43,10:27:06,143.1,2026-08-22_01
98,7,Fluidizing,Adding water,10:24:50,10:26:43,113,2026-08-22_01
99,17,Equipment,Maneuvering,10:25:38,10:26:16,37.6,2026-08-22_01
100,17,Extraction,Removing sludge,10:26:16,10:29:37,200.7,2026-08-22_01
101,7,Extraction,Removing sludge,10:26:43,10:29:47,183.4,2026-08-22_01
102,8,Disposal,,10:27:06,10:27:55,49.3,2026-08-22_01
103,6,Fluidizing,Adding water,10:27:49,10:29:51,122.4,2026-08-22_01
104,8,Rest,,10:27:55,10:28:52,56.6,2026-08-22_01
105,8,Equipment,Maneuvering,10:28:52,10:28:58,6.3,2026-08-22_01
106,8,Rest,,10:28:58,10:29:30,32.4,2026-08-22_01
107,8,Equipment,Maneuvering,10:29:30,10:34:49,319.1,2026-08-22_01
108,17,Equipment,Maneuvering,10:29:37,10:30:35,58,2026-08-22_01
109,7,Equipment,Maneuvering,10:29:47,10:30:31,44.7,2026-08-22_01
110,6,Equipment,Maneuvering,10:29:51,10:34:02,250.8,2026-08-22_01
111,7,Rest,,10:30:31,10:31:53,81.8,2026-08-22_01
112,17,Rest,,10:30:35,10:31:07,32.1,2026-08-22_01
113,17,Fluidizing,Adding water,10:31:07,10:31:59,52.3,2026-08-22_01
114,7,Fluidizing,Adding water,10:31:53,10:32:50,56.9,2026-08-22_01
115,17,Fluidizing,Fetching water,10:31:59,10:33:31,92.2,2026-08-22_01
116,7,Fluidizing,Mixing,10:32:50,10:36:33,222.7,2026-08-22_01
117,17,Rest,,10:33:31,10:39:50,379.1,2026-08-22_01
118,6,Rest,,10:34:02,10:34:06,4,2026-08-22_01
119,6,Disposal,,10:34:06,10:34:54,47.8,2026-08-22_01
120,8,Communication,With other gulper(s),10:34:49,10:35:33,44,2026-08-22_01
121,6,Communication,With other gulper(s),10:34:54,10:36:27,92.9,2026-08-22_01
122,8,Fluidizing,Mixing,10:35:33,10:38:24,170.8,2026-08-22_01
123,6,Rest,,10:36:27,10:38:40,133.5,2026-08-22_01
124,7,Rest,,10:36:33,10:37:27,54.3,2026-08-22_01
125,7,Fluidizing,Fetching water,10:37:27,10:38:32,64.8,2026-08-22_01
126,8,Rest,,10:38:24,10:40:21,116.5,2026-08-22_01
127,7,Fluidizing,Adding water,10:38:32,10:39:55,83.3,2026-08-22_01
128,6,Equipment,Maneuvering,10:38:40,10:39:40,60.1,2026-08-22_01
129,6,Rest,,10:39:40,10:39:48,7.5,2026-08-22_01
130,6,Extraction,Removing sludge,10:39:48,10:44:43,294.7,2026-08-22_01
131,17,Extraction,Removing sludge,10:39:50,10:44:44,294,2026-08-22_01
132,7,Equipment,Maneuvering,10:39:55,10:40:15,19.7,2026-08-22_01
133,7,Disposal,,10:40:15,10:40:32,17.1,2026-08-22_01
134,8,Communication,With other gulper(s),10:40:21,10:41:27,66.7,2026-08-22_01
135,7,Equipment,Maneuvering,10:40:32,10:41:31,59.5,2026-08-22_01
136,8,Rest,,10:41:27,10:41:53,25.4,2026-08-22_01
137,7,Disposal,,10:41:31,10:41:58,27.1,2026-08-22_01
138,8,Equipment,Maneuvering,10:41:53,10:42:01,8.2,2026-08-22_01
139,7,Rest,,10:41:58,10:42:20,21.6,2026-08-22_01
140,8,Disposal,,10:42:01,10:42:52,51.3,2026-08-22_01
141,7,Equipment,Maneuvering,10:42:20,10:43:12,51.7,2026-08-22_01
142,8,Rest,,10:42:52,10:43:07,14.4,2026-08-22_01
143,8,Disposal,,10:43:07,10:43:41,34,2026-08-22_01
144,7,Rest,,10:43:12,10:43:39,27.6,2026-08-22_01
145,7,Equipment,Maneuvering,10:43:39,10:44:39,59.6,2026-08-22_01
146,8,Rest,,10:43:41,10:46:06,145.2,2026-08-22_01
147,7,Rest,,10:44:39,10:46:14,95.6,2026-08-22_01
148,6,Rest,,10:44:43,10:49:34,291.5,2026-08-22_01
149,17,Rest,,10:44:44,10:47:26,161.5,2026-08-22_01
150,8,Equipment,Maneuvering,10:46:06,10:46:26,19.6,2026-08-22_01
151,7,Fluidizing,Fetching water,10:46:14,10:56:31,616.1,2026-08-22_01
152,8,Communication,With other gulper(s),10:46:26,10:47:51,85.7,2026-08-22_01
153,17,Communication,With other gulper(s),10:47:26,10:47:37,11.6,2026-08-22_01
154,17,Rest,,10:47:37,10:49:40,122.2,2026-08-22_01
155,8,Rest,,10:47:51,10:48:49,57.5,2026-08-22_01
156,8,Fluidizing,Adding water,10:48:49,10:48:59,10.6,2026-08-22_01
157,8,Communication,With other gulper(s),10:48:59,10:49:07,7.6,2026-08-22_01
158,8,Fluidizing,Adding water,10:49:07,10:49:18,11.4,2026-08-22_01
159,8,Equipment,Maneuvering,10:49:18,10:49:28,9.3,2026-08-22_01
160,8,Communication,With other gulper(s),10:49:28,10:49:54,26.7,2026-08-22_01
161,6,Equipment,Maneuvering,10:49:34,10:49:44,10.2,2026-08-22_01
162,17,Communication,With other gulper(s),10:49:40,10:50:45,65.6,2026-08-22_01
163,6,Rest,,10:49:44,10:51:45,121,2026-08-22_01
164,8,Equipment,Maneuvering,10:49:54,10:50:39,44.9,2026-08-22_01
165,8,Rest,,10:50:39,10:50:48,9.2,2026-08-22_01
166,17,Rest,,10:50:45,10:51:42,56.8,2026-08-22_01
167,8,Fluidizing,Adding water,10:50:48,10:51:02,14,2026-08-22_01
168,8,Rest,,10:51:02,10:51:31,28.8,2026-08-22_01
169,8,Superstructure,Modification,10:51:31,10:51:53,22.3,2026-08-22_01
170,17,Extraction,Removing sludge,10:51:42,10:53:51,129.1,2026-08-22_01
171,6,Extraction,Removing sludge,10:51:45,10:53:48,123.2,2026-08-22_01
172,8,Equipment,Maneuvering,10:51:53,10:52:03,10,2026-08-22_01
173,8,Disposal,,10:52:03,10:52:12,8.7,2026-08-22_01
174,8,Equipment,Maneuvering,10:52:12,10:52:32,19.7,2026-08-22_01
175,8,Disposal,,10:52:32,10:52:42,9.9,2026-08-22_01
176,8,Equipment,Maneuvering,10:52:42,10:53:16,34.2,2026-08-22_01
177,8,Disposal,,10:53:16,10:53:26,10,2026-08-22_01
178,8,Equipment,Maneuvering,10:53:26,10:54:27,60.6,2026-08-22_01
179,6,Equipment,Maneuvering,10:53:48,10:54:15,26.2,2026-08-22_01
180,17,Equipment,Maneuvering,10:53:51,10:54:19,27.5,2026-08-22_01
181,6,Extraction,Removing sludge,10:54:15,10:54:45,30.3,2026-08-22_01
182,17,Extraction,Removing sludge,10:54:19,10:54:54,34.8,2026-08-22_01
183,8,Disposal,,10:54:27,10:54:38,11.1,2026-08-22_01
184,8,Rest,,10:54:38,10:55:04,26.2,2026-08-22_01
185,6,Equipment,Maneuvering,10:54:45,10:56:21,95.8,2026-08-22_01
186,17,Rest,,10:54:54,10:54:59,5.1,2026-08-22_01
187,17,Equipment,Maneuvering,10:54:59,10:55:32,33,2026-08-22_01
188,8,Equipment,Maneuvering,10:55:04,10:56:46,101.9,2026-08-22_01
189,17,Communication,With other gulper(s),10:55:32,10:55:35,3.8,2026-08-22_01
190,17,Rest,,10:55:35,10:56:37,62,2026-08-22_01
191,6,Equipment,Cleaning,10:56:21,10:58:24,123.1,2026-08-22_01
192,7,Superstructure,Cleaning,10:56:31,11:10:34,843,2026-08-22_01
193,17,Equipment,Cleaning,10:56:37,10:57:13,35.5,2026-08-22_01
194,8,Superstructure,Cleaning,10:56:46,10:57:35,48.9,2026-08-22_01
195,17,Rest,,10:57:13,10:59:10,117.3,2026-08-22_01
196,8,Earthworks,Fill trench,10:57:35,10:59:18,103.1,2026-08-22_01
197,6,Rest,,10:58:24,11:00:02,98.4,2026-08-22_01
198,17,Equipment,Maneuvering,10:59:10,10:59:21,11,2026-08-22_01
199,8,Equipment,Cleaning,10:59:18,10:59:30,11.9,2026-08-22_01
200,17,Equipment,Cleaning,10:59:21,10:59:31,10,2026-08-22_01
201,8,Equipment,Maneuvering,10:59:30,11:00:11,41.3,2026-08-22_01
202,17,Equipment,Maneuvering,10:59:31,10:59:46,15,2026-08-22_01
203,17,Equipment,Cleaning,10:59:46,11:00:59,72.5,2026-08-22_01
204,6,Equipment,Maneuvering,11:00:02,11:00:33,30.8,2026-08-22_01
205,8,Earthworks,Fill trench,11:00:11,11:15:01,890.4,2026-08-22_01
206,6,Rest,,11:00:33,11:01:20,46.9,2026-08-22_01
207,17,Superstructure,Cleaning,11:01:00,11:01:27,26.8,2026-08-22_01
208,6,Equipment,Maneuvering,11:01:20,11:01:40,19.7,2026-08-22_01
209,17,Communication,With other gulper(s),11:01:27,11:03:08,101.2,2026-08-22_01
210,6,Rest,,11:01:40,11:04:26,166,2026-08-22_01
211,17,Equipment,Cleaning,11:03:08,11:12:57,589.2,2026-08-22_01
212,6,Earthworks,Fill trench,11:04:26,11:13:03,517.3,2026-08-22_01
213,7,Equipment,Cleaning,11:10:34,11:20:05,571.5,2026-08-22_01
214,17,Fluidizing,Fetching water,11:12:57,11:15:16,138.7,2026-08-22_01
215,6,Rest,,11:13:03,11:15:10,127.1,2026-08-22_01
216,8,Rest,,11:15:01,11:15:58,56.5,2026-08-22_01
217,6,Earthworks,Fill trench,11:15:10,11:17:18,128,2026-08-22_01
218,17,Equipment,Cleaning,11:15:16,11:17:12,115.4,2026-08-22_01
219,8,Earthworks,Fill trench,11:15:58,11:20:03,244.7,2026-08-22_01
220,17,Rest,,11:17:12,11:20:12,180.3,2026-08-22_01
221,6,Equipment,Cleaning,11:17:18,11:19:30,131.9,2026-08-22_01
222,6,Rest,,11:19:30,11:20:12,41.9,2026-08-22_01
223,8,Rest,,11:20:03,11:20:12,9.4,2026-08-22_01
224,7,Rest,,11:20:05,11:20:12,6.8,2026-08-22_01
1,8,Superstructure,Inspection,11:28:29,11:31:19,170,2026-08-22_02
2,17,Earthworks,Dig trench,11:29:02,11:38:43,580.6,2026-08-22_02
3,6,Communication,With other gulper(s),11:29:08,11:31:44,156.3,2026-08-22_02
4,8,Fluidizing,Mixing,11:31:19,11:32:35,75.8,2026-08-22_02
5,6,Equipment,Maneuvering,11:31:44,11:32:27,42.7,2026-08-22_02
6,7,Communication,With other gulper(s),11:31:54,11:32:14,19.5,2026-08-22_02
7,7,Equipment,Maneuvering,11:32:14,11:32:48,33.7,2026-08-22_02
8,6,Travel,On errand,11:32:27,11:41:05,517.6,2026-08-22_02
9,8,Rest,,11:32:35,11:33:18,42.5,2026-08-22_02
10,7,Fluidizing,Fetching water,11:32:48,11:48:54,966,2026-08-22_02
11,8,Fluidizing,Fetching water,11:33:18,11:35:42,144.4,2026-08-22_02
12,8,Fluidizing,Adding water,11:35:42,11:37:30,107.8,2026-08-22_02
13,8,Rest,,11:37:30,11:37:57,27.8,2026-08-22_02
14,8,Communication,With client(s),11:37:57,11:41:12,194.1,2026-08-22_02
15,17,Rest,,11:38:43,11:40:57,134.1,2026-08-22_02
16,17,Earthworks,Dig trench,11:40:57,11:44:42,225.7,2026-08-22_02
17,6,Equipment,Maneuvering,11:41:05,11:41:47,42,2026-08-22_02
18,8,Fluidizing,Fetching water,11:41:12,11:41:39,27.6,2026-08-22_02
19,8,Fluidizing,Adding water,11:41:39,11:44:22,162.7,2026-08-22_02
20,6,Rest,,11:41:47,11:43:14,87.2,2026-08-22_02
21,6,Equipment,Maneuvering,11:43:14,11:43:30,16.6,2026-08-22_02
22,6,Rest,,11:43:30,11:45:01,90.4,2026-08-22_02
23,8,Fluidizing,Fetching water,11:44:22,11:45:16,54,2026-08-22_02
24,17,Rest,,11:44:42,11:47:49,187,2026-08-22_02
25,6,Earthworks,Dig trench,11:45:01,11:48:50,229.4,2026-08-22_02
26,8,Fluidizing,Mixing,11:45:16,11:45:42,25.7,2026-08-22_02
27,8,Fluidizing,Adding water,11:45:42,11:48:08,146.7,2026-08-22_02
28,17,Earthworks,Dig trench,11:47:49,11:50:01,131.5,2026-08-22_02
29,8,Rest,,11:48:08,11:48:58,49.4,2026-08-22_02
30,6,Rest,,11:48:50,11:50:05,74.7,2026-08-22_02
31,7,Rest,,11:48:54,12:00:23,689.4,2026-08-22_02
32,8,Rest,,11:48:58,11:53:18,260.6,2026-08-22_02
33,17,Rest,,11:50:01,11:52:39,157.8,2026-08-22_02
34,6,Earthworks,Dig trench,11:50:05,11:52:34,149.1,2026-08-22_02
35,6,Rest,,11:52:34,12:00:19,465.1,2026-08-22_02
36,17,Earthworks,Dig trench,11:52:39,12:02:15,576.6,2026-08-22_02
37,8,Equipment,Maneuvering,11:53:18,11:55:25,127,2026-08-22_02
38,8,Fluidizing,Mixing,11:55:25,11:57:38,133.1,2026-08-22_02
39,8,Rest,,11:57:38,12:02:54,315.8,2026-08-22_02
40,6,Communication,With other gulper(s),12:00:19,12:02:08,109,2026-08-22_02
41,7,Earthworks,Dig trench,12:00:23,12:02:19,115.6,2026-08-22_02
42,6,Earthworks,Dig trench,12:02:08,12:04:43,155.3,2026-08-22_02
43,17,Rest,,12:02:15,12:03:33,77.8,2026-08-22_02
44,7,Rest,,12:02:19,12:03:03,44,2026-08-22_02
45,8,Fluidizing,Mixing,12:02:54,12:06:06,191.5,2026-08-22_02
46,7,Equipment,Maneuvering,12:03:03,12:03:14,11.4,2026-08-22_02
47,7,Rest,,12:03:14,12:04:24,69.8,2026-08-22_02
48,17,Communication,With other gulper(s),12:03:33,12:04:40,67.4,2026-08-22_02
49,7,Fluidizing,Adding water,12:04:24,12:06:01,97.1,2026-08-22_02
50,17,Earthworks,Dig trench,12:04:40,12:08:59,258.5,2026-08-22_02
51,6,Rest,,12:04:43,12:08:55,251.8,2026-08-22_02
52,7,Rest,,12:06:01,12:11:14,313.3,2026-08-22_02
53,8,Rest,,12:06:06,12:07:38,92.4,2026-08-22_02
54,8,Communication,With other gulper(s),12:07:38,12:08:01,23.1,2026-08-22_02
55,8,Travel,On errand,12:08:01,12:20:40,758.7,2026-08-22_02
56,6,Earthworks,Dig trench,12:08:55,12:10:50,114.6,2026-08-22_02
57,17,Rest,,12:08:59,12:10:00,61.5,2026-08-22_02
58,17,Communication,With other gulper(s),12:10:00,12:10:45,44.8,2026-08-22_02
59,17,Earthworks,Dig trench,12:10:45,12:11:22,36.8,2026-08-22_02
60,6,Rest,,12:10:50,12:12:47,117,2026-08-22_02
61,7,Communication,With other gulper(s),12:11:14,12:12:11,56.3,2026-08-22_02
62,17,Communication,With other gulper(s),12:11:22,12:11:49,26.8,2026-08-22_02
63,17,Earthworks,Dig trench,12:11:49,12:13:20,90.7,2026-08-22_02
64,7,Rest,,12:12:11,12:13:05,54.3,2026-08-22_02
65,6,Communication,With other gulper(s),12:12:47,12:12:58,10.9,2026-08-22_02
66,6,Rest,,12:12:58,12:13:34,36.7,2026-08-22_02
67,7,Communication,With other gulper(s),12:13:05,12:13:31,26.3,2026-08-22_02
68,17,Communication,With other gulper(s),12:13:20,12:13:52,32.4,2026-08-22_02
69,7,Rest,,12:13:31,12:15:13,101.9,2026-08-22_02
70,6,Communication,With other gulper(s),12:13:34,12:13:42,8,2026-08-22_02
71,6,Earthworks,Dig trench,12:13:42,12:15:20,97.4,2026-08-22_02
72,17,Rest,,12:13:52,12:15:15,83.1,2026-08-22_02
73,7,Communication,With other gulper(s),12:15:13,12:15:28,14.7,2026-08-22_02
74,17,Communication,With other gulper(s),12:15:15,12:15:36,20.7,2026-08-22_02
75,6,Communication,With other gulper(s),12:15:20,12:15:39,19.2,2026-08-22_02
76,7,Rest,,12:15:28,12:18:02,154,2026-08-22_02
77,17,Earthworks,Dig trench,12:15:36,12:18:06,150.3,2026-08-22_02
78,6,Rest,,12:15:39,12:16:47,68.1,2026-08-22_02
79,6,Communication,With other gulper(s),12:16:47,12:17:08,20.6,2026-08-22_02
80,6,Rest,,12:17:08,12:18:57,109.7,2026-08-22_02
81,7,Earthworks,Dig trench,12:18:02,12:20:35,152.8,2026-08-22_02
82,17,Rest,,12:18:06,12:30:30,744.2,2026-08-22_02
83,6,Equipment,Cleaning,12:18:57,12:20:48,110.6,2026-08-22_02
84,7,Rest,,12:20:35,12:46:11,1536.1,2026-08-22_02
85,8,Rest,,12:20:40,12:26:53,373.2,2026-08-22_02
86,6,Rest,,12:20:48,12:26:33,344.7,2026-08-22_02
87,6,Earthworks,Dig trench,12:26:33,12:30:32,239.2,2026-08-22_02
88,8,Communication,With other gulper(s),12:26:53,12:30:38,224.6,2026-08-22_02
89,17,Earthworks,Dig trench,12:30:30,12:33:48,197.6,2026-08-22_02
90,6,Rest,,12:30:32,12:33:46,193.5,2026-08-22_02
91,8,Communication,With client(s),12:30:38,12:31:34,56,2026-08-22_02
92,8,Travel,On errand,12:31:34,12:33:20,106,2026-08-22_02
93,8,Rest,,12:33:20,12:38:45,325.3,2026-08-22_02
94,6,Earthworks,Dig trench,12:33:46,12:38:49,303,2026-08-22_02
95,17,Rest,,12:33:48,12:50:45,1016.8,2026-08-22_02
96,8,Earthworks,Dig trench,12:38:45,12:39:31,45.9,2026-08-22_02
97,6,Rest,,12:38:49,12:48:21,572,2026-08-22_02
98,8,Earthworks,Dig trench,12:39:31,12:41:48,136.8,2026-08-22_02
99,8,Rest,,12:41:48,12:44:11,143.3,2026-08-22_02
100,8,Earthworks,Dig trench,12:44:11,12:48:24,252.8,2026-08-22_02
101,7,Equipment,Maneuvering,12:46:11,12:46:15,4.7,2026-08-22_02
102,7,Rest,,12:46:15,12:56:00,584.6,2026-08-22_02
103,6,Earthworks,Dig trench,12:48:21,12:50:42,141.5,2026-08-22_02
104,8,Rest,,12:48:24,12:53:26,302.1,2026-08-22_02
105,6,Rest,,12:50:42,13:01:05,622.8,2026-08-22_02
106,17,Earthworks,Dig trench,12:50:45,12:53:38,173.4,2026-08-22_02
107,8,Fluidizing,Mixing,12:53:26,13:00:04,398.2,2026-08-22_02
108,17,Rest,,12:53:38,12:54:09,30.6,2026-08-22_02
109,17,Fluidizing,Fetching water,12:54:09,13:00:52,403,2026-08-22_02
110,7,Fluidizing,Fetching water,12:56:00,13:01:09,308.5,2026-08-22_02
111,8,Superstructure,Modification,13:00:04,13:02:04,120,2026-08-22_02
112,17,Rest,,13:00:52,13:02:11,79.3,2026-08-22_02
113,6,Earthworks,Dig trench,13:01:05,13:04:28,202.9,2026-08-22_02
114,7,Rest,,13:01:09,13:10:04,535.8,2026-08-22_02
115,8,Rest,,13:02:04,13:03:59,115.1,2026-08-22_02
116,17,Equipment,Repairing,13:02:11,13:02:16,4.9,2026-08-22_02
117,17,Equipment,Maneuvering,13:02:16,13:04:14,118.1,2026-08-22_02
118,8,Equipment,Maneuvering,13:03:59,13:09:14,314.6,2026-08-22_02
119,17,Rest,,13:04:14,13:04:47,33.4,2026-08-22_02
120,6,Rest,,13:04:28,13:05:06,38.6,2026-08-22_02
121,17,Equipment,Maneuvering,13:04:47,13:07:26,158.3,2026-08-22_02
122,6,Fluidizing,Adding water,13:05:06,13:06:58,111.4,2026-08-22_02
123,6,Equipment,Maneuvering,13:06:58,13:09:51,173.4,2026-08-22_02
124,17,Rest,,13:07:26,13:12:25,298.9,2026-08-22_02
125,8,Disposal,,13:09:14,13:11:11,117.4,2026-08-22_02
126,6,Extraction,Removing sludge,13:09:51,13:11:29,98.1,2026-08-22_02
127,7,Extraction,Removing sludge,13:10:04,13:11:27,83.1,2026-08-22_02
128,8,Rest,,13:11:11,13:11:23,11.6,2026-08-22_02
129,8,Disposal,,13:11:23,13:11:35,12,2026-08-22_02
130,7,Rest,,13:11:27,13:11:37,9.9,2026-08-22_02
131,6,Rest,,13:11:29,13:11:42,12.8,2026-08-22_02
132,8,Rest,,13:11:35,13:11:51,16.2,2026-08-22_02
133,7,Extraction,Removing sludge,13:11:37,13:11:53,16.1,2026-08-22_02
134,6,Extraction,Removing sludge,13:11:42,13:11:55,12.9,2026-08-22_02
135,8,Disposal,,13:11:51,13:12:07,16.1,2026-08-22_02
136,7,Rest,,13:11:53,13:12:16,23,2026-08-22_02
137,6,Rest,,13:11:55,13:12:20,25.3,2026-08-22_02
138,8,Rest,,13:12:07,13:12:58,51.4,2026-08-22_02
139,7,Extraction,Removing sludge,13:12:16,13:13:04,47.4,2026-08-22_02
140,6,Extraction,Removing sludge,13:12:20,13:13:06,45.2,2026-08-22_02
141,17,Fluidizing,Adding water,13:12:25,13:12:43,18.7,2026-08-22_02
142,17,Fluidizing,Fetching water,13:12:43,13:16:21,217.8,2026-08-22_02
143,8,Disposal,,13:12:58,13:13:35,36.2,2026-08-22_02
144,7,Rest,,13:13:04,13:14:22,78,2026-08-22_02
145,6,Rest,,13:13:06,13:14:18,72.9,2026-08-22_02
146,8,Rest,,13:13:35,13:14:46,71.5,2026-08-22_02
147,6,Extraction,Removing sludge,13:14:18,13:16:09,110.6,2026-08-22_02
148,7,Extraction,Removing sludge,13:14:22,13:15:03,41.2,2026-08-22_02
149,8,Disposal,,13:14:46,13:15:00,13.9,2026-08-22_02
150,8,Rest,,13:15:00,13:15:22,21.6,2026-08-22_02
151,7,Rest,,13:15:03,13:15:08,4.8,2026-08-22_02
152,7,Extraction,Removing sludge,13:15:08,13:16:07,59.6,2026-08-22_02
153,8,Disposal,,13:15:22,13:16:11,49.3,2026-08-22_02
154,7,Rest,,13:16:07,13:16:48,40.2,2026-08-22_02
155,6,Rest,,13:16:09,13:16:51,42.4,2026-08-22_02
156,8,Rest,,13:16:11,13:16:28,16.6,2026-08-22_02
157,17,Rest,,13:16:21,13:20:57,276.1,2026-08-22_02
158,8,Communication,With other gulper(s),13:16:28,13:16:43,15.4,2026-08-22_02
159,8,Equipment,Maneuvering,13:16:43,13:17:53,70.3,2026-08-22_02
160,7,Equipment,Maneuvering,13:16:48,13:19:46,178.4,2026-08-22_02
161,6,Equipment,Maneuvering,13:16:51,13:17:38,46.7,2026-08-22_02
162,6,Rest,,13:17:38,13:19:43,125.3,2026-08-22_02
163,8,Equipment,Cleaning,13:17:53,13:19:33,100.1,2026-08-22_02
164,8,Equipment,Maneuvering,13:19:33,13:24:22,288.5,2026-08-22_02
165,6,Equipment,Maneuvering,13:19:43,13:20:52,68.8,2026-08-22_02
166,7,Rest,,13:19:46,13:23:06,199.9,2026-08-22_02
167,6,Rest,,13:20:52,13:23:16,144.1,2026-08-22_02
168,17,Equipment,Maneuvering,13:20:57,13:22:11,73.7,2026-08-22_02
169,17,Rest,,13:22:11,13:24:10,119.3,2026-08-22_02
170,7,Fluidizing,Mixing,13:23:06,13:25:23,137.3,2026-08-22_02
171,6,Fluidizing,Adding water,13:23:16,13:24:27,70.8,2026-08-22_02
172,17,Fluidizing,Fetching water,13:24:10,13:26:47,157.1,2026-08-22_02
173,8,Rest,,13:24:22,13:25:29,67.4,2026-08-22_02
174,6,Fluidizing,Fetching water,13:24:27,13:26:40,133.1,2026-08-22_02
175,7,Rest,,13:25:23,13:28:52,208.6,2026-08-22_02
176,8,Fluidizing,Mixing,13:25:29,13:30:53,324.1,2026-08-22_02
177,6,Fluidizing,Adding water,13:26:40,13:29:47,187.1,2026-08-22_02
178,17,Communication,With client(s),13:26:47,13:28:10,82.3,2026-08-22_02
179,17,Fluidizing,Fetching water,13:28:10,13:30:42,152.9,2026-08-22_02
180,7,Equipment,Maneuvering,13:28:52,13:29:23,30.7,2026-08-22_02
181,7,Superstructure,Modification,13:29:23,13:30:49,86.8,2026-08-22_02
182,6,Rest,,13:29:47,13:32:35,167.4,2026-08-22_02
183,17,Rest,,13:30:42,13:32:05,82.4,2026-08-22_02
184,7,Rest,,13:30:49,13:32:28,98.5,2026-08-22_02
185,8,Communication,With client(s),13:30:53,13:31:56,63.1,2026-08-22_02
186,8,Rest,,13:31:56,13:33:25,88.6,2026-08-22_02
187,17,Fluidizing,Mixing,13:32:05,13:37:03,297.8,2026-08-22_02
188,7,Fluidizing,Adding water,13:32:28,13:32:37,9.4,2026-08-22_02
189,6,Fluidizing,Adding water,13:32:35,13:34:02,87,2026-08-22_02
190,7,Rest,,13:32:37,13:34:13,96.1,2026-08-22_02
191,8,Rest,,13:33:25,13:36:57,211.6,2026-08-22_02
192,6,Fluidizing,Fetching water,13:34:02,13:37:10,188.5,2026-08-22_02
193,7,Fluidizing,Fetching water,13:34:13,13:38:31,257.7,2026-08-22_02
194,8,Fluidizing,Mixing,13:36:57,13:37:05,8.5,2026-08-22_02
195,17,Rest,,13:37:03,13:38:02,59,2026-08-22_02
196,8,Rest,,13:37:05,13:39:11,126,2026-08-22_02
197,6,Rest,,13:37:10,13:39:42,151.7,2026-08-22_02
198,17,Earthworks,Dig trench,13:38:02,13:38:52,50.2,2026-08-22_02
199,7,Rest,,13:38:31,13:42:36,245.2,2026-08-22_02
200,17,Rest,,13:38:52,13:41:18,146.6,2026-08-22_02
201,8,Rest,,13:39:11,13:39:54,42.4,2026-08-22_02
202,6,Equipment,Maneuvering,13:39:42,13:42:41,179.2,2026-08-22_02
203,8,Communication,With client(s),13:39:54,13:40:01,7.4,2026-08-22_02
204,8,Equipment,Maneuvering,13:40:01,13:41:14,73.6,2026-08-22_02
205,8,Communication,With client(s),13:41:14,13:42:30,75.9,2026-08-22_02
206,17,Disposal,,13:41:18,13:42:15,56.7,2026-08-22_02
207,17,Rest,,13:42:15,13:42:26,10.5,2026-08-22_02
208,17,Disposal,,13:42:26,13:43:19,53,2026-08-22_02
209,8,Rest,,13:42:30,13:43:30,59.6,2026-08-22_02
210,7,Extraction,Removing sludge,13:42:36,13:43:12,35.3,2026-08-22_02
211,6,Extraction,Removing sludge,13:42:41,13:43:14,32.7,2026-08-22_02
212,7,Rest,,13:43:12,13:43:22,10.4,2026-08-22_02
213,6,Rest,,13:43:14,13:43:25,11.2,2026-08-22_02
214,17,Rest,,13:43:19,13:43:54,35.7,2026-08-22_02
215,7,Extraction,Removing sludge,13:43:22,13:46:15,173.5,2026-08-22_02
216,6,Extraction,Removing sludge,13:43:25,13:46:17,172.2,2026-08-22_02
217,8,Equipment,Maneuvering,13:43:30,13:44:55,85,2026-08-22_02
218,17,Disposal,,13:43:54,13:44:24,30.2,2026-08-22_02
219,17,Rest,,13:44:24,13:44:39,15,2026-08-22_02
220,17,Disposal,,13:44:39,13:44:51,11.8,2026-08-22_02
221,17,Rest,,13:44:51,13:45:15,23.7,2026-08-22_02
222,8,Equipment,Maneuvering,13:44:55,13:46:12,76.7,2026-08-22_02
223,17,Disposal,,13:45:15,13:45:33,17.7,2026-08-22_02
224,17,Rest,,13:45:33,13:46:06,33.1,2026-08-22_02
225,17,Disposal,,13:46:06,13:48:04,118,2026-08-22_02
226,8,Rest,,13:46:12,13:46:37,25.2,2026-08-22_02
227,7,Rest,,13:46:15,13:50:12,236.8,2026-08-22_02
228,6,Rest,,13:46:17,13:49:25,187.9,2026-08-22_02
229,8,Communication,With client(s),13:46:37,13:50:16,219.2,2026-08-22_02
230,17,Rest,,13:48:04,13:50:03,119.7,2026-08-22_02
231,6,Equipment,Maneuvering,13:49:25,13:50:21,56,2026-08-22_02
232,17,Equipment,Maneuvering,13:50:03,13:53:01,177.9,2026-08-22_02
233,7,Equipment,Maneuvering,13:50:12,13:50:20,7.3,2026-08-22_02
234,8,Equipment,Maneuvering,13:50:16,13:56:46,389.7,2026-08-22_02
235,7,Rest,,13:50:20,13:50:32,12.8,2026-08-22_02
236,6,Rest,,13:50:21,13:52:26,124.7,2026-08-22_02
237,7,Superstructure,Cleaning,13:50:32,13:50:48,15.9,2026-08-22_02
238,7,Equipment,Maneuvering,13:50:48,13:55:41,293.1,2026-08-22_02
239,6,Fluidizing,Adding water,13:52:26,13:53:08,42.6,2026-08-22_02
240,17,Rest,,13:53:01,14:00:24,442.6,2026-08-22_02
241,6,Fluidizing,Fetching water,13:53:08,13:57:28,259.2,2026-08-22_02
242,7,Fluidizing,Fetching water,13:55:41,13:57:34,113.1,2026-08-22_02
243,8,Fluidizing,Mixing,13:56:46,13:59:54,188,2026-08-22_02
244,6,Rest,,13:57:28,13:59:01,92.8,2026-08-22_02
245,7,Rest,,13:57:34,13:59:27,112.3,2026-08-22_02
246,6,Equipment,Maneuvering,13:59:01,14:00:14,73.1,2026-08-22_02
247,7,Fluidizing,Adding water,13:59:27,14:00:30,62.9,2026-08-22_02
248,8,Equipment,Maneuvering,13:59:54,14:03:00,186.1,2026-08-22_02
249,6,Fluidizing,Fetching water,14:00:14,14:03:57,223.5,2026-08-22_02
250,17,Equipment,Maneuvering,14:00:24,14:01:52,88.2,2026-08-22_02
251,7,Fluidizing,Fetching water,14:00:30,14:04:04,214.2,2026-08-22_02
252,17,Rest,,14:01:52,14:05:04,192,2026-08-22_02
253,8,Communication,With client(s),14:03:00,14:04:44,104.6,2026-08-22_02
254,6,Equipment,Repairing,14:03:59,14:04:09,10.4,2026-08-22_02
255,7,Communication,With other gulper(s),14:04:04,14:05:00,56,2026-08-22_02
256,6,Communication,With other gulper(s),14:04:09,14:06:13,123.9,2026-08-22_02
257,8,Rest,,14:04:44,14:04:53,8.1,2026-08-22_02
258,8,Communication,With client(s),14:04:53,14:08:16,203.3,2026-08-22_02
259,7,Rest,,14:05:00,14:19:47,887.2,2026-08-22_02
260,17,Communication,With other gulper(s),14:05:04,14:06:08,64,2026-08-22_02
261,17,Rest,,14:06:08,14:15:03,534.9,2026-08-22_02
262,6,Rest,,14:06:13,14:12:59,405.3,2026-08-22_02
263,8,Equipment,Maneuvering,14:08:16,14:12:52,276,2026-08-22_02
264,8,Equipment,Repairing,14:12:52,14:19:41,409.4,2026-08-22_02
265,6,Fluidizing,Mixing,14:12:59,14:17:21,262,2026-08-22_02
266,17,Equipment,Repairing,14:15:03,14:17:16,132.7,2026-08-22_02
267,17,Rest,,14:17:16,14:17:26,10.2,2026-08-22_02
268,6,Rest,,14:17:21,14:19:51,150.6,2026-08-22_02
269,17,Equipment,Repairing,14:17:26,14:18:33,66.9,2026-08-22_02
270,17,Rest,,14:18:33,14:19:45,71.8,2026-08-22_02
271,8,Fluidizing,Adding water,14:19:41,14:19:58,16.9,2026-08-22_02
272,17,Fluidizing,Fetching water,14:19:45,14:27:46,481.5,2026-08-22_02
273,7,Fluidizing,Fetching water,14:19:47,14:23:38,230.5,2026-08-22_02
274,6,Fluidizing,Mixing,14:19:51,14:23:35,223.4,2026-08-22_02
275,8,Rest,,14:19:58,14:23:46,227.8,2026-08-22_02
276,6,Fluidizing,Adding water,14:23:35,14:26:21,166.5,2026-08-22_02
277,7,Rest,,14:23:38,14:26:28,170.6,2026-08-22_02
278,8,Communication,With other gulper(s),14:23:46,14:23:59,13,2026-08-22_02
279,8,Fluidizing,Mixing,14:23:59,14:27:30,210.8,2026-08-22_02
280,6,Rest,,14:26:21,14:28:55,154.4,2026-08-22_02
281,7,Fluidizing,Fetching water,14:26:28,14:27:39,71.2,2026-08-22_02
282,8,Equipment,Maneuvering,14:27:30,14:30:02,152.4,2026-08-22_02
283,7,Rest,,14:27:39,14:29:13,93.6,2026-08-22_02
284,17,Rest,,14:27:46,14:29:18,91.9,2026-08-22_02
285,6,Disposal,,14:28:55,14:29:22,27,2026-08-22_02
286,7,Extraction,Removing sludge,14:29:13,14:41:53,760,2026-08-22_02
287,17,Extraction,Removing sludge,14:29:18,14:38:21,543.3,2026-08-22_02
288,6,Rest,,14:29:22,14:29:52,29.2,2026-08-22_02
289,6,Disposal,,14:29:52,14:29:58,6.2,2026-08-22_02
290,6,Rest,,14:29:58,14:34:08,250.5,2026-08-22_02
291,8,Rest,,14:30:02,14:30:10,7.8,2026-08-22_02
292,8,Equipment,Maneuvering,14:30:10,14:35:28,317.7,2026-08-22_02
293,6,Disposal,,14:34:08,14:35:15,67,2026-08-22_02
294,6,Rest,,14:35:15,14:35:30,14.6,2026-08-22_02
295,8,Rest,,14:35:28,14:36:13,44.9,2026-08-22_02
296,6,Disposal,,14:35:30,14:36:09,39.4,2026-08-22_02
297,6,Rest,,14:36:09,14:36:22,12,2026-08-22_02
298,8,Equipment,Maneuvering,14:36:13,14:37:07,54.7,2026-08-22_02
299,6,Disposal,,14:36:22,14:36:29,7.4,2026-08-22_02
300,6,Rest,,14:36:29,14:37:06,36.9,2026-08-22_02
301,6,Disposal,,14:37:06,14:38:05,59,2026-08-22_02
302,8,Rest,,14:37:07,14:38:10,62.4,2026-08-22_02
303,6,Rest,,14:38:05,14:38:16,10.8,2026-08-22_02
304,8,Disposal,,14:38:10,14:38:13,3.6,2026-08-22_02
305,8,Rest,,14:38:13,14:39:48,94.9,2026-08-22_02
306,6,Disposal,,14:38:16,14:42:03,227.8,2026-08-22_02
307,17,Rest,,14:38:21,14:44:07,345.9,2026-08-22_02
308,8,Superstructure,Modification,14:39:48,14:40:16,27.7,2026-08-22_02
309,8,Communication,With client(s),14:40:16,14:43:35,198.7,2026-08-22_02
310,7,Rest,,14:41:53,14:44:51,178.1,2026-08-22_02
311,6,Rest,,14:42:03,14:42:20,16.7,2026-08-22_02
312,6,Fluidizing,Fetching water,14:42:20,14:43:46,85.9,2026-08-22_02
313,8,Fluidizing,Fetching water,14:43:35,14:43:44,8.8,2026-08-22_02
314,8,Fluidizing,Adding water,14:43:44,14:45:00,76,2026-08-22_02
315,6,Rest,,14:43:46,14:45:34,107.8,2026-08-22_02
316,17,Fluidizing,Adding water,14:44:07,14:44:47,39.7,2026-08-22_02
317,17,Fluidizing,Mixing,14:44:47,14:46:00,73.3,2026-08-22_02
318,7,Fluidizing,Mixing,14:44:51,14:46:04,72.6,2026-08-22_02
319,8,Fluidizing,Adding water,14:45:00,14:46:10,70,2026-08-22_02
320,6,Disposal,,14:45:34,14:45:40,6.4,2026-08-22_02
321,6,Rest,,14:45:40,14:46:14,33.5,2026-08-22_02
322,17,Extraction,Removing sludge,14:46:00,14:50:09,248.9,2026-08-22_02
323,7,Extraction,Removing sludge,14:46:04,14:50:14,250,2026-08-22_02
324,8,Equipment,Maneuvering,14:46:10,14:46:16,6,2026-08-22_02
325,6,Disposal,,14:46:14,14:46:33,19.5,2026-08-22_02
326,8,Rest,,14:46:16,14:46:31,15.8,2026-08-22_02
327,8,Equipment,Maneuvering,14:46:31,14:47:19,47.2,2026-08-22_02
328,6,Rest,,14:46:33,14:47:16,42.2,2026-08-22_02
329,6,Disposal,,14:47:16,14:47:32,16.1,2026-08-22_02
330,8,Rest,,14:47:19,14:47:30,11.2,2026-08-22_02
331,8,Equipment,Maneuvering,14:47:30,14:47:40,10.2,2026-08-22_02
332,6,Rest,,14:47:32,14:47:42,10.3,2026-08-22_02
333,8,Rest,,14:47:40,14:49:17,97.3,2026-08-22_02
334,6,Disposal,,14:47:42,14:48:54,72.4,2026-08-22_02
335,6,Rest,,14:48:54,14:49:42,48,2026-08-22_02
336,8,Equipment,Maneuvering,14:49:17,14:50:02,45.1,2026-08-22_02
337,6,Disposal,,14:49:42,14:50:18,35.9,2026-08-22_02
338,8,Equipment,Maneuvering,14:50:02,14:55:10,307.8,2026-08-22_02
339,17,Equipment,Maneuvering,14:50:09,14:54:19,250.2,2026-08-22_02
340,7,Rest,,14:50:14,14:52:13,119.7,2026-08-22_02
341,6,Equipment,Maneuvering,14:50:18,14:52:08,109.3,2026-08-22_02
342,6,Rest,,14:52:08,14:54:55,167,2026-08-22_02
343,7,Superstructure,Cleaning,14:52:13,14:54:15,121.8,2026-08-22_02
344,7,Fluidizing,Fetching water,14:54:15,14:58:14,238.9,2026-08-22_02
345,17,Fluidizing,Fetching water,14:54:19,14:58:11,231.6,2026-08-22_02
346,6,Equipment,Cleaning,14:54:55,14:55:49,54.7,2026-08-22_02
347,8,Superstructure,Cleaning,14:55:10,14:59:52,282.2,2026-08-22_02
348,6,Equipment,Maneuvering,14:55:49,14:56:17,27.5,2026-08-22_02
349,6,Equipment,Cleaning,14:56:17,15:13:09,1012.5,2026-08-22_02
350,17,Rest,,14:58:11,14:59:38,87,2026-08-22_02
351,7,Rest,,14:58:14,14:59:33,78.4,2026-08-22_02
352,7,Equipment,Maneuvering,14:59:33,14:59:46,13,2026-08-22_02
353,17,Equipment,Maneuvering,14:59:38,14:59:43,4.8,2026-08-22_02
354,17,Disposal,,14:59:43,14:59:47,4.4,2026-08-22_02
355,7,Disposal,,14:59:46,15:00:16,30.1,2026-08-22_02
356,17,Rest,,14:59:47,15:01:04,77.2,2026-08-22_02
357,8,Equipment,Maneuvering,14:59:52,15:01:32,99.3,2026-08-22_02
358,7,Rest,,15:00:16,15:01:20,63.8,2026-08-22_02
359,17,Earthworks,Fill trench,15:01:04,15:06:35,330.3,2026-08-22_02
360,7,Superstructure,Cleaning,15:01:20,15:13:16,716.3,2026-08-22_02
361,8,Rest,,15:01:32,15:02:27,55.6,2026-08-22_02
362,8,Earthworks,Fill trench,15:02:27,15:06:42,254.3,2026-08-22_02
363,17,Rest,,15:06:35,15:12:10,335.5,2026-08-22_02
364,8,Rest,,15:06:42,15:07:14,32.5,2026-08-22_02
365,8,Earthworks,Fill trench,15:07:14,15:13:22,367.6,2026-08-22_02
366,17,Fluidizing,Fetching water,15:12:10,15:14:34,143.6,2026-08-22_02
367,6,Superstructure,Cleaning,15:13:09,15:16:41,211.4,2026-08-22_02
368,7,Equipment,Cleaning,15:13:16,15:19:55,399.2,2026-08-22_02
369,8,Equipment,Cleaning,15:13:22,15:19:27,365.3,2026-08-22_02
370,17,Equipment,Cleaning,15:14:34,15:16:04,90.1,2026-08-22_02
371,17,Rest,,15:16:04,15:25:07,543.2,2026-08-22_02
372,6,Equipment,Cleaning,15:16:41,15:19:51,190.7,2026-08-22_02
373,8,Rest,,15:19:27,15:25:07,340.1,2026-08-22_02
374,6,Rest,,15:19:51,15:25:07,315.7,2026-08-22_02
375,7,Rest,,15:19:55,15:25:07,312,2026-08-22_02
1,10,Fluidizing,Fetching water,08:37:04,08:40:02,177.3,2026-08-23_02
2,2,Superstructure,Inspection,08:37:09,08:39:56,166.7,2026-08-23_02
3,8,Superstructure,Inspection,08:37:13,08:39:26,132.7,2026-08-23_02
4,7,Fluidizing,Fetching water,08:37:17,08:40:05,167.9,2026-08-23_02
5,8,Superstructure,Modification,08:39:26,08:43:35,248.4,2026-08-23_02
6,2,Superstructure,Modification,08:39:56,08:43:28,211.7,2026-08-23_02
7,10,Superstructure,Modification,08:40:02,08:43:21,199.1,2026-08-23_02
8,7,Superstructure,Modification,08:40:05,08:42:20,134.3,2026-08-23_02
9,7,Equipment,Maneuvering,08:42:20,08:43:22,62.8,2026-08-23_02
10,10,Equipment,Maneuvering,08:43:21,08:46:58,216.8,2026-08-23_02
11,7,Rest,,08:43:22,08:44:56,94.1,2026-08-23_02
12,2,Equipment,Maneuvering,08:43:28,08:45:41,133.1,2026-08-23_02
13,8,Fluidizing,Adding water,08:43:35,08:44:47,72.3,2026-08-23_02
14,8,Rest,,08:44:47,08:47:02,134.8,2026-08-23_02
15,7,Rest,,08:44:56,08:45:00,3.5,2026-08-23_02
16,7,Equipment,Maneuvering,08:45:00,08:47:34,154.4,2026-08-23_02
17,2,Earthworks,Dig trench,08:45:41,08:51:17,336.3,2026-08-23_02
18,10,Earthworks,Dig trench,08:46:58,08:52:26,328.1,2026-08-23_02
19,8,Equipment,Maneuvering,08:47:02,08:47:42,40.2,2026-08-23_02
20,7,Rest,,08:47:34,08:51:22,227.4,2026-08-23_02
21,8,Communication,With other gulper(s),08:47:42,08:51:10,208.5,2026-08-23_02
22,8,Fluidizing,Mixing,08:51:10,08:53:54,163.1,2026-08-23_02
23,2,Rest,,08:51:17,08:52:31,73.8,2026-08-23_02
24,7,Communication,With other gulper(s),08:51:22,08:52:23,61.7,2026-08-23_02
25,7,Rest,,08:52:23,08:53:41,77.8,2026-08-23_02
26,10,Rest,,08:52:26,08:53:48,82.5,2026-08-23_02
27,2,Earthworks,Dig trench,08:52:31,08:53:39,67.7,2026-08-23_02
28,2,Rest,,08:53:39,08:56:15,156.5,2026-08-23_02
29,7,Earthworks,Dig trench,08:53:41,08:53:45,4.1,2026-08-23_02
30,7,Rest,,08:53:45,08:55:27,101.9,2026-08-23_02
31,10,Earthworks,Dig trench,08:53:48,08:57:20,211.5,2026-08-23_02
32,8,Rest,,08:53:54,08:55:33,99.5,2026-08-23_02
33,7,Communication,With other gulper(s),08:55:27,08:56:07,40,2026-08-23_02
34,8,Fluidizing,Mixing,08:55:33,08:57:40,126.8,2026-08-23_02
35,7,Earthworks,Dig trench,08:56:07,08:57:17,69.7,2026-08-23_02
36,2,Communication,With other gulper(s),08:56:15,08:57:13,57.4,2026-08-23_02
37,2,Earthworks,Dig trench,08:57:13,08:57:54,41.6,2026-08-23_02
38,7,Rest,,08:57:17,08:57:52,35,2026-08-23_02
39,10,Rest,,08:57:20,09:01:32,252.4,2026-08-23_02
40,8,Rest,,08:57:40,09:00:12,152.2,2026-08-23_02
41,7,Earthworks,Dig trench,08:57:52,09:00:08,136.3,2026-08-23_02
42,2,Rest,,08:57:54,08:59:55,120.7,2026-08-23_02
43,2,Earthworks,Dig trench,08:59:55,09:01:36,101.3,2026-08-23_02
44,7,Rest,,09:00:08,09:05:22,313.8,2026-08-23_02
45,8,Fluidizing,Mixing,09:00:12,09:02:06,114.1,2026-08-23_02
46,10,Earthworks,Dig trench,09:01:32,09:03:08,95.4,2026-08-23_02
47,2,Rest,,09:01:36,09:04:27,171.3,2026-08-23_02
48,8,Fluidizing,Adding water,09:02:06,09:02:55,48.5,2026-08-23_02
49,8,Communication,With other gulper(s),09:02:55,09:04:24,89.7,2026-08-23_02
50,10,Rest,,09:03:08,09:05:45,157.3,2026-08-23_02
51,8,Rest,,09:04:24,09:08:01,216.2,2026-08-23_02
52,2,Earthworks,Dig trench,09:04:27,09:22:20,1072.6,2026-08-23_02
53,7,Fluidizing,Fetching water,09:05:22,09:05:36,14.3,2026-08-23_02
54,7,Fluidizing,Fetching water,09:05:36,09:15:28,591.4,2026-08-23_02
55,10,Fluidizing,Fetching water,09:05:45,09:15:11,565.9,2026-08-23_02
56,8,Fluidizing,Mixing,09:08:01,09:13:34,333.3,2026-08-23_02
57,8,Rest,,09:13:34,09:22:14,520.3,2026-08-23_02
58,10,Fluidizing,Adding water,09:15:11,09:19:07,235.9,2026-08-23_02
59,7,Rest,,09:15:28,09:17:03,95.4,2026-08-23_02
60,7,Fluidizing,Adding water,09:17:03,09:18:17,73.7,2026-08-23_02
61,7,Rest,,09:18:17,09:18:29,11.8,2026-08-23_02
62,7,Fluidizing,Fetching water,09:18:29,09:29:36,667.6,2026-08-23_02
63,10,Fluidizing,Fetching water,09:19:07,09:29:35,628.2,2026-08-23_02
64,8,Earthworks,Dig trench,09:22:14,09:34:20,725.7,2026-08-23_02
65,2,Rest,,09:22:20,09:34:10,710.2,2026-08-23_02
66,10,Rest,,09:29:35,09:30:45,70.1,2026-08-23_02
67,7,Rest,,09:29:36,09:32:05,148.8,2026-08-23_02
68,10,Fluidizing,Adding water,09:30:45,09:32:08,83,2026-08-23_02
69,7,Fluidizing,Fetching water,09:32:05,09:42:04,598.7,2026-08-23_02
70,10,Fluidizing,Fetching water,09:32:08,09:42:02,593.9,2026-08-23_02
71,2,Earthworks,Dig trench,09:34:10,09:56:02,1311.6,2026-08-23_02
72,8,Rest,,09:34:20,09:41:56,456.1,2026-08-23_02
73,8,Fluidizing,Mixing,09:41:56,09:42:55,59,2026-08-23_02
74,10,Rest,,09:42:02,09:50:17,495.1,2026-08-23_02
75,7,Rest,,09:42:04,09:52:01,597.6,2026-08-23_02
76,8,Rest,,09:42:55,09:43:18,22.9,2026-08-23_02
77,8,Equipment,Maneuvering,09:43:18,09:46:51,213.7,2026-08-23_02
78,8,Superstructure,Modification,09:46:51,09:50:09,197.9,2026-08-23_02
79,8,Rest,,09:50:09,09:51:52,102.7,2026-08-23_02
80,10,Fluidizing,Adding water,09:50:17,09:53:08,171,2026-08-23_02
81,8,Extraction,Pulling out trash,09:51:52,09:53:54,122.4,2026-08-23_02
82,7,Disposal,,09:52:01,09:52:57,55.9,2026-08-23_02
83,7,Rest,,09:52:57,09:55:11,133.5,2026-08-23_02
84,10,Rest,,09:53:08,10:00:30,442.3,2026-08-23_02
85,8,Extraction,Removing sludge,09:53:54,09:55:49,114.8,2026-08-23_02
86,7,Disposal,,09:55:11,09:55:44,32.8,2026-08-23_02
87,7,Rest,,09:55:44,10:13:06,1042.3,2026-08-23_02
88,8,Equipment,Maneuvering,09:55:49,09:57:56,126.6,2026-08-23_02
89,2,Rest,,09:56:02,10:06:53,651.4,2026-08-23_02
90,8,Extraction,Removing sludge,09:57:56,10:06:59,542.8,2026-08-23_02
91,10,Disposal,,10:00:30,10:01:19,49.1,2026-08-23_02
92,10,Rest,,10:01:19,10:03:13,113.2,2026-08-23_02
93,10,Communication,With other gulper(s),10:03:13,10:06:50,217.7,2026-08-23_02
94,10,Rest,,10:06:50,10:21:16,865.8,2026-08-23_02
95,2,Communication,With other gulper(s),10:06:53,10:09:05,132.2,2026-08-23_02
96,8,Fluidizing,Mixing,10:06:59,10:14:26,447.1,2026-08-23_02
97,2,Rest,,10:09:05,10:21:07,721.7,2026-08-23_02
98,7,Disposal,,10:13:06,10:14:08,62,2026-08-23_02
99,7,Rest,,10:14:08,10:14:19,11.5,2026-08-23_02
100,7,Disposal,,10:14:19,10:16:28,128.6,2026-08-23_02
101,8,Extraction,Removing sludge,10:14:26,10:21:18,412.5,2026-08-23_02
102,7,Rest,,10:16:28,10:19:00,152.1,2026-08-23_02
103,7,Disposal,,10:19:00,10:19:52,52.3,2026-08-23_02
104,7,Rest,,10:19:52,10:25:55,362.3,2026-08-23_02
105,2,Equipment,Maneuvering,10:21:07,10:21:27,19.4,2026-08-23_02
106,10,Disposal,,10:21:16,10:24:08,171.6,2026-08-23_02
107,8,Rest,,10:21:18,10:30:43,565.2,2026-08-23_02
108,2,Fluidizing,Mixing,10:21:27,10:36:52,925.1,2026-08-23_02
109,10,Rest,,10:24:08,10:27:59,231.3,2026-08-23_02
110,7,Fluidizing,Adding water,10:25:55,10:27:54,119.3,2026-08-23_02
111,7,Fluidizing,Fetching water,10:27:54,10:34:28,393.6,2026-08-23_02
112,10,Fluidizing,Fetching water,10:27:59,10:34:33,394.5,2026-08-23_02
113,8,Equipment,Maneuvering,10:30:43,10:32:20,96.7,2026-08-23_02
114,8,Rest,,10:32:20,10:42:07,586.8,2026-08-23_02
115,7,Rest,,10:34:28,10:35:27,59.6,2026-08-23_02
116,10,Rest,,10:34:33,10:40:06,332.3,2026-08-23_02
117,7,Disposal,,10:35:27,10:35:35,7.7,2026-08-23_02
118,7,Rest,,10:35:35,10:37:08,93.1,2026-08-23_02
119,2,Rest,,10:36:52,10:51:37,885.7,2026-08-23_02
120,7,Fluidizing,Mixing,10:37:08,10:39:50,161.7,2026-08-23_02
121,7,Rest,,10:39:50,10:44:10,260.6,2026-08-23_02
122,10,Fluidizing,Mixing,10:40:06,10:42:02,116.6,2026-08-23_02
123,10,Rest,,10:42:02,10:45:55,232.4,2026-08-23_02
124,8,Fluidizing,Mixing,10:42:07,10:42:58,50.6,2026-08-23_02
125,8,Extraction,Removing sludge,10:42:58,10:51:42,524.2,2026-08-23_02
126,7,Disposal,,10:44:10,10:44:42,32,2026-08-23_02
127,7,Rest,,10:44:42,10:48:17,214.8,2026-08-23_02
128,10,Disposal,,10:45:55,10:46:44,49.7,2026-08-23_02
129,10,Rest,,10:46:44,10:52:38,354.2,2026-08-23_02
130,7,Disposal,,10:48:17,10:49:58,101.3,2026-08-23_02
131,7,Rest,,10:49:58,10:53:49,230.4,2026-08-23_02
132,2,Disposal,,10:51:37,10:52:41,63.4,2026-08-23_02
133,8,Rest,,10:51:42,11:04:50,788.6,2026-08-23_02
134,10,Fluidizing,Mixing,10:52:38,10:53:33,55,2026-08-23_02
135,2,Rest,,10:52:41,10:53:30,49,2026-08-23_02
136,2,Fluidizing,Mixing,10:53:30,10:53:53,23.4,2026-08-23_02
137,10,Rest,,10:53:33,11:02:27,533.6,2026-08-23_02
138,7,Fluidizing,Mixing,10:53:49,10:55:31,102.5,2026-08-23_02
139,2,Rest,,10:53:53,10:55:46,113,2026-08-23_02
140,7,Rest,,10:55:31,11:01:03,332.1,2026-08-23_02
141,2,Fluidizing,Mixing,10:55:46,10:56:51,65.1,2026-08-23_02
142,2,Extraction,Pulling out trash,10:56:51,10:57:58,66.7,2026-08-23_02
143,2,Fluidizing,Mixing,10:57:58,11:00:27,148.9,2026-08-23_02
144,2,Communication,With other gulper(s),11:00:27,11:00:42,15,2026-08-23_02
145,2,Fluidizing,Mixing,11:00:42,11:03:20,157.7,2026-08-23_02
146,7,Extraction,Pulling out trash,11:01:03,11:04:43,219.9,2026-08-23_02
147,10,Fluidizing,Adding water,11:02:27,11:03:11,43.6,2026-08-23_02
148,10,Rest,,11:03:11,11:07:33,262.6,2026-08-23_02
149,2,Extraction,Pulling out trash,11:03:20,11:07:50,270.4,2026-08-23_02
150,7,Rest,,11:04:43,11:09:29,285.4,2026-08-23_02
151,8,Communication,With client(s),11:04:50,11:07:42,171.5,2026-08-23_02
152,10,Disposal,,11:07:33,11:09:17,103.8,2026-08-23_02
153,8,Rest,,11:07:42,11:17:36,594.4,2026-08-23_02
154,2,Extraction,Removing sludge,11:07:50,11:09:23,93.2,2026-08-23_02
155,10,Rest,,11:09:17,11:14:05,288.3,2026-08-23_02
156,2,Rest,,11:09:23,11:11:19,115.8,2026-08-23_02
157,7,Fluidizing,Mixing,11:09:29,11:17:16,467.2,2026-08-23_02
158,2,Extraction,Pulling out trash,11:11:19,11:11:27,7.9,2026-08-23_02
159,2,Rest,,11:11:27,11:11:47,20.3,2026-08-23_02
160,2,Extraction,Pulling out trash,11:11:47,11:13:49,121.9,2026-08-23_02
161,2,Rest,,11:13:49,11:21:10,440.7,2026-08-23_02
162,10,Fluidizing,Mixing,11:14:05,11:17:28,202.4,2026-08-23_02
163,7,Rest,,11:17:16,11:24:28,432.5,2026-08-23_02
164,10,Rest,,11:17:28,11:41:48,1459.8,2026-08-23_02
165,8,Fluidizing,Mixing,11:17:36,11:21:06,210.2,2026-08-23_02
166,8,Rest,,11:21:06,11:24:44,217.5,2026-08-23_02
167,2,Fluidizing,Mixing,11:21:10,11:24:33,203.6,2026-08-23_02
168,7,Disposal,,11:24:28,11:24:48,20.1,2026-08-23_02
169,2,Rest,,11:24:33,11:33:18,524.6,2026-08-23_02
170,8,Fluidizing,Mixing,11:24:44,11:31:45,421.2,2026-08-23_02
171,7,Rest,,11:24:48,11:35:02,613.2,2026-08-23_02
172,8,Extraction,Pulling out trash,11:31:45,11:31:50,4.6,2026-08-23_02
173,8,Extraction,Removing sludge,11:31:50,11:37:51,360.9,2026-08-23_02
174,2,Disposal,,11:33:18,11:34:35,76.5,2026-08-23_02
175,2,Rest,,11:34:35,11:38:40,245.8,2026-08-23_02
176,7,Disposal,,11:35:02,11:35:38,35.9,2026-08-23_02
177,7,Rest,,11:35:38,11:44:16,518.6,2026-08-23_02
178,8,Communication,With client(s),11:37:51,11:38:47,56,2026-08-23_02
179,2,Communication,With client(s),11:38:40,11:40:58,137.4,2026-08-23_02
180,8,Extraction,Removing sludge,11:38:47,11:41:56,189.7,2026-08-23_02
181,2,Rest,,11:40:58,11:45:12,253.8,2026-08-23_02
182,10,Disposal,,11:41:48,11:42:56,68.3,2026-08-23_02
183,8,Rest,,11:41:56,11:42:24,27.6,2026-08-23_02
184,8,Equipment,Cleaning,11:42:24,11:43:04,39.9,2026-08-23_02
185,10,Superstructure,Cleaning,11:42:56,11:46:26,210,2026-08-23_02
186,8,Communication,With other gulper(s),11:43:04,11:44:01,57.1,2026-08-23_02
187,8,Superstructure,Modification,11:44:01,11:46:36,155.2,2026-08-23_02
188,7,Superstructure,Cleaning,11:44:16,11:45:05,48.7,2026-08-23_02
189,7,Rest,,11:45:05,11:48:29,204.4,2026-08-23_02
190,2,Superstructure,Repair,11:45:12,11:48:09,177.2,2026-08-23_02
191,10,Rest,,11:46:26,11:48:25,119,2026-08-23_02
192,8,Superstructure,Repair,11:46:36,11:49:18,161.7,2026-08-23_02
193,2,Earthworks,Dig trench,11:48:09,11:48:13,4.4,2026-08-23_02
194,2,Earthworks,Fill trench,11:48:13,11:52:56,283.1,2026-08-23_02
195,10,Fluidizing,Fetching water,11:48:25,11:50:51,145.6,2026-08-23_02
196,7,Fluidizing,Fetching water,11:48:29,11:51:34,185.1,2026-08-23_02
197,8,Earthworks,Fill trench,11:49:18,11:57:03,464.7,2026-08-23_02
198,10,Equipment,Maneuvering,11:50:51,11:52:23,92.4,2026-08-23_02
199,7,Superstructure,Cleaning,11:51:34,11:51:48,13.4,2026-08-23_02
200,7,Equipment,Cleaning,11:51:48,11:52:05,17.1,2026-08-23_02
201,7,Rest,,11:52:05,11:52:08,3.3,2026-08-23_02
202,7,Equipment,Cleaning,11:52:08,12:10:43,1115.2,2026-08-23_02
203,10,Superstructure,Cleaning,11:52:23,11:55:57,214.3,2026-08-23_02
204,2,Communication,With other gulper(s),11:52:56,11:53:10,13.2,2026-08-23_02
205,2,Earthworks,Fill trench,11:53:10,11:57:32,262.8,2026-08-23_02
206,10,Equipment,Cleaning,11:55:57,12:10:47,890,2026-08-23_02
207,8,Equipment,Maneuvering,11:57:03,11:57:29,26,2026-08-23_02
208,8,Equipment,Cleaning,11:57:29,12:10:50,801.2,2026-08-23_02
209,2,Equipment,Cleaning,11:57:32,12:10:45,792.7,2026-08-23_02
210,7,Rest,,12:10:43,12:11:10,26.7,2026-08-23_02
211,2,Rest,,12:10:45,12:11:10,25.1,2026-08-23_02
212,10,Rest,,12:10:47,12:11:10,22.8,2026-08-23_02
213,8,Rest,,12:10:50,12:11:10,20.4,2026-08-23_02
1,15,Superstructure,Inspection,13:45:26,13:46:44,78.5,2026-08-25_02
2,9,Earthworks,Dig trench,13:45:32,13:54:38,545.3,2026-08-25_02
3,4,Superstructure,Inspection,13:45:39,13:46:46,67.3,2026-08-25_02
4,15,Rest,,13:46:44,13:55:55,551.1,2026-08-25_02
5,4,Rest,,13:46:46,13:54:17,451.4,2026-08-25_02
6,4,Earthworks,Dig trench,13:54:17,13:55:58,100.2,2026-08-25_02
7,9,Rest,,13:54:38,13:56:06,88.5,2026-08-25_02
8,15,Earthworks,Dig trench,13:55:55,13:59:38,222.8,2026-08-25_02
9,4,Rest,,13:55:58,13:59:42,224.1,2026-08-25_02
10,9,Earthworks,Dig trench,13:56:06,13:57:21,75,2026-08-25_02
11,9,Rest,,13:57:21,14:07:06,585.3,2026-08-25_02
12,15,Rest,,13:59:38,14:07:38,480.1,2026-08-25_02
13,4,Earthworks,Dig trench,13:59:42,14:07:09,447.7,2026-08-25_02
14,9,Earthworks,Dig trench,14:07:06,14:07:35,28.7,2026-08-25_02
15,4,Rest,,14:07:09,14:09:56,166.7,2026-08-25_02
16,9,Rest,,14:07:35,14:27:30,1194.5,2026-08-25_02
17,15,Earthworks,Dig trench,14:07:38,14:12:43,304.9,2026-08-25_02
18,4,Earthworks,Dig trench,14:09:56,14:11:25,88.4,2026-08-25_02
19,4,Rest,,14:11:25,14:28:29,1024.1,2026-08-25_02
20,15,Earthworks,Put hole in pit liner,14:12:43,14:17:26,282.9,2026-08-25_02
21,15,Extraction,Pulling out trash,14:17:26,14:23:27,360.9,2026-08-25_02
22,15,Rest,,14:23:27,14:23:31,4.5,2026-08-25_02
23,15,Extraction,Removing sludge,14:23:31,14:26:05,153.3,2026-08-25_02
24,15,Earthworks,Repair pit liner,14:26:05,14:28:23,138.5,2026-08-25_02
25,9,Communication,With other gulper(s),14:27:30,14:28:26,56.7,2026-08-25_02
26,15,Rest,,14:28:23,14:28:52,29.2,2026-08-25_02
27,9,Rest,,14:28:26,14:29:10,43.5,2026-08-25_02
28,4,Equipment,Maneuvering,14:28:29,14:29:15,46.7,2026-08-25_02
29,15,Earthworks,Repair pit liner,14:28:52,14:29:30,37.3,2026-08-25_02
30,9,Earthworks,Fill trench,14:29:10,14:33:36,266.6,2026-08-25_02
31,4,Earthworks,Fill trench,14:29:15,14:33:39,263.2,2026-08-25_02
32,15,Earthworks,Fill trench,14:29:30,14:33:35,245.2,2026-08-25_02
33,15,Rest,,14:33:35,14:33:44,8.8,2026-08-25_02
34,9,Rest,,14:33:36,14:33:44,7.2,2026-08-25_02
35,4,Rest,,14:33:39,14:33:44,4.9,2026-08-25_02
1,9,Earthworks,Dig trench,14:40:36,14:41:53,76.9,2026-08-25_03
2,15,Earthworks,Dig trench,14:41:25,14:42:04,39,2026-08-25_03
3,4,Superstructure,Inspection,14:41:32,14:41:57,24.6,2026-08-25_03
4,9,Rest,,14:41:53,14:43:01,68,2026-08-25_03
5,4,Rest,,14:41:57,14:42:54,57.4,2026-08-25_03
6,15,Superstructure,Inspection,14:42:04,14:44:16,131.6,2026-08-25_03
7,4,Earthworks,Dig trench,14:42:54,14:43:43,48.8,2026-08-25_03
8,9,Earthworks,Dig trench,14:43:01,14:44:28,86.9,2026-08-25_03
9,4,Rest,,14:43:43,14:44:31,47.6,2026-08-25_03
10,15,Rest,,14:44:16,14:48:07,231.2,2026-08-25_03
11,9,Rest,,14:44:28,14:45:34,66.2,2026-08-25_03
12,4,Earthworks,Dig trench,14:44:31,14:45:59,88.3,2026-08-25_03
13,9,Earthworks,Dig trench,14:45:34,14:48:11,157.1,2026-08-25_03
14,4,Rest,,14:45:59,14:49:54,235,2026-08-25_03
15,15,Earthworks,Dig trench,14:48:07,14:48:29,21.8,2026-08-25_03
16,9,Rest,,14:48:11,14:48:27,16.2,2026-08-25_03
17,9,Earthworks,Dig trench,14:48:27,14:50:29,122.2,2026-08-25_03
18,15,Rest,,14:48:29,14:50:27,117.7,2026-08-25_03
19,4,Earthworks,Dig trench,14:49:54,14:50:31,37,2026-08-25_03
20,15,Earthworks,Dig trench,14:50:27,14:53:04,157.6,2026-08-25_03
21,9,Rest,,14:50:29,15:06:11,941.4,2026-08-25_03
22,4,Rest,,14:50:31,14:52:34,123.4,2026-08-25_03
23,4,Earthworks,Dig trench,14:52:34,14:54:48,133.9,2026-08-25_03
24,15,Rest,,14:53:04,14:53:38,33.6,2026-08-25_03
25,15,Communication,With other gulper(s),14:53:38,14:53:50,11.7,2026-08-25_03
26,15,Earthworks,Dig trench,14:53:50,14:56:17,147,2026-08-25_03
27,4,Rest,,14:54:48,14:59:00,252,2026-08-25_03
28,15,Communication,With other gulper(s),14:56:17,14:56:43,26,2026-08-25_03
29,15,Earthworks,Dig trench,14:56:43,14:59:03,140.1,2026-08-25_03
30,4,Earthworks,Dig trench,14:59:00,14:59:58,57.7,2026-08-25_03
31,15,Rest,,14:59:03,14:59:56,53.7,2026-08-25_03
32,15,Earthworks,Dig trench,14:59:56,15:02:59,182.8,2026-08-25_03
33,4,Rest,,14:59:58,15:03:02,183.9,2026-08-25_03
34,15,Rest,,15:02:59,15:03:13,13.9,2026-08-25_03
35,4,Earthworks,Dig trench,15:03:02,15:03:15,13.2,2026-08-25_03
36,15,Earthworks,Dig trench,15:03:13,15:06:04,171.5,2026-08-25_03
37,4,Rest,,15:03:15,15:08:36,320.9,2026-08-25_03
38,15,Rest,,15:06:04,15:07:07,62.8,2026-08-25_03
39,9,Earthworks,Put hole in pit liner,15:06:11,15:07:00,48.9,2026-08-25_03
40,9,Rest,,15:07:00,15:18:31,690.9,2026-08-25_03
41,15,Earthworks,Put hole in pit liner,15:07:07,15:08:40,93.1,2026-08-25_03
42,4,Earthworks,Put hole in pit liner,15:08:36,15:10:44,128.5,2026-08-25_03
43,15,Rest,,15:08:40,15:10:42,121.6,2026-08-25_03
44,15,Extraction,Removing sludge,15:10:42,15:13:46,184.5,2026-08-25_03
45,4,Rest,,15:10:44,15:13:51,186.2,2026-08-25_03
46,15,Rest,,15:13:46,15:14:51,64.9,2026-08-25_03
47,4,Equipment,Maneuvering,15:13:51,15:17:00,189.7,2026-08-25_03
48,15,Extraction,Removing sludge,15:14:51,15:20:10,318.6,2026-08-25_03
49,4,Fluidizing,Mixing,15:17:00,15:18:25,84.6,2026-08-25_03
50,4,Travel,On errand,15:18:25,15:19:09,44,2026-08-25_03
51,9,Communication,With other gulper(s),15:18:31,15:20:15,104.1,2026-08-25_03
52,4,Rest,,15:19:09,15:21:13,124.3,2026-08-25_03
53,15,Earthworks,Repair pit liner,15:20:10,15:22:44,154.4,2026-08-25_03
54,9,Rest,,15:20:15,15:23:14,179,2026-08-25_03
55,4,Equipment,Maneuvering,15:21:13,15:22:22,68.8,2026-08-25_03
56,4,Rest,,15:22:22,15:23:17,55.1,2026-08-25_03
57,15,Earthworks,Repair pit liner,15:22:44,15:24:15,90.6,2026-08-25_03
58,9,Equipment,Maneuvering,15:23:14,15:23:27,13,2026-08-25_03
59,4,Equipment,Maneuvering,15:23:17,15:24:19,61.6,2026-08-25_03
60,9,Rest,,15:23:27,15:24:23,56.4,2026-08-25_03
61,15,Earthworks,Fill trench,15:24:15,15:29:07,291.8,2026-08-25_03
62,4,Rest,,15:24:19,15:24:29,10,2026-08-25_03
63,9,Earthworks,Fill trench,15:24:23,15:30:11,347.7,2026-08-25_03
64,4,Earthworks,Fill trench,15:24:29,15:30:09,340.2,2026-08-25_03
65,15,Superstructure,Repair,15:29:07,15:29:20,13.6,2026-08-25_03
66,15,Rest,,15:29:20,15:31:34,133.5,2026-08-25_03
67,4,Rest,,15:30:09,15:30:17,8.1,2026-08-25_03
68,9,Rest,,15:30:11,15:31:29,78.3,2026-08-25_03
69,4,Equipment,Cleaning,15:30:17,15:32:30,133.3,2026-08-25_03
70,9,Equipment,Cleaning,15:31:29,15:32:37,67.8,2026-08-25_03
71,15,Equipment,Cleaning,15:31:34,15:32:33,59.5,2026-08-25_03
72,4,Rest,,15:32:30,15:33:14,43.3,2026-08-25_03
73,15,Rest,,15:32:33,15:33:14,40.2,2026-08-25_03
74,9,Rest,,15:32:37,15:33:14,36.5,2026-08-25_03
1,16,Earthworks,Dig trench,09:23:24,09:27:59,275.6,2026-08-27_02
2,11,Superstructure,Modification,09:23:44,09:28:34,290,2026-08-27_02
3,2,Superstructure,Modification,09:24:49,09:33:15,506.3,2026-08-27_02
4,16,Fluidizing,Fetching water,09:27:59,09:31:29,209.9,2026-08-27_02
5,11,Earthworks,Dig trench,09:28:34,09:43:39,905.4,2026-08-27_02
6,16,Rest,,09:31:29,09:31:38,9,2026-08-27_02
7,16,Fluidizing,Fetching water,09:31:38,09:39:26,467.6,2026-08-27_02
8,2,Superstructure,Inspection,09:33:15,09:33:30,15.1,2026-08-27_02
9,2,Superstructure,Modification,09:33:30,09:34:56,85.4,2026-08-27_02
10,2,Equipment,Maneuvering,09:34:56,09:35:55,59.1,2026-08-27_02
11,2,Superstructure,Modification,09:35:55,09:37:22,86.9,2026-08-27_02
12,2,Equipment,Maneuvering,09:37:22,09:38:28,66.3,2026-08-27_02
13,2,Rest,,09:38:28,09:38:33,5.5,2026-08-27_02
14,2,Communication,With other gulper(s),09:38:33,09:39:06,32.9,2026-08-27_02
15,2,Superstructure,Modification,09:39:06,09:45:19,372.1,2026-08-27_02
16,16,Rest,,09:39:26,09:42:30,184.5,2026-08-27_02
17,16,Equipment,Maneuvering,09:42:30,09:43:34,63.8,2026-08-27_02
18,16,Rest,,09:43:34,09:43:37,2.8,2026-08-27_02
19,16,Communication,With other gulper(s),09:43:37,09:44:27,50,2026-08-27_02
20,11,Rest,,09:43:39,09:45:24,104.2,2026-08-27_02
21,16,Communication,With client(s),09:44:27,09:45:07,40.1,2026-08-27_02
22,16,Fluidizing,Fetching water,09:45:07,09:52:14,427.2,2026-08-27_02
23,2,Fluidizing,Adding water,09:45:19,09:46:18,59.8,2026-08-27_02
24,11,Earthworks,Dig trench,09:45:24,09:49:02,218.6,2026-08-27_02
25,2,Fluidizing,Mixing,09:46:18,09:47:37,79,2026-08-27_02
26,2,Rest,,09:47:37,09:50:28,170.8,2026-08-27_02
27,11,Superstructure,Inspection,09:49:02,09:50:15,72.4,2026-08-27_02
28,11,Earthworks,Dig trench,09:50:15,09:52:49,154.3,2026-08-27_02
29,2,Fluidizing,Mixing,09:50:28,09:51:58,89.8,2026-08-27_02
30,2,Rest,,09:51:58,09:52:01,3.6,2026-08-27_02
31,2,Communication,With other gulper(s),09:52:01,09:53:14,72.2,2026-08-27_02
32,16,Communication,With other gulper(s),09:52:14,09:54:17,122.8,2026-08-27_02
33,11,Rest,,09:52:49,09:55:20,150.8,2026-08-27_02
34,2,Rest,,09:53:14,09:54:26,72.8,2026-08-27_02
35,16,Fluidizing,Fetching water,09:54:17,10:02:41,504.5,2026-08-27_02
36,2,Earthworks,Dig trench,09:54:26,10:00:32,365.8,2026-08-27_02
37,11,Communication,With client(s),09:55:20,09:57:19,119.2,2026-08-27_02
38,11,Rest,,09:57:19,10:00:36,197.3,2026-08-27_02
39,2,Rest,,10:00:32,10:02:03,90.8,2026-08-27_02
40,11,Earthworks,Dig trench,10:00:36,10:02:06,89.4,2026-08-27_02
41,14,Equipment,Maneuvering,10:00:55,10:06:53,357.9,2026-08-27_02
42,2,Earthworks,Dig trench,10:02:03,10:03:59,116.4,2026-08-27_02
43,11,Rest,,10:02:06,10:03:37,90.9,2026-08-27_02
44,16,Rest,,10:02:41,10:04:56,134.6,2026-08-27_02
45,11,Earthworks,Dig trench,10:03:37,10:05:10,93.7,2026-08-27_02
46,2,Rest,,10:03:59,10:05:08,68.4,2026-08-27_02
47,16,Communication,With other gulper(s),10:04:56,10:06:40,104.4,2026-08-27_02
48,2,Earthworks,Dig trench,10:05:08,10:06:32,84.5,2026-08-27_02
49,11,Rest,,10:05:10,10:06:35,84.7,2026-08-27_02
50,2,Rest,,10:06:32,10:07:28,56,2026-08-27_02
51,11,Earthworks,Dig trench,10:06:35,10:06:56,21,2026-08-27_02
52,16,Rest,,10:06:40,10:08:13,92.9,2026-08-27_02
53,14,Earthworks,Dig trench,10:06:53,10:16:05,552.2,2026-08-27_02
54,11,Rest,,10:06:56,10:07:35,39.3,2026-08-27_02
55,2,Communication,With other gulper(s),10:07:28,10:09:15,106.8,2026-08-27_02
56,11,Communication,With other gulper(s),10:07:35,10:09:22,106.5,2026-08-27_02
57,16,Communication,With other gulper(s),10:08:13,10:13:00,286.5,2026-08-27_02
58,2,Fluidizing,Mixing,10:09:15,10:12:24,189.1,2026-08-27_02
59,11,Rest,,10:09:22,10:59:28,3006.4,2026-08-27_02
60,2,Fluidizing,Adding water,10:12:24,10:16:42,258.3,2026-08-27_02
61,16,Rest,,10:13:00,10:15:30,150.1,2026-08-27_02
62,16,Equipment,Maneuvering,10:15:30,10:20:17,287.6,2026-08-27_02
63,14,Rest,,10:16:05,10:17:20,74.8,2026-08-27_02
64,2,Extraction,Pulling out trash,10:16:42,10:20:10,207.8,2026-08-27_02
65,14,Earthworks,Dig trench,10:17:20,10:20:34,193.6,2026-08-27_02
66,2,Fluidizing,Mixing,10:20:10,10:20:25,15,2026-08-27_02
67,16,Rest,,10:20:17,10:20:29,11.2,2026-08-27_02
68,2,Extraction,Pulling out trash,10:20:25,10:22:00,94.2,2026-08-27_02
69,16,Extraction,Pulling out trash,10:20:29,10:21:16,47,2026-08-27_02
70,14,Rest,,10:20:34,10:20:44,10.5,2026-08-27_02
71,14,Superstructure,Inspection,10:20:44,10:22:09,85.2,2026-08-27_02
72,16,Rest,,10:21:16,10:26:20,304.1,2026-08-27_02
73,2,Fluidizing,Mixing,10:22:00,10:23:57,117.3,2026-08-27_02
74,14,Rest,,10:22:09,10:22:32,22.7,2026-08-27_02
75,14,Communication,With other gulper(s),10:22:32,10:24:09,96.9,2026-08-27_02
76,2,Extraction,Pulling out trash,10:23:57,10:26:53,176.4,2026-08-27_02
77,14,Rest,,10:24:09,10:27:28,199.4,2026-08-27_02
78,16,Sludge handling,Container transport,10:26:20,10:26:45,25.4,2026-08-27_02
79,16,Rest,,10:26:45,10:27:50,64.8,2026-08-27_02
80,2,Fluidizing,Mixing,10:26:53,10:27:21,28,2026-08-27_02
81,2,Extraction,Pulling out trash,10:27:21,10:27:39,18.2,2026-08-27_02
82,14,Communication,With other gulper(s),10:27:28,10:27:36,7.4,2026-08-27_02
83,14,Equipment,Maneuvering,10:27:36,10:27:44,8.1,2026-08-27_02
84,2,Rest,,10:27:39,10:28:04,24.6,2026-08-27_02
85,14,Communication,With other gulper(s),10:27:44,10:28:45,61.6,2026-08-27_02
86,16,Equipment,Maneuvering,10:27:50,10:27:54,4.2,2026-08-27_02
87,16,Rest,,10:27:54,10:29:13,78.9,2026-08-27_02
88,2,Extraction,Removing sludge,10:28:04,10:56:00,1675.6,2026-08-27_02
89,14,Rest,,10:28:45,10:30:15,89.5,2026-08-27_02
90,16,Disposal,,10:29:13,10:29:22,8.7,2026-08-27_02
91,16,Rest,,10:29:22,10:35:38,376.5,2026-08-27_02
92,14,Disposal,,10:30:15,10:32:04,109.3,2026-08-27_02
93,14,Rest,,10:32:04,10:32:20,16.1,2026-08-27_02
94,14,Disposal,,10:32:20,10:32:30,10.1,2026-08-27_02
95,14,Rest,,10:32:30,10:34:14,103.4,2026-08-27_02
96,14,Disposal,,10:34:14,10:34:23,8.9,2026-08-27_02
97,14,Rest,,10:34:23,10:40:54,391.1,2026-08-27_02
98,16,Disposal,,10:35:38,10:36:22,44.1,2026-08-27_02
99,16,Rest,,10:36:22,10:42:38,375.9,2026-08-27_02
100,14,Disposal,,10:40:54,10:41:09,15.1,2026-08-27_02
101,14,Rest,,10:41:09,10:42:45,95.9,2026-08-27_02
102,16,Disposal,,10:42:38,10:42:42,4.1,2026-08-27_02
103,16,Rest,,10:42:42,10:45:07,145,2026-08-27_02
104,14,Disposal,,10:42:45,10:43:19,33.9,2026-08-27_02
105,14,Rest,,10:43:19,10:48:46,327.6,2026-08-27_02
106,16,Disposal,,10:45:07,10:47:59,171.4,2026-08-27_02
107,16,Rest,,10:47:59,10:50:06,127,2026-08-27_02
108,14,Disposal,,10:48:46,10:49:03,16.9,2026-08-27_02
109,14,Rest,,10:49:03,10:49:39,35.7,2026-08-27_02
110,14,Earthworks,Fill trench,10:49:39,10:50:16,37.5,2026-08-27_02
111,16,Equipment,Maneuvering,10:50:06,10:50:55,49.3,2026-08-27_02
112,14,Disposal,,10:50:16,10:50:22,5.9,2026-08-27_02
113,14,Rest,,10:50:22,10:52:03,100.4,2026-08-27_02
114,16,Rest,,10:50:55,10:55:26,271.3,2026-08-27_02
115,14,Disposal,,10:52:03,10:52:46,42.7,2026-08-27_02
116,14,Rest,,10:52:46,11:01:22,516.1,2026-08-27_02
117,16,Disposal,,10:55:26,10:56:05,38.4,2026-08-27_02
118,2,Extraction,Removing sludge,10:56:00,11:03:28,448.4,2026-08-27_02
119,16,Rest,,10:56:05,10:59:20,195,2026-08-27_02
120,16,Disposal,,10:59:20,11:00:04,43.8,2026-08-27_02
121,11,Communication,With other gulper(s),10:59:28,11:00:07,38.5,2026-08-27_02
122,16,Rest,,11:00:04,11:01:27,83.2,2026-08-27_02
123,11,Rest,,11:00:07,11:03:05,178,2026-08-27_02
124,14,Communication,With other gulper(s),11:01:22,11:02:28,66.3,2026-08-27_02
125,16,Communication,With other gulper(s),11:01:27,11:02:06,39.5,2026-08-27_02
126,16,Rest,,11:02:06,11:04:30,144.1,2026-08-27_02
127,14,Rest,,11:02:28,11:02:53,25,2026-08-27_02
128,14,Earthworks,Fill trench,11:02:53,11:03:32,39.4,2026-08-27_02
129,11,Disposal,,11:03:05,11:04:35,90.1,2026-08-27_02
130,2,Communication,With other gulper(s),11:03:28,11:04:25,56.9,2026-08-27_02
131,14,Communication,With other gulper(s),11:03:32,11:05:36,123.3,2026-08-27_02
132,2,Superstructure,Cleaning,11:04:25,11:06:42,137.1,2026-08-27_02
133,16,Fluidizing,Adding water,11:04:30,11:05:43,72.8,2026-08-27_02
134,11,Rest,,11:04:35,11:09:04,269.5,2026-08-27_02
135,14,Rest,,11:05:36,11:11:20,344.1,2026-08-27_02
136,16,Equipment,Maneuvering,11:05:43,11:06:37,53.9,2026-08-27_02
137,16,Rest,,11:06:37,11:18:36,719.4,2026-08-27_02
138,2,Fluidizing,Mixing,11:06:42,11:08:59,137.2,2026-08-27_02
139,2,Extraction,Pulling out trash,11:08:59,11:11:29,149.9,2026-08-27_02
140,11,Extraction,Pulling out trash,11:09:04,11:11:25,140.7,2026-08-27_02
141,14,Earthworks,Fill trench,11:11:20,11:19:03,463.6,2026-08-27_02
142,11,Rest,,11:11:25,11:21:09,584.3,2026-08-27_02
143,2,Fluidizing,Mixing,11:11:29,11:19:00,450.9,2026-08-27_02
144,16,Communication,With client(s),11:18:36,11:18:49,12.4,2026-08-27_02
145,16,Rest,,11:18:49,11:20:26,97.2,2026-08-27_02
146,2,Extraction,Pulling out trash,11:19:00,11:20:52,112.3,2026-08-27_02
147,14,Rest,,11:19:03,11:20:23,80,2026-08-27_02
148,14,Communication,With other gulper(s),11:20:23,11:21:16,53,2026-08-27_02
149,16,Equipment,Maneuvering,11:20:26,11:20:59,32.9,2026-08-27_02
150,2,Extraction,Removing sludge,11:20:52,11:44:05,1393,2026-08-27_02
151,16,Communication,With other gulper(s),11:20:59,11:21:56,57.2,2026-08-27_02
152,11,Communication,With other gulper(s),11:21:09,11:22:47,98,2026-08-27_02
153,14,Equipment,Cleaning,11:21:16,11:22:01,44.8,2026-08-27_02
154,16,Rest,,11:21:56,11:23:37,100.5,2026-08-27_02
155,14,Rest,,11:22:01,11:22:10,9.1,2026-08-27_02
156,14,Disposal,,11:22:10,11:22:30,20.2,2026-08-27_02
157,14,Rest,,11:22:30,11:24:16,105.7,2026-08-27_02
158,11,Rest,,11:22:47,11:28:12,324.6,2026-08-27_02
159,16,Rest,,11:23:38,11:34:19,640.4,2026-08-27_02
160,14,Communication,With other gulper(s),11:24:16,11:24:33,16.8,2026-08-27_02
161,14,Disposal,,11:24:33,11:24:53,20.2,2026-08-27_02
162,14,Rest,,11:24:53,11:27:29,155.7,2026-08-27_02
163,14,Earthworks,Fill trench,11:27:29,11:38:53,683.9,2026-08-27_02
164,11,Equipment,Maneuvering,11:28:12,11:28:30,18.2,2026-08-27_02
165,11,Disposal,,11:28:30,11:29:17,46.8,2026-08-27_02
166,11,Rest,,11:29:17,11:32:22,185.6,2026-08-27_02
167,11,Disposal,,11:32:22,11:32:58,35.5,2026-08-27_02
168,11,Rest,,11:32:58,11:36:13,195.7,2026-08-27_02
169,16,Communication,With other gulper(s),11:34:19,11:34:28,9,2026-08-27_02
170,16,Disposal,,11:34:28,11:34:30,2.3,2026-08-27_02
171,16,Rest,,11:34:30,11:36:20,109.8,2026-08-27_02
172,11,Disposal,,11:36:13,11:38:06,112.9,2026-08-27_02
173,16,Equipment,Maneuvering,11:36:20,11:36:32,12.5,2026-08-27_02
174,16,Rest,,11:36:32,11:38:41,128.9,2026-08-27_02
175,11,Disposal,,11:38:06,11:38:10,3.4,2026-08-27_02
176,11,Rest,,11:38:10,11:45:21,431.5,2026-08-27_02
177,16,Disposal,,11:38:41,11:41:43,181.2,2026-08-27_02
178,14,Communication,With other gulper(s),11:38:53,11:40:25,92,2026-08-27_02
179,14,Rest,,11:40:25,11:44:32,247.4,2026-08-27_02
180,16,Rest,,11:41:43,11:45:08,205.5,2026-08-27_02
181,2,Rest,,11:44:05,11:47:09,183.6,2026-08-27_02
182,14,Earthworks,Fill trench,11:44:32,11:49:42,310.1,2026-08-27_02
183,16,Equipment,Cleaning,11:45:08,11:47:23,135,2026-08-27_02
184,11,Equipment,Cleaning,11:45:21,11:46:08,46.5,2026-08-27_02
185,11,Communication,With other gulper(s),11:46:08,11:46:19,10.9,2026-08-27_02
186,11,Equipment,Cleaning,11:46:19,11:49:01,162.8,2026-08-27_02
187,2,Equipment,Maneuvering,11:47:09,11:50:33,204.2,2026-08-27_02
188,16,Superstructure,Cleaning,11:47:23,11:50:29,185.4,2026-08-27_02
189,11,Rest,,11:49:01,11:51:27,145.3,2026-08-27_02
190,14,Rest,,11:49:42,11:50:54,71.8,2026-08-27_02
191,16,Communication,With other gulper(s),11:50:29,11:50:58,29.5,2026-08-27_02
192,2,Equipment,Maneuvering,11:50:33,11:51:04,30.9,2026-08-27_02
193,14,Communication,With other gulper(s),11:50:54,11:51:34,40,2026-08-27_02
194,16,Rest,,11:50:58,11:51:21,23.1,2026-08-27_02
195,2,Rest,,11:51:04,11:51:41,36.4,2026-08-27_02
196,16,Fluidizing,Fetching water,11:51:21,11:55:50,269.1,2026-08-27_02
197,11,Fluidizing,Fetching water,11:51:27,11:54:38,191.1,2026-08-27_02
198,14,Equipment,Cleaning,11:51:34,11:52:39,65.4,2026-08-27_02
199,2,Equipment,Maneuvering,11:51:41,11:52:34,53.5,2026-08-27_02
200,2,Travel,On errand,11:52:34,11:55:53,199,2026-08-27_02
201,14,Travel,On errand,11:52:39,11:54:28,108.6,2026-08-27_02
202,14,Equipment,Cleaning,11:54:28,12:01:37,428.6,2026-08-27_02
203,11,Equipment,Cleaning,11:54:38,12:01:42,424.1,2026-08-27_02
204,16,Equipment,Cleaning,11:55:50,12:01:40,349.7,2026-08-27_02
205,2,Equipment,Cleaning,11:55:53,12:01:48,354.5,2026-08-27_02
206,14,Travel,On errand,12:01:37,12:03:33,116.3,2026-08-27_02
207,16,Travel,On errand,12:01:40,12:03:26,106.4,2026-08-27_02
208,11,Rest,,12:01:42,12:01:44,2.6,2026-08-27_02
209,11,Travel,On errand,12:01:44,12:04:32,167.9,2026-08-27_02
210,2,Travel,On errand,12:01:48,12:05:17,209.1,2026-08-27_02
211,16,Superstructure,Cleaning,12:03:26,12:06:54,207.4,2026-08-27_02
212,14,Rest,,12:03:33,12:06:13,160.4,2026-08-27_02
213,11,Rest,,12:04:32,12:06:05,92.5,2026-08-27_02
214,11,Equipment,Cleaning,12:06:05,12:06:29,23.9,2026-08-27_02
215,14,Equipment,Cleaning,12:06:13,12:06:56,42.6,2026-08-27_02
216,11,Equipment,Cleaning,12:06:29,12:06:31,2.4,2026-08-27_02
217,2,Rest,,13:44:53,13:47:31,158.4,2026-08-27_02
218,11,Rest,,13:46:07,13:47:31,84,2026-08-27_02
219,16,Rest,,13:46:30,13:47:31,61.5,2026-08-27_02
220,14,Rest,,13:46:32,13:47:31,59.2,2026-08-27_02
1,4,Earthworks,Dig trench,13:55:14,13:55:56,41.5,2026-08-27_03
2,15,Earthworks,Dig trench,13:55:23,13:56:38,74.6,2026-08-27_03
3,9,Earthworks,Dig trench,13:55:30,13:58:36,185.9,2026-08-27_03
4,4,Rest,,13:55:56,13:58:43,167.6,2026-08-27_03
5,15,Rest,,13:56:38,14:00:20,222.4,2026-08-27_03
6,9,Rest,,13:58:36,14:01:45,189.5,2026-08-27_03
7,4,Earthworks,Dig trench,13:58:43,14:01:40,177.2,2026-08-27_03
8,15,Earthworks,Dig trench,14:00:20,14:01:05,45.5,2026-08-27_03
9,15,Rest,,14:01:05,14:01:09,3.6,2026-08-27_03
10,15,Earthworks,Dig trench,14:01:09,14:02:35,85.9,2026-08-27_03
11,4,Rest,,14:01:40,14:07:21,340.5,2026-08-27_03
12,9,Earthworks,Dig trench,14:01:45,14:03:52,127.2,2026-08-27_03
13,15,Rest,,14:02:35,14:08:31,356.1,2026-08-27_03
14,9,Earthworks,Dig trench,14:03:52,14:07:17,204.2,2026-08-27_03
15,9,Rest,,14:07:17,14:09:24,127.6,2026-08-27_03
16,4,Earthworks,Dig trench,14:07:21,14:09:31,130.3,2026-08-27_03
17,15,Earthworks,Dig trench,14:08:31,14:09:21,50.2,2026-08-27_03
18,15,Rest,,14:09:21,14:11:53,152,2026-08-27_03
19,9,Earthworks,Dig trench,14:09:24,14:11:55,151.2,2026-08-27_03
20,4,Rest,,14:09:31,14:12:00,148.7,2026-08-27_03
21,15,Earthworks,Dig trench,14:11:53,14:13:04,71,2026-08-27_03
22,9,Rest,,14:11:55,14:14:43,167.5,2026-08-27_03
23,4,Earthworks,Dig trench,14:12:00,14:14:07,126.8,2026-08-27_03
24,15,Rest,,14:13:04,14:13:26,21.9,2026-08-27_03
25,15,Communication,With client(s),14:13:26,14:14:02,35.6,2026-08-27_03
26,15,Rest,,14:14:02,14:21:50,467.9,2026-08-27_03
27,4,Rest,,14:14:07,14:15:37,90,2026-08-27_03
28,9,Earthworks,Dig trench,14:14:43,14:17:36,173.1,2026-08-27_03
29,4,Communication,With other gulper(s),14:15:37,14:16:02,25.3,2026-08-27_03
30,4,Rest,,14:16:02,14:17:34,91.6,2026-08-27_03
31,4,Earthworks,Dig trench,14:17:34,14:19:25,110.9,2026-08-27_03
32,9,Rest,,14:17:36,14:19:31,114.9,2026-08-27_03
33,4,Rest,,14:19:25,14:19:57,32.3,2026-08-27_03
34,9,Communication,With other gulper(s),14:19:31,14:19:59,28.5,2026-08-27_03
35,4,Earthworks,Dig trench,14:19:57,14:21:46,109.1,2026-08-27_03
36,9,Rest,,14:19:59,14:28:45,525.9,2026-08-27_03
37,4,Rest,,14:21:46,14:24:15,149.2,2026-08-27_03
38,15,Earthworks,Dig trench,14:21:50,14:22:04,14.1,2026-08-27_03
39,15,Superstructure,Inspection,14:22:04,14:23:26,82.4,2026-08-27_03
40,15,Earthworks,Dig trench,14:23:26,14:24:12,46.4,2026-08-27_03
41,15,Rest,,14:24:12,14:31:01,409,2026-08-27_03
42,4,Earthworks,Dig trench,14:24:15,14:28:50,274.9,2026-08-27_03
43,9,Earthworks,Dig trench,14:28:45,14:31:04,138.6,2026-08-27_03
44,4,Rest,,14:28:50,14:29:32,41.6,2026-08-27_03
45,4,Fluidizing,Fetching water,14:29:32,14:30:50,78.4,2026-08-27_03
46,4,Rest,,14:30:50,14:34:25,215.1,2026-08-27_03
47,15,Earthworks,Dig trench,14:31:01,14:34:27,205.3,2026-08-27_03
48,9,Rest,,14:31:04,14:41:36,632.4,2026-08-27_03
49,4,Earthworks,Dig trench,14:34:25,14:36:01,95.8,2026-08-27_03
50,15,Rest,,14:34:27,14:35:58,90.7,2026-08-27_03
51,15,Earthworks,Dig trench,14:35:58,14:36:39,41,2026-08-27_03
52,4,Rest,,14:36:01,14:36:29,28.4,2026-08-27_03
53,4,Earthworks,Dig trench,14:36:29,14:38:39,129.3,2026-08-27_03
54,15,Rest,,14:36:39,14:38:37,118.4,2026-08-27_03
55,15,Earthworks,Dig trench,14:38:37,14:40:10,92.8,2026-08-27_03
56,4,Rest,,14:38:39,14:40:07,88.6,2026-08-27_03
57,4,Earthworks,Dig trench,14:40:07,14:41:39,91.4,2026-08-27_03
58,15,Rest,,14:40:10,14:42:02,112.6,2026-08-27_03
59,9,Earthworks,Dig trench,14:41:36,14:43:55,138.4,2026-08-27_03
60,4,Rest,,14:41:39,14:43:53,134,2026-08-27_03
61,15,Fluidizing,Mixing,14:42:02,14:43:29,86.3,2026-08-27_03
62,15,Rest,,14:43:29,14:43:59,30.1,2026-08-27_03
63,4,Earthworks,Dig trench,14:43:53,14:47:09,195.9,2026-08-27_03
64,9,Rest,,14:43:55,14:47:07,192.1,2026-08-27_03
65,15,Communication,With other gulper(s),14:43:59,14:44:03,4.5,2026-08-27_03
66,15,Superstructure,Inspection,14:44:03,14:44:23,20,2026-08-27_03
67,15,Communication,With client(s),14:44:23,14:44:58,35.2,2026-08-27_03
68,15,Rest,,14:44:58,15:08:38,1419.7,2026-08-27_03
69,9,Earthworks,Dig trench,14:47:07,14:51:16,248.9,2026-08-27_03
70,4,Rest,,14:47:09,14:51:22,253.2,2026-08-27_03
71,9,Rest,,14:51:16,15:01:04,588.6,2026-08-27_03
72,4,Earthworks,Dig trench,14:51:22,15:01:06,584.4,2026-08-27_03
73,9,Earthworks,Dig trench,15:01:04,15:02:16,72.1,2026-08-27_03
74,4,Rest,,15:01:06,15:02:13,67.1,2026-08-27_03
75,4,Earthworks,Dig trench,15:02:13,15:05:40,206.5,2026-08-27_03
76,9,Rest,,15:02:16,15:05:37,200.6,2026-08-27_03
77,9,Earthworks,Dig trench,15:05:37,15:08:42,184.7,2026-08-27_03
78,4,Rest,,15:05:40,15:09:59,259.2,2026-08-27_03
79,15,Earthworks,Dig trench,15:08:38,15:10:01,83,2026-08-27_03
80,9,Rest,,15:08:42,15:12:58,256.3,2026-08-27_03
81,4,Earthworks,Dig trench,15:09:59,15:11:14,75.1,2026-08-27_03
82,15,Rest,,15:10:01,15:11:05,64.1,2026-08-27_03
83,15,Earthworks,Dig trench,15:11:05,15:12:59,114.2,2026-08-27_03
84,4,Rest,,15:11:14,15:33:19,1324.6,2026-08-27_03
85,9,Equipment,Maneuvering,15:12:58,15:13:16,17.6,2026-08-27_03
86,15,Rest,,15:12:59,15:13:13,13.2,2026-08-27_03
87,15,Earthworks,Put hole in pit liner,15:13:13,15:20:12,419.2,2026-08-27_03
88,9,Rest,,15:13:16,15:35:27,1331.1,2026-08-27_03
89,15,Extraction,Removing sludge,15:20:12,15:29:36,564.5,2026-08-27_03
90,15,Rest,,15:29:36,15:30:57,80.5,2026-08-27_03
91,15,Extraction,Removing sludge,15:30:57,15:52:29,1291.7,2026-08-27_03
92,4,Equipment,Maneuvering,15:33:19,15:36:04,165,2026-08-27_03
93,9,Communication,With other gulper(s),15:35:27,15:36:20,53.1,2026-08-27_03
94,4,Fluidizing,Mixing,15:36:04,15:37:18,74.3,2026-08-27_03
95,9,Rest,,15:36:20,15:58:23,1323.6,2026-08-27_03
96,4,Rest,,15:37:18,15:39:38,139.6,2026-08-27_03
97,4,Earthworks,Dig trench,15:39:38,15:42:58,200.6,2026-08-27_03
98,4,Rest,,15:42:58,15:44:43,104.7,2026-08-27_03
99,4,Fluidizing,Mixing,15:44:43,15:45:40,57.1,2026-08-27_03
100,4,Rest,,15:45:40,15:48:10,150,2026-08-27_03
101,4,Disposal,,15:48:10,15:48:51,41,2026-08-27_03
102,4,Rest,,15:48:51,15:51:22,150.8,2026-08-27_03
103,4,Disposal,,15:51:22,15:52:38,75.8,2026-08-27_03
104,15,Earthworks,Put hole in pit liner,15:52:31,15:53:30,59.5,2026-08-27_03
105,4,Rest,,15:52:38,15:55:07,149.5,2026-08-27_03
106,15,Equipment,Maneuvering,15:53:30,15:55:16,105.7,2026-08-27_03
107,4,Disposal,,15:55:07,15:56:10,63.2,2026-08-27_03
108,15,Extraction,Removing sludge,15:55:16,15:57:06,110.3,2026-08-27_03
109,4,Rest,,15:56:10,16:00:55,284.2,2026-08-27_03
110,15,Earthworks,Put hole in pit liner,15:57:06,15:57:14,8.2,2026-08-27_03
111,15,Extraction,Removing sludge,15:57:14,16:26:39,1764.5,2026-08-27_03
112,9,Fluidizing,Mixing,15:58:23,16:01:30,187.1,2026-08-27_03
113,4,Communication,With other gulper(s),16:00:55,16:01:28,33.9,2026-08-27_03
114,4,Fluidizing,Mixing,16:01:28,16:03:36,127.7,2026-08-27_03
115,9,Rest,,16:01:30,16:15:48,857.6,2026-08-27_03
116,4,Rest,,16:03:36,16:04:58,81.8,2026-08-27_03
117,4,Fluidizing,Mixing,16:04:58,16:06:15,76.8,2026-08-27_03
118,4,Rest,,16:06:15,16:12:57,402.3,2026-08-27_03
119,4,Equipment,Maneuvering,16:12:57,16:15:45,167.6,2026-08-27_03
120,4,Rest,,16:15:45,16:18:23,158.2,2026-08-27_03
121,9,Equipment,Maneuvering,16:15:48,16:16:35,46.6,2026-08-27_03
122,9,Rest,,16:16:35,16:21:59,324.3,2026-08-27_03
123,4,Fluidizing,Mixing,16:18:23,16:19:34,70.8,2026-08-27_03
124,4,Rest,,16:19:34,16:19:38,4.4,2026-08-27_03
125,4,Equipment,Maneuvering,16:19:38,16:19:48,10,2026-08-27_03
126,4,Fluidizing,Mixing,16:19:48,16:21:56,127.9,2026-08-27_03
127,4,Rest,,16:21:56,16:23:12,75.9,2026-08-27_03
128,9,Fluidizing,Adding water,16:21:59,16:23:01,62,2026-08-27_03
129,9,Rest,,16:23:01,16:35:42,760.8,2026-08-27_03
130,4,Fluidizing,Mixing,16:23:12,16:25:28,136.1,2026-08-27_03
131,4,Rest,,16:25:28,16:37:47,738.8,2026-08-27_03
132,15,Earthworks,Repair pit liner,16:26:39,16:27:39,60.6,2026-08-27_03
133,15,Extraction,Removing sludge,16:27:39,16:29:02,83,2026-08-27_03
134,15,Rest,,16:29:02,16:30:31,88.3,2026-08-27_03
135,15,Communication,With client(s),16:30:31,16:31:30,59.9,2026-08-27_03
136,15,Extraction,Removing sludge,16:31:30,16:34:23,172.7,2026-08-27_03
137,15,Earthworks,Repair pit liner,16:34:23,16:37:56,213,2026-08-27_03
138,9,Earthworks,Fill trench,16:35:42,16:47:43,721.5,2026-08-27_03
139,4,Earthworks,Fill trench,16:37:47,16:47:41,593.7,2026-08-27_03
140,15,Earthworks,Fill trench,16:37:56,16:39:55,119.1,2026-08-27_03
141,15,Rest,,16:39:55,16:42:18,142.5,2026-08-27_03
142,15,Communication,With client(s),16:42:18,16:42:30,12.3,2026-08-27_03
143,15,Rest,,16:42:30,16:46:08,218.3,2026-08-27_03
144,15,Earthworks,Dig trench,16:46:08,16:46:11,2.3,2026-08-27_03
145,15,Earthworks,Fill trench,16:46:11,16:47:37,86.3,2026-08-27_03
146,15,Equipment,Cleaning,16:47:37,16:54:21,403.9,2026-08-27_03
147,4,Equipment,Cleaning,16:47:41,16:54:23,402,2026-08-27_03
148,9,Equipment,Cleaning,16:47:43,16:54:25,401.3,2026-08-27_03
149,15,Rest,,16:54:21,16:55:05,44.1,2026-08-27_03
150,4,Rest,,16:54:23,16:55:05,42.4,2026-08-27_03
151,9,Rest,,16:54:25,16:55:05,40.4,2026-08-27_03
1,12,Equipment,Maneuvering,09:43:36,09:44:13,37.3,2026-08-28_02
2,3,Superstructure,Cleaning,09:43:59,09:45:32,93.8,2026-08-28_02
3,1,Equipment,Maneuvering,09:44:09,09:45:45,96.6,2026-08-28_02
4,12,Rest,,09:44:13,09:47:35,201.4,2026-08-28_02
5,3,Equipment,Maneuvering,09:45:32,09:49:25,232.4,2026-08-28_02
6,1,Equipment,Maneuvering,09:45:45,09:46:07,22,2026-08-28_02
7,1,Fluidizing,Mixing,09:46:07,09:49:00,172.3,2026-08-28_02
8,12,Equipment,Maneuvering,09:47:35,09:49:17,102.4,2026-08-28_02
9,1,Rest,,09:49:00,09:49:49,48.8,2026-08-28_02
10,12,Extraction,Pulling out trash,09:49:17,09:49:33,16.1,2026-08-28_02
11,3,Extraction,Pulling out trash,09:49:25,09:49:54,29.4,2026-08-28_02
12,12,Fluidizing,Fetching water,09:49:33,09:49:59,26.2,2026-08-28_02
13,1,Fluidizing,Mixing,09:49:49,09:54:41,292.3,2026-08-28_02
14,3,Communication,With other gulper(s),09:49:54,09:52:53,178.3,2026-08-28_02
15,12,Communication,With other gulper(s),09:49:59,09:50:47,47.3,2026-08-28_02
16,12,Rest,,09:50:47,09:52:55,128.7,2026-08-28_02
17,3,Rest,,09:52:53,09:54:44,111.7,2026-08-28_02
18,12,Communication,With other gulper(s),09:52:55,09:53:04,8.4,2026-08-28_02
19,12,Rest,,09:53:04,09:58:26,322.2,2026-08-28_02
20,1,Extraction,Pulling out trash,09:54:41,09:56:07,86.3,2026-08-28_02
21,3,Extraction,Pulling out trash,09:54:44,09:56:50,125.3,2026-08-28_02
22,1,Fluidizing,Mixing,09:56:07,09:59:02,174.5,2026-08-28_02
23,3,Equipment,Maneuvering,09:56:50,09:59:52,182.8,2026-08-28_02
24,12,Equipment,Maneuvering,09:58:26,10:03:35,308.8,2026-08-28_02
25,1,Equipment,Maneuvering,09:59:02,10:01:22,140,2026-08-28_02
26,3,Extraction,Removing sludge,09:59:52,09:59:56,4,2026-08-28_02
27,3,Extraction,Pulling out trash,09:59:56,10:02:49,173,2026-08-28_02
28,1,Rest,,10:01:22,10:03:29,127.1,2026-08-28_02
29,3,Sludge handling,Container transport,10:02:49,10:03:21,31.7,2026-08-28_02
30,3,Disposal,,10:03:21,10:04:47,86.2,2026-08-28_02
31,1,Fluidizing,Mixing,10:03:29,10:07:14,225.4,2026-08-28_02
32,12,Rest,,10:03:35,10:04:50,75.6,2026-08-28_02
33,3,Equipment,Maneuvering,10:04:47,10:08:33,226.2,2026-08-28_02
34,12,Equipment,Maneuvering,10:04:50,10:09:43,292.4,2026-08-28_02
35,1,Extraction,Pulling out trash,10:07:14,10:08:11,56.6,2026-08-28_02
36,1,Fluidizing,Mixing,10:08:11,10:08:42,31.4,2026-08-28_02
37,3,Extraction,Pulling out trash,10:08:33,10:09:25,52,2026-08-28_02
38,1,Equipment,Maneuvering,10:08:42,10:09:13,31.3,2026-08-28_02
39,1,Fluidizing,Mixing,10:09:13,10:10:31,77.2,2026-08-28_02
40,3,Equipment,Maneuvering,10:09:25,10:09:48,22.6,2026-08-28_02
41,12,Rest,,10:09:43,10:10:41,58.1,2026-08-28_02
42,3,Rest,,10:09:48,10:10:45,56.6,2026-08-28_02
43,1,Extraction,Pulling out trash,10:10:31,10:11:56,85.5,2026-08-28_02
44,12,Extraction,Pulling out trash,10:10:41,10:11:16,35.7,2026-08-28_02
45,3,Extraction,Pulling out trash,10:10:45,10:11:10,25.2,2026-08-28_02
46,3,Disposal,,10:11:10,10:11:51,40.8,2026-08-28_02
47,12,Communication,With other gulper(s),10:11:16,10:11:25,8.4,2026-08-28_02
48,12,Fluidizing,Adding water,10:11:25,10:11:43,18.1,2026-08-28_02
49,12,Fluidizing,Fetching water,10:11:43,10:14:19,155.7,2026-08-28_02
50,3,Equipment,Maneuvering,10:11:51,10:15:06,195.7,2026-08-28_02
51,1,Fluidizing,Mixing,10:11:56,10:13:56,119.7,2026-08-28_02
52,1,Extraction,Pulling out trash,10:13:56,10:14:54,57.8,2026-08-28_02
53,12,Rest,,10:14:19,10:16:06,107.4,2026-08-28_02
54,1,Fluidizing,Mixing,10:14:54,10:17:12,138.2,2026-08-28_02
55,3,Rest,,10:15:06,10:17:25,138.9,2026-08-28_02
56,12,Communication,With other gulper(s),10:16:06,10:16:14,8.1,2026-08-28_02
57,12,Equipment,Maneuvering,10:16:14,10:17:17,63.1,2026-08-28_02
58,1,Rest,,10:17:12,10:17:30,18.2,2026-08-28_02
59,12,Fluidizing,Mixing,10:17:17,10:21:09,231.8,2026-08-28_02
60,3,Equipment,Maneuvering,10:17:25,10:18:06,40.9,2026-08-28_02
61,1,Equipment,Cleaning,10:17:30,10:17:37,7,2026-08-28_02
62,1,Rest,,10:17:37,10:22:02,265.4,2026-08-28_02
63,3,Extraction,Pulling out trash,10:18:06,10:21:35,209.2,2026-08-28_02
64,12,Rest,,10:21:09,10:21:41,31.7,2026-08-28_02
65,3,Rest,,10:21:35,10:30:33,537.4,2026-08-28_02
66,12,Fluidizing,Mixing,10:21:41,10:25:06,205.5,2026-08-28_02
67,1,Communication,With other gulper(s),10:22:02,10:25:02,179.6,2026-08-28_02
68,1,Rest,,10:25:02,10:25:15,13,2026-08-28_02
69,12,Extraction,Pulling out trash,10:25:06,10:25:37,30.8,2026-08-28_02
70,1,Equipment,Maneuvering,10:25:15,10:25:24,9.1,2026-08-28_02
71,1,Rest,,10:25:24,10:26:19,54.6,2026-08-28_02
72,12,Fluidizing,Mixing,10:25:37,10:26:44,66.6,2026-08-28_02
73,1,Equipment,Maneuvering,10:26:19,10:29:49,210.8,2026-08-28_02
74,12,Rest,,10:26:44,10:26:51,7.2,2026-08-28_02
75,12,Equipment,Maneuvering,10:26:51,10:29:56,185,2026-08-28_02
76,1,Extraction,Pulling out trash,10:29:49,10:29:53,3.4,2026-08-28_02
77,1,Extraction,Removing sludge,10:29:53,10:31:05,72.3,2026-08-28_02
78,12,Extraction,Removing sludge,10:29:56,10:34:09,252.9,2026-08-28_02
79,3,Sludge handling,Container transport,10:30:33,10:30:47,14.8,2026-08-28_02
80,3,Disposal,,10:30:47,10:31:18,30.3,2026-08-28_02
81,1,Rest,,10:31:05,10:31:13,7.4,2026-08-28_02
82,1,Sludge handling,Container transport,10:31:13,10:31:21,8.7,2026-08-28_02
83,3,Equipment,Maneuvering,10:31:18,10:33:15,117.2,2026-08-28_02
84,1,Disposal,,10:31:21,10:31:55,33.8,2026-08-28_02
85,1,Rest,,10:31:55,10:32:00,5.2,2026-08-28_02
86,1,Disposal,,10:32:00,10:32:28,27.3,2026-08-28_02
87,1,Rest,,10:32:28,10:33:30,62.6,2026-08-28_02
88,3,Disposal,,10:33:15,10:33:27,12.1,2026-08-28_02
89,3,Rest,,10:33:27,10:35:31,124,2026-08-28_02
90,1,Disposal,,10:33:30,10:34:04,33.9,2026-08-28_02
91,1,Equipment,Maneuvering,10:34:04,10:37:23,199.5,2026-08-28_02
92,12,Equipment,Maneuvering,10:34:09,10:37:52,222.8,2026-08-28_02
93,3,Equipment,Maneuvering,10:35:31,10:41:25,354,2026-08-28_02
94,1,Fluidizing,Mixing,10:37:23,10:37:59,35.6,2026-08-28_02
95,12,Fluidizing,Mixing,10:37:52,10:42:25,273.4,2026-08-28_02
96,1,Equipment,Maneuvering,10:37:59,10:41:04,184.8,2026-08-28_02
97,1,Disposal,,10:41:04,10:41:28,23.7,2026-08-28_02
98,3,Rest,,10:41:25,10:47:03,337.6,2026-08-28_02
99,1,Rest,,10:41:28,10:42:15,47.5,2026-08-28_02
100,1,Equipment,Maneuvering,10:42:15,10:42:21,6.1,2026-08-28_02
101,1,Fluidizing,Adding water,10:42:21,10:43:36,75.1,2026-08-28_02
102,12,Rest,,10:42:25,10:46:58,273.4,2026-08-28_02
103,1,Fluidizing,Mixing,10:43:36,10:46:53,196.4,2026-08-28_02
104,1,Extraction,Pulling out trash,10:46:53,10:47:48,55.6,2026-08-28_02
105,12,Extraction,Pulling out trash,10:46:58,10:47:47,48.2,2026-08-28_02
106,3,Extraction,Pulling out trash,10:47:03,10:47:51,48.6,2026-08-28_02
107,12,Fluidizing,Mixing,10:47:47,10:50:35,168.7,2026-08-28_02
108,1,Rest,,10:47:48,10:47:57,8.3,2026-08-28_02
109,3,Rest,,10:47:51,10:50:22,151.2,2026-08-28_02
110,1,Equipment,Maneuvering,10:47:57,10:48:05,8.5,2026-08-28_02
111,1,Rest,,10:48:05,10:48:53,47.6,2026-08-28_02
112,1,Extraction,Pulling out trash,10:48:53,10:49:06,13.5,2026-08-28_02
113,1,Equipment,Maneuvering,10:49:06,10:52:05,178.8,2026-08-28_02
114,3,Disposal,,10:50:22,10:52:13,111.1,2026-08-28_02
115,12,Equipment,Maneuvering,10:50:35,10:51:54,79,2026-08-28_02
116,12,Extraction,Removing sludge,10:51:54,10:52:58,63.2,2026-08-28_02
117,1,Extraction,Removing sludge,10:52:05,10:52:56,50.5,2026-08-28_02
118,3,Equipment,Maneuvering,10:52:13,10:52:49,35.1,2026-08-28_02
119,3,Disposal,,10:52:49,10:53:54,65,2026-08-28_02
120,1,Disposal,,10:52:56,10:54:11,75.7,2026-08-28_02
121,12,Rest,,10:52:58,10:53:41,43.6,2026-08-28_02
122,12,Extraction,Removing sludge,10:53:41,10:57:11,210.2,2026-08-28_02
123,3,Equipment,Maneuvering,10:53:54,10:55:04,70.9,2026-08-28_02
124,1,Extraction,Removing sludge,10:54:11,10:55:51,99.3,2026-08-28_02
125,3,Disposal,,10:55:04,10:56:05,60.2,2026-08-28_02
126,1,Equipment,Maneuvering,10:55:51,10:57:31,100.6,2026-08-28_02
127,3,Equipment,Maneuvering,10:56:05,10:56:44,38.9,2026-08-28_02
128,3,Disposal,,10:56:44,10:57:17,33,2026-08-28_02
129,12,Equipment,Cleaning,10:57:11,10:57:58,46.5,2026-08-28_02
130,3,Equipment,Maneuvering,10:57:17,10:57:45,28.4,2026-08-28_02
131,1,Fluidizing,Mixing,10:57:31,11:09:00,689.2,2026-08-28_02
132,3,Communication,With other gulper(s),10:57:45,10:58:03,17.7,2026-08-28_02
133,12,Communication,With other gulper(s),10:57:58,10:59:55,117.3,2026-08-28_02
134,3,Equipment,Maneuvering,10:58:03,11:03:28,325,2026-08-28_02
135,12,Rest,,10:59:55,11:10:11,615.5,2026-08-28_02
136,3,Rest,,11:03:28,11:05:47,139.5,2026-08-28_02
137,3,Equipment,Maneuvering,11:05:47,11:10:51,303.8,2026-08-28_02
138,1,Rest,,11:09:00,11:13:13,252.7,2026-08-28_02
139,12,Fluidizing,Mixing,11:10:11,11:14:20,249.3,2026-08-28_02
140,3,Rest,,11:10:51,11:12:46,115.1,2026-08-28_02
141,3,Fluidizing,Mixing,11:12:46,11:12:58,12,2026-08-28_02
142,3,Rest,,11:12:58,11:14:16,78.4,2026-08-28_02
143,1,Communication,With other gulper(s),11:13:13,11:13:52,38.8,2026-08-28_02
144,1,Rest,,11:13:52,11:14:30,37.7,2026-08-28_02
145,3,Disposal,,11:14:16,11:15:00,43.6,2026-08-28_02
146,12,Rest,,11:14:20,11:15:03,42.6,2026-08-28_02
147,1,Fluidizing,Mixing,11:14:30,11:21:23,413.9,2026-08-28_02
148,3,Fluidizing,Fetching water,11:15:00,11:21:28,387.7,2026-08-28_02
149,12,Fluidizing,Fetching water,11:15:03,11:21:30,387.8,2026-08-28_02
150,1,Communication,With other gulper(s),11:21:23,11:21:37,13.9,2026-08-28_02
151,3,Fluidizing,Adding water,11:21:28,11:23:46,138.2,2026-08-28_02
152,12,Rest,,11:21:30,11:21:49,18.9,2026-08-28_02
153,1,Rest,,11:21:37,11:28:56,438.3,2026-08-28_02
154,12,Fluidizing,Mixing,11:21:49,11:25:25,215.8,2026-08-28_02
155,3,Rest,,11:23:46,11:24:58,71.9,2026-08-28_02
156,3,Extraction,Pulling out trash,11:24:58,11:28:07,189.1,2026-08-28_02
157,12,Extraction,Pulling out trash,11:25:25,11:28:31,186.3,2026-08-28_02
158,3,Rest,,11:28:07,11:29:27,79.6,2026-08-28_02
159,12,Superstructure,Cleaning,11:28:31,11:29:32,60.5,2026-08-28_02
160,1,Equipment,Maneuvering,11:28:56,11:33:47,291.1,2026-08-28_02
161,3,Equipment,Maneuvering,11:29:27,11:32:03,156.8,2026-08-28_02
162,12,Communication,With other gulper(s),11:29:32,11:29:38,5.8,2026-08-28_02
163,12,Rest,,11:29:38,11:32:21,163.1,2026-08-28_02
164,3,Disposal,,11:32:03,11:33:14,70.2,2026-08-28_02
165,12,Equipment,Maneuvering,11:32:21,11:33:38,77.6,2026-08-28_02
166,3,Rest,,11:33:14,11:34:01,47.8,2026-08-28_02
167,12,Extraction,Removing sludge,11:33:38,11:37:13,214.2,2026-08-28_02
168,1,Extraction,Removing sludge,11:33:47,11:36:12,144.8,2026-08-28_02
169,3,Equipment,Maneuvering,11:34:01,11:34:26,25.1,2026-08-28_02
170,3,Disposal,,11:34:26,11:34:43,16.1,2026-08-28_02
171,3,Equipment,Maneuvering,11:34:43,11:34:48,5.9,2026-08-28_02
172,3,Rest,,11:34:48,11:35:37,48.3,2026-08-28_02
173,3,Disposal,,11:35:37,11:36:09,31.8,2026-08-28_02
174,3,Equipment,Maneuvering,11:36:09,11:38:15,126.1,2026-08-28_02
175,1,Disposal,,11:36:12,11:37:01,49.2,2026-08-28_02
176,1,Rest,,11:37:01,11:38:10,69.4,2026-08-28_02
177,12,Communication,With other gulper(s),11:37:13,11:37:29,16.3,2026-08-28_02
178,12,Extraction,Removing sludge,11:37:29,11:38:19,50.3,2026-08-28_02
179,1,Equipment,Maneuvering,11:38:10,11:39:53,103.1,2026-08-28_02
180,3,Equipment,Maneuvering,11:38:15,11:39:27,72.2,2026-08-28_02
181,12,Rest,,11:38:19,11:39:24,64.5,2026-08-28_02
182,12,Equipment,Maneuvering,11:39:24,11:40:02,38.1,2026-08-28_02
183,3,Fluidizing,Fetching water,11:39:27,11:40:45,78.1,2026-08-28_02
184,1,Rest,,11:39:53,11:39:57,3.9,2026-08-28_02
185,1,Equipment,Maneuvering,11:39:57,11:43:51,233.6,2026-08-28_02
186,12,Rest,,11:40:02,11:40:49,47.6,2026-08-28_02
187,3,Equipment,Cleaning,11:40:45,11:44:17,212.5,2026-08-28_02
188,12,Equipment,Maneuvering,11:40:49,11:44:33,224.1,2026-08-28_02
189,1,Equipment,Cleaning,11:43:51,11:52:03,492.2,2026-08-28_02
190,3,Superstructure,Cleaning,11:44:17,11:57:04,767.1,2026-08-28_02
191,12,Rest,,11:44:33,11:46:13,99.5,2026-08-28_02
192,12,Equipment,Cleaning,11:46:13,11:47:26,72.7,2026-08-28_02
193,12,Rest,,11:47:26,11:48:38,72,2026-08-28_02
194,12,Superstructure,Cleaning,11:48:38,12:07:01,1103.1,2026-08-28_02
195,1,Rest,,11:52:03,11:56:08,245.3,2026-08-28_02
196,1,Equipment,Maneuvering,11:56:08,12:01:16,307.8,2026-08-28_02
197,3,Equipment,Maneuvering,11:57:04,12:06:52,587.4,2026-08-28_02
198,1,Superstructure,Cleaning,12:01:16,12:10:25,548.7,2026-08-28_02
199,3,Fluidizing,Fetching water,12:06:52,12:14:31,459.2,2026-08-28_02
200,12,Fluidizing,Fetching water,12:07:01,12:07:15,14.3,2026-08-28_02
201,12,Travel,On errand,12:07:15,12:08:06,51.1,2026-08-28_02
202,12,Superstructure,Cleaning,12:08:06,12:10:18,131.5,2026-08-28_02
203,12,Communication,With client(s),12:10:18,12:13:09,171.4,2026-08-28_02
204,1,Equipment,Cleaning,12:10:25,12:13:16,171,2026-08-28_02
205,12,Rest,,12:13:09,12:14:17,67.9,2026-08-28_02
206,1,Fluidizing,Mixing,12:13:16,12:18:36,320,2026-08-28_02
207,12,Communication,With client(s),12:14:17,12:18:38,260.9,2026-08-28_02
208,3,Superstructure,Cleaning,12:14:31,12:15:32,61.2,2026-08-28_02
209,3,Superstructure,Cleaning,12:15:32,12:18:43,191,2026-08-28_02
210,1,Equipment,Cleaning,12:18:36,12:25:23,407.4,2026-08-28_02
211,12,Rest,,12:18:38,12:20:14,95.8,2026-08-28_02
212,3,Fluidizing,Fetching water,12:18:43,12:20:20,97,2026-08-28_02
213,12,Equipment,Cleaning,12:20:14,12:22:57,163.5,2026-08-28_02
214,3,Equipment,Cleaning,12:20:20,12:25:25,305.2,2026-08-28_02
215,12,Superstructure,Cleaning,12:22:57,12:25:21,143.8,2026-08-28_02
216,12,Rest,,12:25:21,12:31:30,368.6,2026-08-28_02
217,1,Rest,,12:25:23,12:26:06,42.7,2026-08-28_02
218,3,Rest,,12:25:25,12:26:16,50.5,2026-08-28_02
219,1,Earthworks,Fill trench,12:26:06,12:29:02,176.4,2026-08-28_02
220,3,Earthworks,Fill trench,12:26:16,12:33:09,413.6,2026-08-28_02
221,1,Rest,,12:29:02,12:33:13,250.8,2026-08-28_02
222,12,Communication,With client(s),12:31:30,12:31:34,4.8,2026-08-28_02
223,12,Rest,,12:31:34,12:33:13,98.6,2026-08-28_02
224,3,Rest,,12:33:09,12:33:13,3.7,2026-08-28_02
1,14,Fluidizing,Fetching water,09:02:05,09:06:42,276.6,2026-09-03_03
1,18,Fluidizing,Fetching water,09:09:59,09:13:03,184.1,2026-09-03_03
2,3,Fluidizing,Fetching water,09:02:17,09:02:29,11.9,2026-09-03_03
2,12,Superstructure,Inspection,09:10:05,09:10:51,46.8,2026-09-03_03
3,3,Fluidizing,Adding water,09:02:31,09:02:45,14.3,2026-09-03_03
3,2,Superstructure,Inspection,09:10:09,09:11:51,102,2026-09-03_03
4,1,Fluidizing,Mixing,09:02:36,09:04:55,139.3,2026-09-03_03
4,12,Equipment,Maneuvering,09:10:51,09:15:05,253.4,2026-09-03_03
5,3,Fluidizing,Fetching water,09:02:45,09:04:22,96.7,2026-09-03_03
5,2,Equipment,Maneuvering,09:11:51,09:16:04,253.3,2026-09-03_03
6,16,Fluidizing,Mixing,09:03:28,09:04:25,57.7,2026-09-03_03
6,18,Fluidizing,Adding water,09:13:03,09:31:19,1095.5,2026-09-03_03
7,3,Fluidizing,Mixing,09:04:23,09:04:40,16.1,2026-09-03_03
7,12,Communication,With other gulper(s),09:15:05,09:15:49,44.4,2026-09-03_03
8,16,Rest,,09:04:27,09:05:17,49.5,2026-09-03_03
8,12,Rest,,09:15:49,09:16:58,68.5,2026-09-03_03
9,3,Rest,,09:04:41,09:05:03,21.4,2026-09-03_03
9,2,Superstructure,Inspection,09:16:04,09:17:53,108.4,2026-09-03_03
10,1,Rest,,09:04:56,09:06:08,71.5,2026-09-03_03
10,12,Fluidizing,Fetching water,09:16:58,09:21:27,269.1,2026-09-03_03
11,3,Fluidizing,Fetching water,09:05:14,09:06:15,60.7,2026-09-03_03
11,2,Equipment,Maneuvering,09:17:53,09:20:22,149.8,2026-09-03_03
12,16,Fluidizing,Mixing,09:05:32,09:07:11,99.1,2026-09-03_03
12,2,Fluidizing,Fetching water,09:20:22,09:35:07,884.5,2026-09-03_03
13,1,Fluidizing,Mixing,09:06:11,09:06:38,26.9,2026-09-03_03
13,12,Communication,With other gulper(s),09:21:27,09:23:48,141.8,2026-09-03_03
14,3,Fluidizing,Adding water,09:06:15,09:07:06,51.4,2026-09-03_03
14,12,Extraction,Pulling out trash,09:23:48,09:23:58,9.9,2026-09-03_03
15,1,Rest,,09:06:38,09:06:48,10.3,2026-09-03_03
15,12,Fluidizing,Mixing,09:23:58,09:30:55,416.3,2026-09-03_03
16,14,Rest,,09:06:42,09:06:46,3.6,2026-09-03_03
16,12,Rest,,09:30:55,09:31:08,13.4,2026-09-03_03
17,14,Communication,With other gulper(s),09:06:46,09:07:42,56,2026-09-03_03
17,12,Communication,With other gulper(s),09:31:08,09:34:17,188.8,2026-09-03_03
18,1,Communication,With other gulper(s),09:06:48,09:07:46,57.9,2026-09-03_03
18,18,Fluidizing,Mixing,09:31:19,09:34:47,208.7,2026-09-03_03
19,3,Communication,With other gulper(s),09:07:06,09:08:11,64.7,2026-09-03_03
19,12,Extraction,Pulling out trash,09:34:17,09:41:42,445.2,2026-09-03_03
20,16,Communication,With other gulper(s),09:07:11,09:08:03,52.1,2026-09-03_03
20,18,Earthworks,Dig trench,09:34:47,09:41:18,391.1,2026-09-03_03
21,14,Fluidizing,Fetching water,09:07:42,09:08:28,46.1,2026-09-03_03
21,2,Extraction,Pulling out trash,09:35:07,09:41:34,387.3,2026-09-03_03
22,1,Rest,,09:07:46,09:07:55,8.8,2026-09-03_03
22,18,Fluidizing,Mixing,09:41:18,09:41:28,9.2,2026-09-03_03
23,1,Communication,With other gulper(s),09:07:55,09:08:35,40.4,2026-09-03_03
23,18,Extraction,Pulling out trash,09:41:28,09:45:46,258.5,2026-09-03_03
24,16,Fluidizing,Mixing,09:08:03,09:09:32,88.6,2026-09-03_03
24,2,Fluidizing,Fetching water,09:41:34,09:42:42,67.6,2026-09-03_03
25,3,Fluidizing,Fetching water,09:08:11,09:09:56,105.5,2026-09-03_03
25,12,Rest,,09:41:42,09:42:21,38.5,2026-09-03_03
26,14,Communication,With other gulper(s),09:08:31,09:09:52,80.4,2026-09-03_03
26,12,Extraction,Pulling out trash,09:42:21,09:44:22,121.4,2026-09-03_03
27,1,Fluidizing,Mixing,09:08:35,09:09:26,50.3,2026-09-03_03
27,2,Fluidizing,Mixing,09:42:42,09:45:17,155.2,2026-09-03_03
28,1,Rest,,09:09:26,09:11:44,138.7,2026-09-03_03
28,12,Fluidizing,Mixing,09:44:22,09:48:25,243.2,2026-09-03_03
29,16,Rest,,09:09:32,09:09:34,2.8,2026-09-03_03
29,2,Fluidizing,Adding water,09:45:17,09:49:17,240.3,2026-09-03_03
30,16,Communication,With other gulper(s),09:09:34,09:10:04,29.5,2026-09-03_03
30,18,Rest,,09:45:46,09:47:01,75,2026-09-03_03
31,14,Fluidizing,Fetching water,09:09:52,09:11:34,101.9,2026-09-03_03
31,18,Disposal,,09:47:01,09:49:09,127.3,2026-09-03_03
32,3,Fluidizing,Adding water,09:09:56,09:12:11,135.2,2026-09-03_03
32,12,Communication,With other gulper(s),09:48:25,09:48:48,22.5,2026-09-03_03
33,16,Fluidizing,Mixing,09:10:04,09:41:37,1892.9,2026-09-03_03
33,12,Fluidizing,Mixing,09:48:48,09:49:26,38,2026-09-03_03
34,14,Fluidizing,Adding water,09:11:36,09:12:01,25.5,2026-09-03_03
34,18,Rest,,09:49:09,09:49:29,20.6,2026-09-03_03
35,1,Fluidizing,Mixing,09:11:44,09:41:53,1808.8,2026-09-03_03
35,2,Fluidizing,Mixing,09:49:17,09:52:06,168.3,2026-09-03_03
36,14,Fluidizing,Fetching water,09:12:01,09:15:16,194.6,2026-09-03_03
36,12,Extraction,Pulling out trash,09:49:26,09:51:23,117.4,2026-09-03_03
37,3,Fluidizing,Mixing,09:12:11,09:20:35,503.3,2026-09-03_03
37,18,Extraction,Pulling out trash,09:49:29,09:51:14,104.7,2026-09-03_03
38,14,Fluidizing,Adding water,09:15:16,09:15:36,19.7,2026-09-03_03
38,18,Fluidizing,Fetching water,09:51:14,09:55:05,230.8,2026-09-03_03
39,14,Fluidizing,Fetching water,09:15:37,09:41:15,1538.2,2026-09-03_03
39,12,Equipment,Cleaning,09:51:23,09:54:21,178.2,2026-09-03_03
40,3,Rest,,09:20:35,09:21:28,53.3,2026-09-03_03
40,2,Rest,,09:52:06,09:54:10,124.7,2026-09-03_03
41,3,Communication,With other gulper(s),09:21:28,09:21:45,16.7,2026-09-03_03
41,2,Fluidizing,Mixing,09:54:10,09:58:39,268.5,2026-09-03_03
42,3,Earthworks,Dig trench,09:21:45,09:42:00,1215.5,2026-09-03_03
42,12,Equipment,Maneuvering,09:54:21,09:56:23,121.2,2026-09-03_03
43,14,Communication,With other gulper(s),09:41:15,09:41:32,16.8,2026-09-03_03
43,18,Fluidizing,Mixing,09:55:05,10:01:29,384.4,2026-09-03_03
44,14,Rest,,09:41:32,09:41:56,23.9,2026-09-03_03
44,12,Communication,With other gulper(s),09:56:23,09:58:36,133.1,2026-09-03_03
45,16,Extraction,Pulling out trash,09:41:37,09:43:36,118.9,2026-09-03_03
45,12,Disposal,,09:58:36,10:01:34,178.6,2026-09-03_03
46,1,Communication,With other gulper(s),09:41:53,09:42:44,50.9,2026-09-03_03
46,2,Rest,,09:58:39,09:59:32,53.1,2026-09-03_03
47,14,Communication,With other gulper(s),09:41:56,09:42:47,51,2026-09-03_03
47,2,Equipment,Cleaning,09:59:32,10:02:11,158.8,2026-09-03_03
48,3,Rest,,09:42:00,09:43:20,79.9,2026-09-03_03
48,18,Equipment,Cleaning,10:01:29,10:06:30,301.3,2026-09-03_03
49,1,Equipment,Repairing,09:42:44,09:43:47,62.8,2026-09-03_03
49,12,Rest,,10:01:34,10:01:47,13,2026-09-03_03
50,14,Rest,,09:42:47,09:43:04,16.6,2026-09-03_03
50,12,Disposal,,10:01:47,10:02:06,18.5,2026-09-03_03
51,14,Extraction,Pulling out trash,09:43:04,09:43:16,12.2,2026-09-03_03
51,12,Communication,With other gulper(s),10:02:06,10:04:14,127.9,2026-09-03_03
52,14,Fluidizing,Fetching water,09:43:16,09:45:13,117.3,2026-09-03_03
52,2,Fluidizing,Mixing,10:02:11,10:04:35,143.9,2026-09-03_03
53,3,Communication,With other gulper(s),09:43:20,09:43:51,31.3,2026-09-03_03
53,12,Fluidizing,Mixing,10:04:14,10:04:52,37.9,2026-09-03_03
54,16,Fluidizing,Mixing,09:43:36,09:49:25,349.5,2026-09-03_03
54,2,Extraction,Pulling out trash,10:04:35,10:06:34,119.6,2026-09-03_03
55,1,Fluidizing,Mixing,09:43:47,09:52:52,545.1,2026-09-03_03
55,12,Extraction,Pulling out trash,10:04:52,10:13:56,544.5,2026-09-03_03
56,3,Rest,,09:43:51,09:45:20,88.8,2026-09-03_03
56,18,Fluidizing,Mixing,10:06:30,10:15:11,520.5,2026-09-03_03
57,14,Communication,With other gulper(s),09:45:13,09:47:13,119.6,2026-09-03_03
57,2,Fluidizing,Mixing,10:06:34,10:18:19,704.3,2026-09-03_03
58,3,Extraction,Pulling out trash,09:45:20,09:47:22,122.1,2026-09-03_03
58,12,Rest,,10:13:56,10:17:18,202,2026-09-03_03
59,14,Sludge handling,Container transport,09:47:13,09:48:53,100,2026-09-03_03
59,18,Fluidizing,Mixing,10:15:11,10:18:08,177.1,2026-09-03_03
60,3,Rest,,09:47:22,09:49:34,131.9,2026-09-03_03
60,12,Fluidizing,Mixing,10:17:18,10:18:01,43.2,2026-09-03_03
61,14,Rest,,09:48:53,09:49:21,28.8,2026-09-03_03
61,12,Communication,With other gulper(s),10:18:01,10:18:46,44.6,2026-09-03_03
62,14,Communication,With other gulper(s),09:49:21,09:49:40,18.9,2026-09-03_03
62,18,Rest,,10:18:08,10:18:41,33.1,2026-09-03_03
63,16,Communication,With other gulper(s),09:49:25,09:51:36,130.3,2026-09-03_03
63,2,Equipment,Maneuvering,10:18:19,10:18:28,9.8,2026-09-03_03
64,3,Fluidizing,Mixing,09:49:34,09:49:49,15.1,2026-09-03_03
64,2,Fluidizing,Mixing,10:18:28,10:31:18,769.3,2026-09-03_03
65,14,Rest,,09:49:40,09:50:59,79,2026-09-03_03
65,18,Disposal,,10:18:41,10:21:03,142.5,2026-09-03_03
66,3,Extraction,Pulling out trash,09:49:49,09:51:11,82.1,2026-09-03_03
66,12,Rest,,10:18:46,10:21:17,151.2,2026-09-03_03
67,14,Fluidizing,Mixing,09:50:59,09:52:10,70.7,2026-09-03_03
67,18,Equipment,Maneuvering,10:21:03,10:26:37,333.2,2026-09-03_03
68,3,Fluidizing,Mixing,09:51:11,09:52:31,79.5,2026-09-03_03
68,12,Equipment,Maneuvering,10:21:17,10:26:41,324.2,2026-09-03_03
69,16,Fluidizing,Mixing,09:51:36,10:00:09,513.8,2026-09-03_03
69,18,Equipment,Cleaning,10:26:37,10:30:14,217.2,2026-09-03_03
70,14,Communication,With other gulper(s),09:52:10,09:53:24,74.4,2026-09-03_03
70,12,Extraction,Pulling out trash,10:26:41,10:30:36,235.1,2026-09-03_03
71,3,Extraction,Pulling out trash,09:52:31,09:53:09,37.7,2026-09-03_03
71,18,Equipment,Maneuvering,10:30:14,10:30:23,9.2,2026-09-03_03
72,1,Communication,With other gulper(s),09:52:52,09:53:43,51,2026-09-03_03
72,18,Fluidizing,Fetching water,10:30:23,10:31:30,67.2,2026-09-03_03
73,3,Communication,With other gulper(s),09:53:09,09:53:45,36.5,2026-09-03_03
73,12,Equipment,Maneuvering,10:30:36,10:50:08,1172,2026-09-03_03
74,14,Sludge handling,Container transport,09:53:24,09:55:14,109.2,2026-09-03_03
74,2,Rest,,10:31:18,10:31:35,17.5,2026-09-03_03
75,1,Rest,,09:53:43,09:54:27,43.8,2026-09-03_03
75,18,Equipment,Maneuvering,10:31:30,10:36:12,281.9,2026-09-03_03
76,3,Rest,,09:53:45,09:56:02,137.2,2026-09-03_03
76,2,Equipment,Cleaning,10:31:35,10:32:28,52.6,2026-09-03_03
77,1,Fluidizing,Mixing,09:54:27,09:59:28,300.8,2026-09-03_03
77,2,Disposal,,10:32:28,10:41:41,552.8,2026-09-03_03
78,14,Rest,,09:55:14,09:55:49,35,2026-09-03_03
78,18,Communication,With other gulper(s),10:36:12,10:44:18,486.2,2026-09-03_03
79,14,Fluidizing,Fetching water,09:55:49,09:56:12,23.1,2026-09-03_03
79,2,Communication,With other gulper(s),10:41:41,10:42:07,26,2026-09-03_03
80,3,Extraction,Pulling out trash,09:56:02,09:59:34,211.3,2026-09-03_03
80,2,Superstructure,Inspection,10:42:07,10:50:33,505.8,2026-09-03_03
81,14,Communication,With other gulper(s),09:56:12,09:56:53,40.9,2026-09-03_03
81,18,Rest,,10:44:18,10:48:26,247.3,2026-09-03_03
82,14,Fluidizing,Mixing,09:56:53,09:59:00,127.7,2026-09-03_03
82,18,Sludge handling,Container transport,10:48:26,10:52:18,232.9,2026-09-03_03
83,14,Fluidizing,Fetching water,09:59:00,10:00:32,91.3,2026-09-03_03
83,12,Extraction,Removing sludge,10:50:08,10:52:22,133.8,2026-09-03_03
84,1,Communication,With other gulper(s),09:59:28,09:59:37,9,2026-09-03_03
84,2,Extraction,Removing sludge,10:50:33,10:52:25,112.2,2026-09-03_03
85,3,Communication,With other gulper(s),09:59:34,09:59:54,20.6,2026-09-03_03
85,18,Equipment,Maneuvering,10:52:18,10:59:40,441.9,2026-09-03_03
86,1,Equipment,Repairing,09:59:37,10:00:02,25.8,2026-09-03_03
86,12,Equipment,Maneuvering,10:52:22,10:54:46,144.2,2026-09-03_03
87,3,Rest,,09:59:54,10:00:19,25,2026-09-03_03
87,2,Equipment,Maneuvering,10:52:25,10:56:37,252.3,2026-09-03_03
88,1,Extraction,Pulling out trash,10:00:02,10:00:36,33.7,2026-09-03_03
88,12,Rest,,10:54:46,10:55:27,40.1,2026-09-03_03
89,16,Extraction,Pulling out trash,10:00:09,10:01:50,100.9,2026-09-03_03
89,12,Communication,With other gulper(s),10:55:27,10:56:19,52.9,2026-09-03_03
90,3,Sludge handling,Container transport,10:00:23,10:00:29,5.2,2026-09-03_03
90,12,Rest,,10:56:19,10:59:47,207.7,2026-09-03_03
91,3,Extraction,Pulling out trash,10:00:29,10:01:24,55.4,2026-09-03_03
91,2,Extraction,Removing sludge,10:56:37,11:00:36,238.9,2026-09-03_03
92,14,Fluidizing,Adding water,10:00:32,10:01:06,33.9,2026-09-03_03
92,18,Fluidizing,Fetching water,10:59:40,10:59:51,10.2,2026-09-03_03
93,1,Communication,With other gulper(s),10:00:36,10:01:02,26.2,2026-09-03_03
93,12,Fluidizing,Fetching water,10:59:47,11:00:27,40.3,2026-09-03_03
94,1,Fluidizing,Mixing,10:01:02,10:02:23,80.3,2026-09-03_03
94,18,Communication,With other gulper(s),10:59:51,11:00:32,41.7,2026-09-03_03
95,14,Fluidizing,Fetching water,10:01:06,10:01:33,27.9,2026-09-03_03
95,12,Communication,With other gulper(s),11:00:27,11:01:22,54.6,2026-09-03_03
96,3,Fluidizing,Fetching water,10:01:24,10:03:17,113.4,2026-09-03_03
96,18,Equipment,Maneuvering,11:00:32,11:01:38,65.4,2026-09-03_03
97,14,Extraction,Pulling out trash,10:01:33,10:01:40,6.7,2026-09-03_03
97,2,Fluidizing,Mixing,11:00:36,11:01:30,53.7,2026-09-03_03
98,14,Fluidizing,Fetching water,10:01:40,10:01:46,6.1,2026-09-03_03
98,12,Travel,On errand,11:01:22,11:03:59,157.1,2026-09-03_03
99,14,Communication,With other gulper(s),10:01:46,10:04:28,161.4,2026-09-03_03
99,2,Extraction,Removing sludge,11:01:31,11:04:37,185.9,2026-09-03_03
100,16,Communication,With other gulper(s),10:01:50,10:02:26,35.9,2026-09-03_03
100,18,Fluidizing,Fetching water,11:01:38,11:08:23,405.2,2026-09-03_03
101,1,Communication,With other gulper(s),10:02:23,10:07:21,298.7,2026-09-03_03
101,12,Communication,With client(s),11:03:59,11:07:01,182.3,2026-09-03_03
102,16,Fluidizing,Mixing,10:02:26,10:03:03,36.4,2026-09-03_03
102,2,Equipment,Maneuvering,11:04:37,11:08:59,261.9,2026-09-03_03
103,16,Rest,,10:03:03,10:05:09,126.3,2026-09-03_03
103,12,Rest,,11:07:01,11:08:19,77.1,2026-09-03_03
104,3,Fluidizing,Adding water,10:03:17,10:03:38,20.3,2026-09-03_03
104,12,Communication,With other gulper(s),11:08:19,11:09:03,44.1,2026-09-03_03
105,3,Rest,,10:03:38,10:04:11,33.4,2026-09-03_03
105,18,Fluidizing,Adding water,11:08:23,11:09:05,42.2,2026-09-03_03
106,3,Communication,With other gulper(s),10:04:11,10:05:15,63.7,2026-09-03_03
106,2,Rest,,11:08:59,11:09:08,9.2,2026-09-03_03
107,14,Fluidizing,Mixing,10:04:28,10:04:46,18.4,2026-09-03_03
107,12,Rest,,11:09:03,11:09:11,8.3,2026-09-03_03
108,14,Communication,With other gulper(s),10:04:46,10:05:20,34.5,2026-09-03_03
108,18,Rest,,11:09:05,11:12:15,190.3,2026-09-03_03
109,16,Communication,With other gulper(s),10:05:09,10:06:10,61.1,2026-09-03_03
109,2,Communication,With other gulper(s),11:09:08,11:12:46,217.1,2026-09-03_03
110,3,Equipment,Cleaning,10:05:15,10:08:11,175.6,2026-09-03_03
110,12,Communication,With other gulper(s),11:09:11,11:17:25,493.8,2026-09-03_03
111,14,Equipment,Repairing,10:05:20,10:06:47,86.2,2026-09-03_03
111,18,Fluidizing,Fetching water,11:12:15,11:17:31,315.7,2026-09-03_03
112,16,Rest,,10:06:10,10:07:25,75.3,2026-09-03_03
112,2,Superstructure,Inspection,11:12:46,11:17:15,269.2,2026-09-03_03
113,14,Fluidizing,Mixing,10:06:47,10:07:33,46.3,2026-09-03_03
113,2,Fluidizing,Mixing,11:17:15,11:17:33,18.6,2026-09-03_03
114,1,Fluidizing,Mixing,10:07:21,10:09:12,110.5,2026-09-03_03
114,12,Communication,With client(s),11:17:25,11:22:38,312.9,2026-09-03_03
115,16,Communication,With other gulper(s),10:07:25,10:08:31,65.6,2026-09-03_03
115,18,Extraction,Pulling out trash,11:17:31,11:18:54,82.9,2026-09-03_03
116,14,Extraction,Pulling out trash,10:07:33,10:09:08,95.4,2026-09-03_03
116,2,Rest,,11:17:33,11:18:51,77.9,2026-09-03_03
117,3,Fluidizing,Fetching water,10:08:11,10:15:22,431.9,2026-09-03_03
117,2,Fluidizing,Mixing,11:18:51,11:20:46,114.5,2026-09-03_03
118,16,Extraction,Pulling out trash,10:08:31,10:08:43,11.8,2026-09-03_03
118,18,Rest,,11:18:54,11:20:39,104.8,2026-09-03_03
119,16,Fluidizing,Adding water,10:08:43,10:09:27,43.7,2026-09-03_03
119,18,Extraction,Pulling out trash,11:20:39,11:22:33,113.9,2026-09-03_03
120,14,Communication,With other gulper(s),10:09:08,10:09:34,26.2,2026-09-03_03
120,2,Equipment,Maneuvering,11:20:46,11:20:54,8,2026-09-03_03
121,1,Communication,With other gulper(s),10:09:12,10:11:34,142.3,2026-09-03_03
121,2,Fluidizing,Mixing,11:20:54,11:23:48,173.9,2026-09-03_03
122,16,Rest,,10:09:27,10:11:41,134.2,2026-09-03_03
122,18,Disposal,,11:22:33,11:23:41,68,2026-09-03_03
123,14,Fluidizing,Mixing,10:09:34,10:11:25,110.8,2026-09-03_03
123,12,Rest,,11:22:38,11:27:41,303,2026-09-03_03
124,14,Equipment,Repairing,10:11:25,10:13:50,144.5,2026-09-03_03
124,18,Rest,,11:23:41,11:27:31,230.4,2026-09-03_03
125,1,Fluidizing,Mixing,10:11:34,10:27:56,982.4,2026-09-03_03
125,2,Extraction,Pulling out trash,11:23:48,11:29:04,315.8,2026-09-03_03
126,16,Extraction,Pulling out trash,10:11:41,10:15:12,211.1,2026-09-03_03
126,18,Fluidizing,Mixing,11:27:31,11:40:21,770.2,2026-09-03_03
127,14,Fluidizing,Mixing,10:13:50,10:27:49,838.9,2026-09-03_03
127,12,Equipment,Maneuvering,11:27:41,11:28:59,78,2026-09-03_03
128,16,Sludge handling,Container transport,10:15:12,10:18:43,210.7,2026-09-03_03
128,12,Communication,With other gulper(s),11:28:59,11:39:42,643.5,2026-09-03_03
129,3,Sludge handling,Container transport,10:15:22,10:18:36,193.6,2026-09-03_03
129,2,Rest,,11:29:04,11:39:52,647.9,2026-09-03_03
130,3,Extraction,Pulling out trash,10:18:36,10:27:43,546.8,2026-09-03_03
130,12,Fluidizing,Mixing,11:39:42,11:54:45,903.3,2026-09-03_03
131,16,Communication,With other gulper(s),10:18:43,10:19:12,29.3,2026-09-03_03
131,2,Fluidizing,Mixing,11:39:52,11:40:01,9.5,2026-09-03_03
132,16,Extraction,Pulling out trash,10:19:12,10:23:39,266.7,2026-09-03_03
132,2,Disposal,,11:40:01,11:45:28,326.9,2026-09-03_03
133,16,Sludge handling,Container transport,10:23:39,10:25:24,105.1,2026-09-03_03
133,18,Rest,,11:40:21,11:46:37,376.2,2026-09-03_03
134,16,Extraction,Pulling out trash,10:25:24,10:31:23,359.7,2026-09-03_03
134,2,Rest,,11:45:28,11:48:13,165.2,2026-09-03_03
135,3,Fluidizing,Fetching water,10:27:43,10:29:51,127.9,2026-09-03_03
135,18,Fluidizing,Mixing,11:46:37,11:48:17,99.2,2026-09-03_03
136,14,Communication,With other gulper(s),10:27:49,10:30:06,137.1,2026-09-03_03
136,2,Communication,With other gulper(s),11:48:13,11:52:33,259.6,2026-09-03_03
137,1,Communication,With other gulper(s),10:27:56,10:30:12,135.2,2026-09-03_03
137,18,Disposal,,11:48:17,11:49:38,81.1,2026-09-03_03
138,3,Fluidizing,Adding water,10:29:51,10:30:24,33.3,2026-09-03_03
138,18,Fluidizing,Mixing,11:49:38,11:52:28,170,2026-09-03_03
139,14,Fluidizing,Mixing,10:30:06,10:31:31,84.8,2026-09-03_03
139,18,Rest,,11:52:28,12:05:26,777.9,2026-09-03_03
140,1,Fluidizing,Mixing,10:30:12,10:39:26,554.8,2026-09-03_03
140,2,Rest,,11:52:33,12:05:29,776.2,2026-09-03_03
141,3,Extraction,Pulling out trash,10:30:24,10:31:34,69.5,2026-09-03_03
141,12,Travel,On errand,11:54:45,11:57:14,148.5,2026-09-03_03
142,16,Communication,With other gulper(s),10:31:23,10:32:58,95,2026-09-03_03
142,12,Fluidizing,Mixing,11:57:14,12:05:17,483.4,2026-09-03_03
143,14,Communication,With other gulper(s),10:31:31,10:39:29,478.9,2026-09-03_03
143,12,Rest,,12:05:17,12:07:36,138.5,2026-09-03_03
144,3,Communication,With other gulper(s),10:31:34,10:33:13,99.4,2026-09-03_03
144,18,Fluidizing,Mixing,12:05:26,12:07:23,117.1,2026-09-03_03
145,16,Extraction,Pulling out trash,10:32:58,10:38:04,305.5,2026-09-03_03
145,2,Fluidizing,Fetching water,12:05:29,12:07:29,120.4,2026-09-03_03
146,3,Extraction,Pulling out trash,10:33:13,10:40:05,412.5,2026-09-03_03
146,18,Extraction,Pulling out trash,12:07:23,12:10:03,160.4,2026-09-03_03
147,16,Sludge handling,Container transport,10:38:04,10:40:20,135.8,2026-09-03_03
147,2,Extraction,Pulling out trash,12:07:29,12:12:58,329.2,2026-09-03_03
148,1,Extraction,Removing sludge,10:39:26,10:41:28,121.7,2026-09-03_03
148,12,Communication,With other gulper(s),12:07:36,12:11:47,250.9,2026-09-03_03
149,14,Rest,,10:39:29,10:40:24,54.8,2026-09-03_03
149,18,Rest,,12:10:03,12:12:56,172.8,2026-09-03_03
150,3,Fluidizing,Mixing,10:40:05,10:43:36,210.4,2026-09-03_03
150,12,Disposal,,12:11:47,12:12:50,63.2,2026-09-03_03
151,16,Disposal,,10:40:20,10:41:25,64.9,2026-09-03_03
151,12,Fluidizing,Mixing,12:12:50,12:15:14,144,2026-09-03_03
152,14,Rest,,10:40:24,10:40:27,3.2,2026-09-03_03
152,18,Fluidizing,Fetching water,12:12:56,12:14:14,78.5,2026-09-03_03
153,14,Disposal,,10:40:27,10:41:27,59.1,2026-09-03_03
153,2,Rest,,12:12:58,12:14:12,73.7,2026-09-03_03
154,16,Rest,,10:41:25,10:43:32,127.1,2026-09-03_03
154,2,Extraction,Pulling out trash,12:14:12,12:20:49,397.3,2026-09-03_03
155,14,Rest,,10:41:27,10:42:34,67.8,2026-09-03_03
155,18,Rest,,12:14:14,12:20:47,392.8,2026-09-03_03
156,1,Rest,,10:41:28,10:43:02,93.5,2026-09-03_03
156,12,Superstructure,Cleaning,12:15:14,12:26:51,697.7,2026-09-03_03
157,14,Extraction,Removing sludge,10:42:34,10:45:42,188,2026-09-03_03
157,18,Fluidizing,Mixing,12:20:47,12:26:47,360,2026-09-03_03
158,1,Extraction,Removing sludge,10:43:02,10:49:40,397.8,2026-09-03_03
158,2,Rest,,12:20:49,12:27:00,370.1,2026-09-03_03
159,16,Extraction,Pulling out trash,10:43:32,10:45:47,135,2026-09-03_03
159,18,Rest,,12:26:47,12:36:08,560.9,2026-09-03_03
160,3,Extraction,Pulling out trash,10:43:36,10:50:04,388.3,2026-09-03_03
160,12,Rest,,12:26:51,12:28:55,123.5,2026-09-03_03
161,14,Communication,With other gulper(s),10:45:42,10:47:51,128.4,2026-09-03_03
161,2,Fluidizing,Mixing,12:27:00,12:36:14,554.5,2026-09-03_03
162,16,Communication,With other gulper(s),10:45:47,10:47:58,131.5,2026-09-03_03
162,12,Extraction,Pulling out trash,12:28:55,12:36:11,436.5,2026-09-03_03
163,14,Extraction,Removing sludge,10:47:51,10:49:50,119.1,2026-09-03_03
163,18,Fluidizing,Mixing,12:36:08,12:42:10,362,2026-09-03_03
164,16,Extraction,Pulling out trash,10:47:58,10:50:11,132.8,2026-09-03_03
164,12,Rest,,12:36:11,12:42:16,364.5,2026-09-03_03
165,1,Communication,With other gulper(s),10:49:40,10:50:44,64,2026-09-03_03
165,2,Rest,,12:36:14,12:42:04,349.4,2026-09-03_03
166,14,Sludge handling,Filling containers,10:49:50,10:51:10,79.9,2026-09-03_03
166,2,Fluidizing,Mixing,12:42:04,12:47:44,340.6,2026-09-03_03
167,3,Rest,,10:50:04,10:51:44,99.6,2026-09-03_03
167,18,Rest,,12:42:10,12:46:25,255,2026-09-03_03
168,16,Communication,With other gulper(s),10:50:11,10:51:35,84.5,2026-09-03_03
168,12,Travel,On errand,12:42:16,12:46:20,243.7,2026-09-03_03
169,1,Equipment,Maneuvering,10:50:44,10:51:04,20.7,2026-09-03_03
169,12,Rest,,12:46:20,12:55:57,577,2026-09-03_03
170,1,Extraction,Removing sludge,10:51:04,10:55:32,267.3,2026-09-03_03
170,18,Fluidizing,Mixing,12:46:25,12:49:05,160.3,2026-09-03_03
171,14,Extraction,Removing sludge,10:51:10,10:51:48,38.4,2026-09-03_03
171,2,Equipment,Maneuvering,12:47:44,12:52:04,260.2,2026-09-03_03
172,16,Extraction,Pulling out trash,10:51:35,10:55:38,242.6,2026-09-03_03
172,18,Equipment,Maneuvering,12:49:05,12:56:00,414.7,2026-09-03_03
173,3,Communication,With other gulper(s),10:51:44,10:55:46,242.3,2026-09-03_03
173,2,Fluidizing,Mixing,12:52:04,12:58:05,360.3,2026-09-03_03
174,14,Sludge handling,Filling containers,10:51:48,10:53:14,85.9,2026-09-03_03
174,12,Fluidizing,Mixing,12:55:57,13:09:54,836.8,2026-09-03_03
175,14,Disposal,,10:53:14,10:55:06,112.2,2026-09-03_03
175,18,Rest,,12:56:00,13:03:04,423.6,2026-09-03_03
176,14,Communication,With other gulper(s),10:55:06,10:55:53,47.2,2026-09-03_03
176,2,Equipment,Cleaning,12:58:05,13:02:37,272.4,2026-09-03_03
177,1,Communication,With other gulper(s),10:55:32,10:56:00,28.6,2026-09-03_03
177,2,Fluidizing,Mixing,13:02:37,13:09:58,440.5,2026-09-03_03
178,16,Communication,With other gulper(s),10:55:38,10:56:58,80.1,2026-09-03_03
178,18,Travel,On errand,13:03:04,13:07:20,256.3,2026-09-03_03
179,3,Extraction,Pulling out trash,10:55:46,11:03:18,451.8,2026-09-03_03
179,18,Disposal,,13:07:20,13:09:43,143.4,2026-09-03_03
180,14,Rest,,10:55:53,10:58:58,184.1,2026-09-03_03
180,18,Rest,,13:09:43,13:11:19,95.8,2026-09-03_03
181,1,Extraction,Pulling out trash,10:56:00,10:56:11,11.1,2026-09-03_03
181,12,Extraction,Removing sludge,13:09:54,13:13:05,191.8,2026-09-03_03
182,1,Communication,With other gulper(s),10:56:11,10:58:49,157.2,2026-09-03_03
182,2,Extraction,Removing sludge,13:09:58,13:11:45,107.1,2026-09-03_03
183,16,Extraction,Pulling out trash,10:56:58,11:03:24,385.9,2026-09-03_03
183,18,Fluidizing,Fetching water,13:11:19,13:12:40,80.6,2026-09-03_03
184,1,Extraction,Pulling out trash,10:58:49,10:59:02,13.4,2026-09-03_03
184,2,Fluidizing,Adding water,13:11:45,13:11:53,8.3,2026-09-03_03
185,14,Communication,With other gulper(s),10:58:58,10:59:52,54.4,2026-09-03_03
185,2,Fluidizing,Mixing,13:11:53,13:16:02,249.1,2026-09-03_03
186,1,Communication,With other gulper(s),10:59:02,10:59:57,55.2,2026-09-03_03
186,18,Equipment,Maneuvering,13:12:40,13:14:34,114,2026-09-03_03
187,14,Fluidizing,Fetching water,10:59:52,11:00:45,52.7,2026-09-03_03
187,12,Extraction,Pulling out trash,13:13:05,13:21:12,486.7,2026-09-03_03
188,1,Extraction,Removing sludge,10:59:57,11:03:39,221.5,2026-09-03_03
188,18,Rest,,13:14:34,13:14:53,19.7,2026-09-03_03
189,14,Communication,With other gulper(s),11:00:45,11:10:44,599.5,2026-09-03_03
189,18,Equipment,Maneuvering,13:14:53,13:16:06,73,2026-09-03_03
190,3,Fluidizing,Fetching water,11:03:18,11:04:04,46.1,2026-09-03_03
190,2,Rest,,13:16:02,13:21:01,299.3,2026-09-03_03
191,16,Fluidizing,Mixing,11:03:24,11:10:53,449.3,2026-09-03_03
191,18,Rest,,13:16:06,13:21:07,300.8,2026-09-03_03
192,1,Fluidizing,Mixing,11:03:39,11:06:46,187.5,2026-09-03_03
192,2,Equipment,Maneuvering,13:21:01,13:24:17,196,2026-09-03_03
193,3,Fluidizing,Adding water,11:04:04,11:04:10,5.8,2026-09-03_03
193,18,Fluidizing,Mixing,13:21:07,13:24:35,207.3,2026-09-03_03
194,3,Disposal,,11:04:10,11:06:03,112.9,2026-09-03_03
194,12,Rest,,13:21:12,13:23:37,145,2026-09-03_03
195,3,Rest,,11:06:03,11:06:55,52.2,2026-09-03_03
195,12,Travel,On errand,13:23:37,13:31:29,471.8,2026-09-03_03
196,1,Extraction,Removing sludge,11:06:46,11:11:02,255.9,2026-09-03_03
196,2,Fluidizing,Adding water,13:24:17,13:31:19,421.3,2026-09-03_03
197,3,Fluidizing,Fetching water,11:06:55,11:08:28,92.4,2026-09-03_03
197,18,Fluidizing,Adding water,13:24:35,13:31:27,412,2026-09-03_03
198,3,Fluidizing,Fetching water,11:08:30,11:08:34,4.3,2026-09-03_03
198,2,Fluidizing,Mixing,13:31:19,13:34:34,195.1,2026-09-03_03
199,3,Fluidizing,Fetching water,11:10:31,11:11:10,38.4,2026-09-03_03
199,18,Fluidizing,Mixing,13:31:27,13:34:40,193.4,2026-09-03_03
200,14,Rest,,11:10:44,11:12:48,123.6,2026-09-03_03
200,12,Rest,,13:31:29,13:34:36,187.6,2026-09-03_03
201,16,Fluidizing,Fetching water,11:10:53,11:18:38,465.2,2026-09-03_03
201,2,Extraction,Removing sludge,13:34:34,13:37:01,147.4,2026-09-03_03
202,1,Fluidizing,Mixing,11:11:02,11:26:09,907.3,2026-09-03_03
202,12,Extraction,Removing sludge,13:34:36,13:45:00,624,2026-09-03_03
203,3,Fluidizing,Adding water,11:11:10,11:18:31,441.5,2026-09-03_03
203,18,Rest,,13:34:40,13:38:22,221.8,2026-09-03_03
204,14,Communication,With other gulper(s),11:12:48,11:16:50,242,2026-09-03_03
204,2,Equipment,Maneuvering,13:37:01,13:37:43,42.2,2026-09-03_03
205,14,Rest,,11:16:50,11:24:46,475.8,2026-09-03_03
205,2,Equipment,Repairing,13:37:43,13:37:46,2.4,2026-09-03_03
206,3,Disposal,,11:18:31,11:25:29,417.6,2026-09-03_03
206,2,Equipment,Maneuvering,13:37:46,13:44:56,430.2,2026-09-03_03
207,16,Extraction,Pulling out trash,11:18:38,11:53:52,2113.2,2026-09-03_03
207,18,Communication,With other gulper(s),13:38:22,13:44:39,377,2026-09-03_03
208,14,Communication,With other gulper(s),11:24:46,11:25:19,33.2,2026-09-03_03
208,18,Rest,,13:44:39,13:56:47,728.6,2026-09-03_03
209,14,Communication,With client(s),11:25:19,11:27:06,107,2026-09-03_03
209,2,Rest,,13:44:56,13:47:11,135,2026-09-03_03
210,3,Extraction,Pulling out trash,11:25:29,11:25:37,8.4,2026-09-03_03
210,12,Rest,,13:45:00,13:47:02,121.9,2026-09-03_03
211,3,Rest,,11:25:37,11:27:39,121.9,2026-09-03_03
211,12,Extraction,Pulling out trash,13:47:02,13:49:43,160.9,2026-09-03_03
212,1,Extraction,Pulling out trash,11:26:09,11:35:32,562.8,2026-09-03_03
212,2,Fluidizing,Mixing,13:47:11,13:50:23,192.3,2026-09-03_03
213,14,Rest,,11:27:06,11:31:50,284.2,2026-09-03_03
213,12,Rest,,13:49:43,14:01:08,684.5,2026-09-03_03
214,3,Disposal,,11:27:39,11:31:44,245,2026-09-03_03
214,2,Extraction,Pulling out trash,13:50:23,13:56:51,387.2,2026-09-03_03
215,3,Extraction,Pulling out trash,11:31:44,11:35:05,200.4,2026-09-03_03
215,18,Fluidizing,Mixing,13:56:47,14:01:01,254.1,2026-09-03_03
216,14,Communication,With other gulper(s),11:31:50,11:57:11,1520.5,2026-09-03_03
216,2,Rest,,13:56:51,14:00:54,243.8,2026-09-03_03
217,3,Disposal,,11:35:05,11:37:24,139.9,2026-09-03_03
217,2,Extraction,Removing sludge,14:00:54,14:02:36,102.2,2026-09-03_03
218,1,Fluidizing,Mixing,11:35:32,11:46:46,673.8,2026-09-03_03
218,18,Rest,,14:01:01,14:14:03,781.3,2026-09-03_03
219,3,Extraction,Pulling out trash,11:37:24,11:53:44,980,2026-09-03_03
219,12,Communication,With other gulper(s),14:01:08,14:02:39,91.4,2026-09-03_03
220,1,Rest,,11:46:46,11:54:02,435.7,2026-09-03_03
220,2,Equipment,Maneuvering,14:02:36,14:07:36,300,2026-09-03_03
221,3,Fluidizing,Fetching water,11:53:44,12:00:46,421.2,2026-09-03_03
221,12,Rest,,14:02:39,14:05:11,152,2026-09-03_03
222,16,Equipment,Cleaning,11:53:52,11:54:34,42.3,2026-09-03_03
222,12,Equipment,Cleaning,14:05:11,14:06:23,72,2026-09-03_03
223,1,Communication,With other gulper(s),11:54:02,11:54:46,44.1,2026-09-03_03
223,12,Rest,,14:06:23,14:07:31,68.3,2026-09-03_03
224,16,Communication,With other gulper(s),11:54:34,12:00:54,379.5,2026-09-03_03
224,12,Communication,With other gulper(s),14:07:31,14:13:34,362.7,2026-09-03_03
225,1,Fluidizing,Mixing,11:54:46,13:21:57,5230.8,2026-09-03_03
225,2,Fluidizing,Adding water,14:07:36,14:11:47,251.1,2026-09-03_03
226,14,Fluidizing,Mixing,11:57:11,13:21:25,5054.6,2026-09-03_03
226,2,Superstructure,Cleaning,14:11:47,14:17:34,347,2026-09-03_03
227,3,Rest,,12:00:46,12:03:40,174,2026-09-03_03
227,12,Rest,,14:13:34,14:17:26,231.9,2026-09-03_03
228,16,Extraction,Pulling out trash,12:00:54,13:22:01,4867.2,2026-09-03_03
228,18,Equipment,Cleaning,14:14:03,14:21:14,430.7,2026-09-03_03
229,3,Disposal,,12:03:40,13:21:50,4690.2,2026-09-03_03
229,12,Superstructure,Cleaning,14:17:26,14:21:10,223.5,2026-09-03_03
230,14,Sludge handling,Filling containers,13:21:25,13:27:05,339.9,2026-09-03_03
230,2,Disposal,,14:17:34,14:19:48,133.8,2026-09-03_03
231,3,Sludge handling,Filling containers,13:21:50,13:24:41,171.1,2026-09-03_03
231,2,Equipment,Cleaning,14:19:48,14:33:17,808.3,2026-09-03_03
232,1,Rest,,13:21:57,13:27:53,356.1,2026-09-03_03
232,12,Superstructure,Cleaning,14:21:10,14:29:32,502.2,2026-09-03_03
233,16,Rest,,13:22:01,13:24:46,165.3,2026-09-03_03
233,18,Rest,,14:21:14,14:29:30,496.1,2026-09-03_03
234,3,Equipment,Maneuvering,13:24:41,13:25:10,29.2,2026-09-03_03
234,18,Superstructure,Cleaning,14:29:30,14:39:31,601.7,2026-09-03_03
235,16,Communication,With other gulper(s),13:24:46,13:26:00,74.2,2026-09-03_03
235,12,Rest,,14:29:32,14:44:47,915.8,2026-09-03_03
236,3,Sludge handling,Filling containers,13:25:10,13:28:02,172,2026-09-03_03
236,2,Rest,,14:33:17,14:33:30,13.4,2026-09-03_03
237,16,Equipment,Cleaning,13:26:00,13:42:07,966.5,2026-09-03_03
237,2,Fluidizing,Fetching water,14:33:30,14:39:05,335.2,2026-09-03_03
238,14,Fluidizing,Mixing,13:27:05,13:37:31,626.2,2026-09-03_03
238,2,Equipment,Cleaning,14:39:05,14:46:12,426.3,2026-09-03_03
239,1,Communication,With other gulper(s),13:27:53,13:35:10,437,2026-09-03_03
239,18,Rest,,14:39:31,14:46:06,395,2026-09-03_03
240,3,Rest,,13:28:02,13:35:17,434.8,2026-09-03_03
240,12,Superstructure,Cleaning,14:44:47,14:52:51,483.3,2026-09-03_03
241,1,Extraction,Removing sludge,13:35:10,13:56:22,1272.4,2026-09-03_03
241,18,Superstructure,Cleaning,14:46:06,15:25:17,2350.7,2026-09-03_03
242,3,Extraction,Removing sludge,13:35:17,13:38:40,203,2026-09-03_03
242,2,Rest,,14:46:12,14:50:41,269.4,2026-09-03_03
243,14,Equipment,Cleaning,13:37:31,13:41:28,236.8,2026-09-03_03
243,2,Equipment,Cleaning,14:50:41,14:58:26,465.5,2026-09-03_03
244,3,Disposal,,13:38:40,13:40:50,129.8,2026-09-03_03
244,12,Rest,,14:52:51,14:52:55,4.4,2026-09-03_03
245,3,Extraction,Removing sludge,13:40:50,13:53:05,735.4,2026-09-03_03
245,12,Communication,With other gulper(s),14:52:55,14:55:00,124.4,2026-09-03_03
246,14,Extraction,Removing sludge,13:41:29,13:52:58,689.5,2026-09-03_03
246,12,Rest,,14:55:00,14:58:47,227.1,2026-09-03_03
247,16,Extraction,Pulling out trash,13:42:07,13:42:19,12.1,2026-09-03_03
247,2,Rest,,14:58:26,14:58:50,23.4,2026-09-03_03
248,16,Equipment,Cleaning,13:42:19,13:53:16,657.4,2026-09-03_03
248,12,Superstructure,Cleaning,14:58:47,15:25:36,1609,2026-09-03_03
249,3,Disposal,,13:53:07,13:54:42,94.6,2026-09-03_03
249,2,Superstructure,Cleaning,14:58:50,15:25:32,1602.4,2026-09-03_03
250,16,Communication,With other gulper(s),13:53:16,13:54:48,91.6,2026-09-03_03
250,18,Equipment,Cleaning,15:25:17,15:34:43,566.4,2026-09-03_03
251,14,Extraction,Removing sludge,13:54:18,14:10:58,1000,2026-09-03_03
251,2,Equipment,Cleaning,15:25:32,15:32:12,399.5,2026-09-03_03
252,3,Extraction,Pulling out trash,13:54:42,13:59:49,306.8,2026-09-03_03
252,12,Communication,With client(s),15:25:37,15:31:59,382.1,2026-09-03_03
253,16,Extraction,Pulling out trash,13:54:48,13:56:11,83.2,2026-09-03_03
253,12,Communication,With client(s),15:31:59,15:34:36,156.3,2026-09-03_03
254,16,Communication,With other gulper(s),13:56:11,14:00:59,288.2,2026-09-03_03
254,2,Rest,,15:32:12,16:33:48,3696.1,2026-09-03_03
255,1,Fluidizing,Mixing,13:56:22,14:04:04,462,2026-09-03_03
255,12,Rest,,15:34:36,16:33:44,3548,2026-09-03_03
256,3,Disposal,,13:59:49,14:01:30,101.6,2026-09-03_03
256,18,Equipment,Maneuvering,15:34:43,15:53:28,1124.2,2026-09-03_03
257,16,Sludge handling,Filling containers,14:00:59,14:02:33,94.3,2026-09-03_03
257,18,Rest,,15:53:28,16:33:36,2408.1,2026-09-03_03
258,3,Extraction,Pulling out trash,14:01:30,14:02:29,58.6,2026-09-03_03
258,18,Travel,On errand,16:33:36,16:55:32,1316.1,2026-09-03_03
259,3,Sludge handling,Filling containers,14:02:29,14:04:12,102.9,2026-09-03_03
259,12,Travel,On errand,16:33:44,16:55:36,1312,2026-09-03_03
260,16,Extraction,Pulling out trash,14:02:33,14:04:08,94.2,2026-09-03_03
260,2,Travel,On errand,16:33:48,16:55:39,1310.8,2026-09-03_03
261,1,Rest,,14:04:04,14:07:43,218.7,2026-09-03_03
261,18,Disposal,,16:55:32,17:13:01,1048.8,2026-09-03_03
262,16,Communication,With other gulper(s),14:04:08,14:07:34,205.9,2026-09-03_03
262,12,Disposal,,16:55:36,17:12:02,986.7,2026-09-03_03
263,3,Communication,With other gulper(s),14:04:12,14:05:08,55.9,2026-09-03_03
263,2,Disposal,,16:55:39,17:11:09,930.6,2026-09-03_03
264,3,Sludge handling,Filling containers,14:05:08,14:06:45,97.2,2026-09-03_03
264,2,Equipment,Cleaning,17:11:09,17:20:55,585.4,2026-09-03_03
265,3,Communication,With other gulper(s),14:06:45,14:07:37,51.7,2026-09-03_03
265,12,Equipment,Cleaning,17:12:02,17:20:53,530.7,2026-09-03_03
266,16,Rest,,14:07:34,14:10:29,175.3,2026-09-03_03
266,18,Equipment,Cleaning,17:13:01,17:20:52,470.8,2026-09-03_03
267,3,Equipment,Cleaning,14:07:37,14:10:22,165.4,2026-09-03_03
267,18,Rest,,17:20:52,17:24:32,220.6,2026-09-03_03
268,1,Equipment,Maneuvering,14:07:43,14:09:02,79.3,2026-09-03_03
268,12,Rest,,17:20:53,17:24:32,219,2026-09-03_03
269,1,Extraction,Removing sludge,14:09:02,14:12:20,198.3,2026-09-03_03
269,2,Rest,,17:20:55,17:24:32,217.5,2026-09-03_03
270,3,Extraction,Removing sludge,14:10:22,14:13:27,185.4,2026-09-03_03
271,16,Equipment,Maneuvering,14:10:29,14:12:16,107.3,2026-09-03_03
272,14,Equipment,Cleaning,14:10:58,14:18:24,446.3,2026-09-03_03
273,16,Communication,With other gulper(s),14:12:16,14:17:14,297.9,2026-09-03_03
274,1,Communication,With other gulper(s),14:12:20,14:17:03,282.8,2026-09-03_03
275,3,Sludge handling,Filling containers,14:13:27,14:17:08,220.8,2026-09-03_03
276,1,Rest,,14:17:03,14:18:44,100.5,2026-09-03_03
277,3,Extraction,Pulling out trash,14:17:08,14:23:23,375.1,2026-09-03_03
278,16,Extraction,Pulling out trash,14:17:14,14:25:06,472.3,2026-09-03_03
279,14,Equipment,Maneuvering,14:18:24,14:23:32,308.1,2026-09-03_03
280,1,Communication,With other gulper(s),14:18:44,14:19:00,16.7,2026-09-03_03
281,1,Extraction,Removing sludge,14:19:00,14:25:01,360.4,2026-09-03_03
282,3,Sludge handling,Filling containers,14:23:23,14:25:11,107.2,2026-09-03_03
283,14,Equipment,Repairing,14:23:32,14:23:35,2.6,2026-09-03_03
284,14,Equipment,Cleaning,14:23:35,14:31:35,479.7,2026-09-03_03
285,1,Communication,With other gulper(s),14:25:01,14:28:29,207.8,2026-09-03_03
286,16,Communication,With other gulper(s),14:25:06,14:29:47,280.7,2026-09-03_03
287,3,Rest,,14:25:11,14:27:17,126.8,2026-09-03_03
288,3,Communication,With other gulper(s),14:27:17,14:28:40,83.1,2026-09-03_03
289,1,Extraction,Removing sludge,14:28:31,14:33:00,269.1,2026-09-03_03
290,3,Extraction,Removing sludge,14:28:40,14:30:08,87.9,2026-09-03_03
291,16,Fluidizing,Fetching water,14:29:47,14:32:10,143,2026-09-03_03
292,3,Sludge handling,Filling containers,14:30:08,14:31:43,95.2,2026-09-03_03
293,14,Equipment,Maneuvering,14:31:35,14:33:23,108.3,2026-09-03_03
294,3,Extraction,Removing sludge,14:31:43,14:33:11,87.6,2026-09-03_03
295,16,Sludge handling,Filling containers,14:32:10,14:33:17,67.3,2026-09-03_03
296,1,Equipment,Maneuvering,14:33:00,14:35:05,125.1,2026-09-03_03
297,3,Equipment,Maneuvering,14:33:11,14:35:08,116.6,2026-09-03_03
298,16,Rest,,14:33:17,14:34:15,57.5,2026-09-03_03
299,14,Rest,,14:33:23,14:34:22,58.9,2026-09-03_03
300,16,Communication,With other gulper(s),14:34:15,14:34:34,18.8,2026-09-03_03
301,14,Equipment,Maneuvering,14:34:22,14:40:01,339,2026-09-03_03
302,16,Equipment,Cleaning,14:34:34,14:40:37,363.4,2026-09-03_03
303,1,Communication,With other gulper(s),14:35:05,14:39:08,243.2,2026-09-03_03
304,3,Communication,With other gulper(s),14:35:08,14:37:57,169.6,2026-09-03_03
305,3,Equipment,Maneuvering,14:37:57,14:39:10,72.9,2026-09-03_03
306,1,Equipment,Cleaning,14:39:08,14:57:55,1126.9,2026-09-03_03
307,3,Equipment,Cleaning,14:39:10,15:25:46,2796.1,2026-09-03_03
308,14,Communication,With other gulper(s),14:40:01,14:40:09,8.2,2026-09-03_03
309,14,Equipment,Maneuvering,14:40:09,14:40:42,32.3,2026-09-03_03
310,16,Disposal,,14:40:37,14:43:46,189.4,2026-09-03_03
311,14,Equipment,Cleaning,14:40:42,14:48:03,441.8,2026-09-03_03
312,16,Communication,With other gulper(s),14:43:46,14:45:33,107,2026-09-03_03
313,16,Disposal,,14:45:33,14:45:37,3.7,2026-09-03_03
314,16,Rest,,14:45:37,14:47:16,98.4,2026-09-03_03
315,16,Equipment,Maneuvering,14:47:16,14:48:52,95.9,2026-09-03_03
316,14,Equipment,Maneuvering,14:48:03,14:55:37,453.3,2026-09-03_03
317,16,Equipment,Cleaning,14:48:52,14:51:48,176.7,2026-09-03_03
318,16,Rest,,14:51:48,14:55:04,195.8,2026-09-03_03
319,16,Equipment,Cleaning,14:55:04,15:26:14,1869.7,2026-09-03_03
320,14,Disposal,,14:55:37,14:57:02,85.6,2026-09-03_03
321,14,Equipment,Maneuvering,14:57:02,14:58:31,88.9,2026-09-03_03
322,1,Rest,,14:57:55,14:58:25,29.5,2026-09-03_03
323,1,Equipment,Cleaning,14:58:25,15:27:05,1720.9,2026-09-03_03
324,14,Rest,,14:58:31,15:26:00,1649.3,2026-09-03_03
325,3,Rest,,15:25:46,16:34:09,4102.2,2026-09-03_03
326,14,Equipment,Cleaning,15:26:00,15:34:59,538.5,2026-09-03_03
327,16,Rest,,15:26:14,16:34:18,4083.9,2026-09-03_03
328,1,Rest,,15:27:05,16:34:14,4028.2,2026-09-03_03
329,14,Rest,,15:34:59,15:35:37,38.1,2026-09-03_03
330,14,Equipment,Maneuvering,15:35:37,15:41:48,371.3,2026-09-03_03
331,14,Rest,,15:41:48,15:53:39,710.9,2026-09-03_03
332,14,Communication,With client(s),15:53:43,15:58:58,315.3,2026-09-03_03
333,14,Rest,,15:58:58,16:33:54,2095.7,2026-09-03_03
334,14,Travel,On errand,16:34:05,16:54:32,1226.4,2026-09-03_03
335,3,Travel,On errand,16:34:12,16:55:24,1272.7,2026-09-03_03
336,1,Travel,On errand,16:34:16,16:55:30,1274.1,2026-09-03_03
337,16,Travel,On errand,16:34:20,16:55:33,1272.2,2026-09-03_03
338,14,Travel,On errand,16:54:34,16:54:35,0.9,2026-09-03_03
339,14,Travel,Travel to disposal site,16:54:39,16:55:21,42.5,2026-09-03_03
340,14,Disposal,,16:55:23,17:09:52,869,2026-09-03_03
341,3,Travel,On errand,16:55:26,16:55:27,0.8,2026-09-03_03
342,3,Disposal,,16:55:29,17:09:56,866.7,2026-09-03_03
343,1,Disposal,,16:55:31,17:10:04,872.8,2026-09-03_03
344,16,Disposal,,16:55:34,17:10:08,874.6,2026-09-03_03
345,14,Equipment,Cleaning,17:09:52,17:19:20,568.6,2026-09-03_03
346,3,Equipment,Cleaning,17:09:56,17:19:22,566.8,2026-09-03_03
347,1,Equipment,Cleaning,17:10:04,17:19:24,560.2,2026-09-03_03
348,16,Equipment,Cleaning,17:10:08,17:19:27,558.4,2026-09-03_03
349,14,Equipment,Maneuvering,17:19:20,17:21:38,137.9,2026-09-03_03
350,3,Equipment,Maneuvering,17:19:22,17:22:12,170,2026-09-03_03
351,1,Equipment,Maneuvering,17:19:24,17:22:17,173,2026-09-03_03
352,16,Equipment,Maneuvering,17:19:27,17:22:21,173.9,2026-09-03_03
353,14,Communication,With other gulper(s),17:21:38,17:24:36,177.8,2026-09-03_03
354,3,Communication,With other gulper(s),17:22:12,17:25:10,177.4,2026-09-03_03
355,1,Communication,With other gulper(s),17:22:17,17:25:06,168.2,2026-09-03_03
356,16,Communication,With other gulper(s),17:22:21,17:25:03,162.2,2026-09-03_03
357,14,Communication,With other gulper(s),17:24:39,17:25:08,28.2,2026-09-03_03
358,16,Rest,,17:25:03,17:25:20,17.7,2026-09-03_03
359,1,Rest,,17:25:06,17:25:20,14.8,2026-09-03_03
360,14,Rest,,17:25:08,17:25:20,13,2026-09-03_03
361,3,Rest,,17:25:10,17:25:20,10.7,2026-09-03_03
1,18,Superstructure,Inspection,09:28:27,09:30:27,120.1,2026-09-08_01
2,3,Superstructure,Inspection,09:28:34,09:30:35,120.6,2026-09-08_01
3,11,Fluidizing,Fetching water,09:28:41,09:30:41,119.2,2026-09-08_01
4,2,Equipment,Maneuvering,09:28:53,09:36:08,434.8,2026-09-08_01
5,18,Fluidizing,Mixing,09:30:27,09:35:02,274.6,2026-09-08_01
6,3,Equipment,Maneuvering,09:30:35,09:32:14,99.7,2026-09-08_01
7,11,Fluidizing,Adding water,09:30:41,09:30:45,4.7,2026-09-08_01
8,11,Fluidizing,Fetching water,09:30:45,09:35:00,254.7,2026-09-08_01
9,3,Fluidizing,Adding water,09:32:14,09:32:27,12.6,2026-09-08_01
10,3,Rest,,09:32:27,09:33:46,78.6,2026-09-08_01
11,3,Equipment,Maneuvering,09:33:46,09:35:05,78.9,2026-09-08_01
12,11,Rest,,09:35:00,09:36:49,108.7,2026-09-08_01
13,18,Rest,,09:35:02,09:35:10,7.9,2026-09-08_01
14,3,Rest,,09:35:05,09:36:15,70.1,2026-09-08_01
15,18,Fluidizing,Mixing,09:35:10,09:39:55,285.2,2026-09-08_01
16,2,Rest,,09:36:08,09:38:28,139.9,2026-09-08_01
17,3,Equipment,Maneuvering,09:36:15,09:37:26,71.5,2026-09-08_01
18,11,Fluidizing,Fetching water,09:36:49,09:38:25,95.9,2026-09-08_01
19,3,Rest,,09:37:26,09:41:01,214.9,2026-09-08_01
20,11,Rest,,09:38:25,09:40:09,104.3,2026-09-08_01
21,2,Equipment,Maneuvering,09:38:28,09:39:58,90.2,2026-09-08_01
22,18,Rest,,09:39:55,09:41:34,98.9,2026-09-08_01
23,2,Fluidizing,Mixing,09:39:58,09:41:50,111.7,2026-09-08_01
24,11,Fluidizing,Fetching water,09:40:09,09:40:16,7.5,2026-09-08_01
25,11,Communication,With other gulper(s),09:40:16,09:40:21,5,2026-09-08_01
26,11,Fluidizing,Fetching water,09:40:21,09:41:55,94.1,2026-09-08_01
27,3,Communication,With other gulper(s),09:41:01,09:41:30,29.3,2026-09-08_01
28,3,Rest,,09:41:30,09:42:11,40.6,2026-09-08_01
29,18,Fluidizing,Adding water,09:41:34,09:42:17,43,2026-09-08_01
30,2,Rest,,09:41:50,09:42:54,64,2026-09-08_01
31,11,Equipment,Maneuvering,09:41:55,09:42:15,19.3,2026-09-08_01
32,3,Fluidizing,Adding water,09:42:11,09:42:50,39.2,2026-09-08_01
33,11,Rest,,09:42:15,09:42:59,44.2,2026-09-08_01
34,18,Rest,,09:42:17,09:42:48,31.4,2026-09-08_01
35,18,Fluidizing,Adding water,09:42:48,09:42:56,7.7,2026-09-08_01
36,3,Rest,,09:42:50,09:44:00,69.9,2026-09-08_01
37,2,Fluidizing,Mixing,09:42:54,09:47:40,286,2026-09-08_01
38,18,Rest,,09:42:56,10:04:51,1315.2,2026-09-08_01
39,11,Fluidizing,Fetching water,09:42:59,09:43:56,57.2,2026-09-08_01
40,11,Rest,,09:43:56,09:47:29,212.9,2026-09-08_01
41,3,Communication,With other gulper(s),09:44:00,09:45:15,75.3,2026-09-08_01
42,3,Rest,,09:45:15,09:47:56,160.9,2026-09-08_01
43,11,Communication,With other gulper(s),09:47:29,09:51:00,211.2,2026-09-08_01
44,2,Communication,With other gulper(s),09:47:40,09:49:44,124,2026-09-08_01
45,3,Extraction,Pulling out trash,09:47:56,09:51:10,193.7,2026-09-08_01
46,2,Fluidizing,Mixing,09:49:44,09:57:30,466.4,2026-09-08_01
47,11,Rest,,09:51:00,10:09:57,1136.8,2026-09-08_01
48,3,Rest,,09:51:10,09:56:29,318.5,2026-09-08_01
49,3,Extraction,Pulling out trash,09:56:29,09:57:28,59.2,2026-09-08_01
50,3,Fluidizing,Mixing,09:57:28,10:02:23,295.5,2026-09-08_01
51,2,Rest,,09:57:30,09:58:29,59.3,2026-09-08_01
52,2,Communication,With other gulper(s),09:58:29,09:58:37,7.2,2026-09-08_01
53,2,Extraction,Pulling out trash,09:58:37,10:00:46,129.3,2026-09-08_01
54,2,Rest,,10:00:46,10:12:34,708.1,2026-09-08_01
55,3,Rest,,10:02:23,10:03:59,95.5,2026-09-08_01
56,3,Fluidizing,Mixing,10:03:59,10:14:35,636.5,2026-09-08_01
57,18,Equipment,Cleaning,10:04:51,10:04:59,7.3,2026-09-08_01
58,18,Rest,,10:04:59,10:11:44,405.6,2026-09-08_01
59,11,Extraction,Pulling out trash,10:09:57,10:10:55,57.6,2026-09-08_01
60,11,Communication,With other gulper(s),10:10:55,10:12:03,68.5,2026-09-08_01
61,18,Superstructure,Cleaning,10:11:44,10:12:16,32.3,2026-09-08_01
62,11,Rest,,10:12:05,10:17:45,339.8,2026-09-08_01
63,18,Fluidizing,Mixing,10:12:16,10:22:44,627,2026-09-08_01
64,2,Fluidizing,Fetching water,10:12:34,10:14:27,113.3,2026-09-08_01
65,2,Superstructure,Inspection,10:14:27,10:16:11,103.4,2026-09-08_01
66,3,Communication,With other gulper(s),10:14:35,10:14:48,12.4,2026-09-08_01
67,3,Fluidizing,Adding water,10:14:48,10:16:13,84.8,2026-09-08_01
68,2,Rest,,10:16:11,10:18:26,134.9,2026-09-08_01
69,3,Rest,,10:16:13,10:34:54,1121.3,2026-09-08_01
70,11,Travel,On errand,10:17:45,10:20:17,152.3,2026-09-08_01
71,2,Communication,With other gulper(s),10:18:26,10:20:28,122,2026-09-08_01
72,11,Communication,With client(s),10:20:17,10:22:35,138.3,2026-09-08_01
73,2,Fluidizing,Mixing,10:20:28,10:29:58,570.5,2026-09-08_01
74,11,Rest,,10:22:35,10:24:20,104.2,2026-09-08_01
75,18,Rest,,10:22:44,10:29:56,432.8,2026-09-08_01
76,11,Superstructure,Inspection,10:24:20,10:25:53,93.7,2026-09-08_01
77,11,Rest,,10:25:53,10:26:24,31,2026-09-08_01
78,11,Fluidizing,Fetching water,10:26:24,10:30:17,232.5,2026-09-08_01
79,18,Fluidizing,Mixing,10:29:56,10:35:03,306.7,2026-09-08_01
80,2,Rest,,10:29:58,11:00:22,1823.7,2026-09-08_01
81,11,Rest,,10:30:17,10:34:58,280.8,2026-09-08_01
82,3,Extraction,Pulling out trash,10:34:54,10:40:52,357.9,2026-09-08_01
83,11,Equipment,Maneuvering,10:34:58,10:37:55,177.5,2026-09-08_01
84,18,Extraction,Pulling out trash,10:35:03,10:40:49,346.2,2026-09-08_01
85,11,Rest,,10:37:55,10:43:22,326.4,2026-09-08_01
86,18,Fluidizing,Mixing,10:40:49,10:41:08,19.2,2026-09-08_01
87,3,Rest,,10:40:52,10:41:06,14.4,2026-09-08_01
88,3,Fluidizing,Mixing,10:41:06,10:45:23,257.2,2026-09-08_01
89,18,Rest,,10:41:08,10:44:13,184.7,2026-09-08_01
90,11,Extraction,Pulling out trash,10:43:22,10:45:26,124.5,2026-09-08_01
91,18,Sludge handling,Filling containers,10:44:13,10:45:12,59.3,2026-09-08_01
92,18,Rest,,10:45:12,10:52:10,417.6,2026-09-08_01
93,3,Equipment,Maneuvering,10:45:23,10:47:17,113.9,2026-09-08_01
94,11,Rest,,10:45:26,10:52:14,407.5,2026-09-08_01
95,3,Rest,,10:47:17,10:50:53,215.9,2026-09-08_01
96,3,Rest,,10:50:53,10:51:31,38,2026-09-08_01
97,3,Fluidizing,Mixing,10:51:31,10:51:46,15.1,2026-09-08_01
98,3,Rest,,10:51:46,10:51:52,5.7,2026-09-08_01
99,3,Fluidizing,Mixing,10:51:52,10:52:42,50.2,2026-09-08_01
100,18,Communication,With other gulper(s),10:52:10,10:53:33,82.5,2026-09-08_01
101,11,Communication,With other gulper(s),10:52:14,10:52:46,33,2026-09-08_01
102,3,Extraction,Pulling out trash,10:52:42,10:55:26,164,2026-09-08_01
103,11,Extraction,Pulling out trash,10:52:46,10:55:27,161,2026-09-08_01
104,18,Rest,,10:53:33,11:01:11,458.3,2026-09-08_01
105,3,Fluidizing,Mixing,10:55:26,10:57:46,139.5,2026-09-08_01
106,11,Rest,,10:55:27,10:57:41,133.4,2026-09-08_01
107,11,Equipment,Maneuvering,10:57:41,10:57:59,18,2026-09-08_01
108,3,Extraction,Pulling out trash,10:57:46,10:57:56,10.8,2026-09-08_01
109,3,Fluidizing,Mixing,10:57:56,11:02:24,267.5,2026-09-08_01
110,11,Rest,,10:57:59,11:12:24,865.3,2026-09-08_01
111,2,Fluidizing,Adding water,11:00:22,11:00:35,13.7,2026-09-08_01
112,2,Equipment,Cleaning,11:00:35,11:02:02,86.5,2026-09-08_01
113,18,Fluidizing,Adding water,11:01:11,11:02:22,70.9,2026-09-08_01
114,2,Fluidizing,Mixing,11:02:02,11:05:12,190.3,2026-09-08_01
115,18,Rest,,11:02:22,11:02:32,10.4,2026-09-08_01
116,3,Rest,,11:02:24,11:05:16,171.8,2026-09-08_01
117,18,Fluidizing,Adding water,11:02:32,11:03:09,36.6,2026-09-08_01
118,18,Rest,,11:03:09,11:04:48,99.1,2026-09-08_01
119,18,Sludge handling,Filling containers,11:04:48,11:05:07,18.8,2026-09-08_01
120,18,Rest,,11:05:07,11:09:06,239,2026-09-08_01
121,2,Equipment,Maneuvering,11:05:12,11:06:36,83.6,2026-09-08_01
122,3,Extraction,Pulling out trash,11:05:16,11:06:46,90.8,2026-09-08_01
123,2,Fluidizing,Mixing,11:06:36,11:08:57,141.1,2026-09-08_01
124,3,Rest,,11:06:46,11:07:15,28.9,2026-09-08_01
125,3,Extraction,Pulling out trash,11:07:15,11:09:00,104.9,2026-09-08_01
126,2,Extraction,Pulling out trash,11:08:57,11:09:16,19.3,2026-09-08_01
127,3,Extraction,Pulling out trash,11:09:00,11:09:55,54.4,2026-09-08_01
128,18,Fluidizing,Fetching water,11:09:06,11:09:52,46.3,2026-09-08_01
129,2,Fluidizing,Mixing,11:09:16,11:12:18,182.2,2026-09-08_01
130,18,Rest,,11:09:52,11:16:56,424,2026-09-08_01
131,3,Rest,,11:09:55,11:12:28,153.6,2026-09-08_01
132,2,Extraction,Pulling out trash,11:12:18,11:12:37,18.9,2026-09-08_01
133,11,Equipment,Maneuvering,11:12:24,11:12:49,24.7,2026-09-08_01
134,3,Equipment,Maneuvering,11:12:28,11:12:55,26.4,2026-09-08_01
135,2,Equipment,Cleaning,11:12:37,11:13:09,32.1,2026-09-08_01
136,11,Fluidizing,Adding water,11:12:49,11:13:22,33.2,2026-09-08_01
137,3,Equipment,Cleaning,11:12:55,11:13:26,31.9,2026-09-08_01
138,2,Rest,,11:13:09,11:18:09,300,2026-09-08_01
139,11,Fluidizing,Mixing,11:13:22,11:14:59,97.5,2026-09-08_01
140,3,Rest,,11:13:26,11:14:57,90.6,2026-09-08_01
141,3,Fluidizing,Mixing,11:14:57,11:16:58,120.7,2026-09-08_01
142,11,Rest,,11:14:59,11:21:17,377.6,2026-09-08_01
143,18,Fluidizing,Mixing,11:16:56,11:23:56,420.1,2026-09-08_01
144,3,Rest,,11:16:58,11:17:17,19.3,2026-09-08_01
145,3,Extraction,Pulling out trash,11:17:17,11:17:23,6,2026-09-08_01
146,3,Rest,,11:17:23,11:18:18,55.3,2026-09-08_01
147,2,Equipment,Maneuvering,11:18:09,11:18:26,16.2,2026-09-08_01
148,3,Extraction,Pulling out trash,11:18:18,11:18:23,4.8,2026-09-08_01
149,3,Rest,,11:18:23,11:24:06,342.3,2026-09-08_01
150,2,Rest,,11:18:26,11:25:58,452.7,2026-09-08_01
151,11,Fluidizing,Fetching water,11:21:17,11:24:07,170,2026-09-08_01
152,18,Rest,,11:23:56,11:31:58,481.6,2026-09-08_01
153,3,Fluidizing,Mixing,11:24:06,11:27:40,214.7,2026-09-08_01
154,11,Rest,,11:24:07,11:25:54,106.8,2026-09-08_01
155,11,Equipment,Maneuvering,11:25:54,11:26:07,13.1,2026-09-08_01
156,2,Equipment,Maneuvering,11:25:58,11:32:04,365.3,2026-09-08_01
157,11,Rest,,11:26:07,11:43:32,1045.2,2026-09-08_01
158,3,Rest,,11:27:40,11:34:46,425.9,2026-09-08_01
159,18,Equipment,Cleaning,11:31:58,11:34:49,171.6,2026-09-08_01
160,2,Fluidizing,Mixing,11:32:04,11:34:41,157,2026-09-08_01
161,2,Extraction,Pulling out trash,11:34:41,11:40:28,346.8,2026-09-08_01
162,3,Extraction,Pulling out trash,11:34:46,11:40:30,343.5,2026-09-08_01
163,18,Rest,,11:34:49,11:37:21,151.5,2026-09-08_01
164,18,Sludge handling,Filling containers,11:37:21,11:38:30,69.2,2026-09-08_01
165,18,Rest,,11:38:30,11:45:09,399.4,2026-09-08_01
166,2,Fluidizing,Mixing,11:40:28,11:41:58,90.1,2026-09-08_01
167,3,Rest,,11:40:30,11:41:54,84.8,2026-09-08_01
168,3,Extraction,Pulling out trash,11:41:54,11:42:05,11.2,2026-09-08_01
169,2,Equipment,Maneuvering,11:41:58,11:42:04,6.5,2026-09-08_01
170,2,Fluidizing,Mixing,11:42:04,11:46:30,266,2026-09-08_01
171,3,Rest,,11:42:05,11:45:15,189,2026-09-08_01
172,11,Equipment,Maneuvering,11:43:32,11:44:09,36.8,2026-09-08_01
173,11,Rest,,11:44:09,11:46:35,145.6,2026-09-08_01
174,18,Equipment,Maneuvering,11:45:09,11:45:37,28.2,2026-09-08_01
175,3,Extraction,Removing sludge,11:45:15,11:45:17,2.4,2026-09-08_01
176,3,Extraction,Pulling out trash,11:45:17,11:45:35,18.4,2026-09-08_01
177,3,Rest,,11:45:35,11:47:19,104.1,2026-09-08_01
178,18,Rest,,11:45:37,11:51:35,357.5,2026-09-08_01
179,2,Extraction,Pulling out trash,11:46:30,11:50:35,244.6,2026-09-08_01
180,11,Extraction,Pulling out trash,11:46:35,11:47:14,40,2026-09-08_01
181,11,Rest,,11:47:14,11:50:20,185.1,2026-09-08_01
182,3,Extraction,Pulling out trash,11:47:19,11:48:51,91.8,2026-09-08_01
183,3,Rest,,11:48:51,11:50:27,95.7,2026-09-08_01
184,11,Fluidizing,Fetching water,11:50:20,11:53:32,192.8,2026-09-08_01
185,3,Extraction,Pulling out trash,11:50:27,11:51:40,72.9,2026-09-08_01
186,2,Equipment,Maneuvering,11:50:35,11:51:37,62.5,2026-09-08_01
187,18,Fluidizing,Mixing,11:51:35,11:59:27,472.5,2026-09-08_01
188,2,Rest,,11:51:37,12:00:48,550.7,2026-09-08_01
189,3,Rest,,11:51:40,11:53:58,137.7,2026-09-08_01
190,11,Equipment,Cleaning,11:53:32,11:54:19,46.4,2026-09-08_01
191,3,Extraction,Pulling out trash,11:53:58,11:54:21,23.3,2026-09-08_01
192,11,Rest,,11:54:19,11:59:31,311.7,2026-09-08_01
193,3,Rest,,11:54:21,12:05:58,696.7,2026-09-08_01
194,18,Rest,,11:59:27,12:00:18,50.3,2026-09-08_01
195,11,Fluidizing,Fetching water,11:59:31,12:04:36,305.5,2026-09-08_01
196,18,Fluidizing,Mixing,12:00:18,12:00:50,32.6,2026-09-08_01
197,2,Fluidizing,Mixing,12:00:48,12:06:01,313.6,2026-09-08_01
198,18,Rest,,12:00:50,12:07:17,386.9,2026-09-08_01
199,11,Rest,,12:04:36,12:07:08,152.2,2026-09-08_01
200,3,Extraction,Pulling out trash,12:05:58,12:07:12,74.1,2026-09-08_01
201,2,Rest,,12:06:01,12:11:11,309.5,2026-09-08_01
202,11,Equipment,Maneuvering,12:07:08,12:11:06,237.8,2026-09-08_01
203,3,Rest,,12:07:12,12:10:46,214.3,2026-09-08_01
204,18,Equipment,Maneuvering,12:07:17,12:10:55,218.1,2026-09-08_01
205,3,Equipment,Maneuvering,12:10:46,12:11:01,15.4,2026-09-08_01
206,18,Extraction,Removing sludge,12:10:55,12:11:15,19.8,2026-09-08_01
207,3,Extraction,Removing sludge,12:11:01,12:11:19,17.9,2026-09-08_01
208,11,Rest,,12:11:06,12:24:18,791.5,2026-09-08_01
209,2,Equipment,Maneuvering,12:11:11,12:14:02,171,2026-09-08_01
210,18,Equipment,Maneuvering,12:11:15,12:13:58,162.8,2026-09-08_01
211,3,Equipment,Maneuvering,12:11:19,12:14:05,166.1,2026-09-08_01
212,18,Rest,,12:13:58,12:25:26,687.6,2026-09-08_01
213,2,Communication,With client(s),12:14:02,12:20:53,411.2,2026-09-08_01
214,3,Rest,,12:14:05,12:25:31,685.7,2026-09-08_01
215,2,Equipment,Maneuvering,12:20:53,12:20:59,6.2,2026-09-08_01
216,2,Superstructure,Modification,12:20:59,12:24:13,194,2026-09-08_01
217,2,Extraction,Removing sludge,12:24:13,12:29:00,286.4,2026-09-08_01
218,11,Equipment,Maneuvering,12:24:18,12:27:03,165.2,2026-09-08_01
219,18,Sludge handling,Filling containers,12:25:26,12:25:41,15.3,2026-09-08_01
220,3,Sludge handling,Filling containers,12:25:31,12:25:42,11.5,2026-09-08_01
221,18,Rest,,12:25:41,12:28:56,195.5,2026-09-08_01
222,3,Rest,,12:25:42,12:57:57,1934.1,2026-09-08_01
223,11,Rest,,12:27:03,12:29:20,136.7,2026-09-08_01
224,18,Sludge handling,Filling containers,12:28:56,12:29:12,16,2026-09-08_01
225,2,Rest,,12:29:00,12:29:08,7.9,2026-09-08_01
226,2,Extraction,Removing sludge,12:29:08,12:41:46,758.1,2026-09-08_01
227,18,Rest,,12:29:12,12:33:04,231.3,2026-09-08_01
228,11,Equipment,Maneuvering,12:29:20,12:31:25,125.6,2026-09-08_01
229,11,Rest,,12:31:25,12:44:13,768.3,2026-09-08_01
230,18,Sludge handling,Filling containers,12:33:04,12:33:16,12.5,2026-09-08_01
231,18,Rest,,12:33:16,12:35:35,138.7,2026-09-08_01
232,18,Sludge handling,Filling containers,12:35:35,12:36:00,24.8,2026-09-08_01
233,18,Rest,,12:36:00,12:38:38,158.4,2026-09-08_01
234,18,Sludge handling,Filling containers,12:38:38,12:39:07,29.3,2026-09-08_01
235,18,Rest,,12:39:07,12:41:03,116.3,2026-09-08_01
236,18,Sludge handling,Filling containers,12:41:03,12:41:44,40.1,2026-09-08_01
237,18,Rest,,12:41:44,12:44:10,146.4,2026-09-08_01
238,2,Rest,,12:41:46,12:41:53,6.8,2026-09-08_01
239,2,Extraction,Removing sludge,12:41:53,12:47:13,320,2026-09-08_01
240,18,Sludge handling,Filling containers,12:44:10,12:44:31,20.6,2026-09-08_01
241,11,Equipment,Maneuvering,12:44:13,12:44:16,2.3,2026-09-08_01
242,11,Equipment,Cleaning,12:44:16,12:46:17,121.1,2026-09-08_01
243,18,Rest,,12:44:31,12:48:43,252.4,2026-09-08_01
244,11,Fluidizing,Fetching water,12:46:17,12:47:19,62.5,2026-09-08_01
245,2,Communication,With other gulper(s),12:47:13,12:48:36,83.3,2026-09-08_01
246,11,Equipment,Cleaning,12:47:19,12:48:49,90.2,2026-09-08_01
247,2,Extraction,Removing sludge,12:48:36,12:57:59,562.9,2026-09-08_01
248,18,Sludge handling,Filling containers,12:48:43,12:49:35,51.6,2026-09-08_01
249,11,Fluidizing,Fetching water,12:48:49,12:49:38,48.2,2026-09-08_01
250,18,Rest,,12:49:35,12:52:24,169.6,2026-09-08_01
251,11,Equipment,Cleaning,12:49:38,12:55:13,335.5,2026-09-08_01
252,18,Sludge handling,Filling containers,12:52:24,12:53:21,56.6,2026-09-08_01
253,18,Rest,,12:53:21,12:57:53,271.8,2026-09-08_01
254,11,Rest,,12:55:13,12:55:16,2.8,2026-09-08_01
255,11,Travel,On errand,12:55:16,13:17:06,1309.7,2026-09-08_01
256,18,Equipment,Cleaning,12:57:53,12:59:57,124.7,2026-09-08_01
257,3,Equipment,Cleaning,12:57:57,13:00:04,127.7,2026-09-08_01
258,2,Rest,,12:57:59,13:02:05,245.9,2026-09-08_01
259,18,Fluidizing,Adding water,12:59:57,13:00:10,12.4,2026-09-08_01
260,3,Rest,,13:00:04,13:01:19,74.9,2026-09-08_01
261,18,Rest,,13:00:10,13:27:58,1668.2,2026-09-08_01
262,3,Fluidizing,Adding water,13:01:19,13:02:09,49.7,2026-09-08_01
263,2,Fluidizing,Mixing,13:02:05,13:03:47,102.3,2026-09-08_01
264,3,Rest,,13:02:09,13:03:00,51.1,2026-09-08_01
265,3,Extraction,Removing sludge,13:03:00,13:04:42,101.7,2026-09-08_01
266,2,Extraction,Pulling out trash,13:03:47,13:18:36,889.3,2026-09-08_01
267,3,Extraction,Pulling out trash,13:04:42,13:09:54,311.8,2026-09-08_01
268,3,Rest,,13:09:54,13:11:15,81.4,2026-09-08_01
269,3,Extraction,Pulling out trash,13:11:15,13:12:29,74.2,2026-09-08_01
270,3,Rest,,13:12:29,13:16:07,218.2,2026-09-08_01
271,3,Extraction,Pulling out trash,13:16:07,13:18:38,151.1,2026-09-08_01
272,11,Rest,,13:17:06,13:24:04,418.2,2026-09-08_01
273,2,Extraction,Removing sludge,13:18:36,13:37:06,1109.4,2026-09-08_01
274,3,Rest,,13:18:38,13:22:00,202,2026-09-08_01
275,3,Sludge handling,Filling containers,13:22:00,13:26:53,292.6,2026-09-08_01
276,11,Equipment,Maneuvering,13:24:04,13:26:59,175.6,2026-09-08_01
277,3,Rest,,13:26:53,13:38:31,697.9,2026-09-08_01
278,11,Sludge handling,Filling containers,13:26:59,13:27:52,52.4,2026-09-08_01
279,11,Rest,,13:27:52,13:39:34,702.2,2026-09-08_01
280,18,Communication,With client(s),13:27:58,13:36:55,537.1,2026-09-08_01
281,18,Rest,,13:36:55,13:39:37,162,2026-09-08_01
282,2,Equipment,Cleaning,13:37:06,13:38:37,90.7,2026-09-08_01
283,3,Equipment,Maneuvering,13:38:31,14:00:30,1319.2,2026-09-08_01
284,2,Equipment,Maneuvering,13:38:37,13:59:59,1282.4,2026-09-08_01
285,11,Equipment,Maneuvering,13:39:34,14:00:34,1259.7,2026-09-08_01
286,18,Equipment,Maneuvering,13:39:37,14:00:17,1240.1,2026-09-08_01
287,2,Travel,On errand,13:59:59,14:00:26,26.7,2026-09-08_01
288,18,Travel,Travel to disposal site,14:00:17,14:00:22,5.1,2026-09-08_01
289,18,Travel,Travel to disposal site,14:00:22,14:35:08,2085.8,2026-09-08_01
290,2,Travel,Travel to disposal site,14:00:26,14:35:06,2080.3,2026-09-08_01
291,3,Travel,Travel to disposal site,14:00:30,14:35:12,2082.1,2026-09-08_01
292,11,Travel,Travel to disposal site,14:00:34,14:35:10,2076.4,2026-09-08_01
293,2,Disposal,,14:35:06,14:44:48,582.3,2026-09-08_01
294,18,Disposal,,14:35:08,14:44:54,585.7,2026-09-08_01
295,11,Disposal,,14:35:10,14:44:57,586.7,2026-09-08_01
296,3,Disposal,,14:35:12,14:45:00,588,2026-09-08_01
297,2,Travel,On errand,14:44:48,15:25:51,2462.7,2026-09-08_01
298,18,Travel,On errand,14:44:54,15:27:00,2526.5,2026-09-08_01
299,11,Travel,On errand,14:44:57,15:26:57,2520.1,2026-09-08_01
300,3,Travel,On errand,14:45:00,15:25:58,2457.3,2026-09-08_01
301,2,Extraction,Removing sludge,15:25:51,15:26:13,22.1,2026-09-08_01
302,3,Rest,,15:25:58,15:27:44,106.3,2026-09-08_01
303,2,Fluidizing,Adding water,15:26:13,15:26:52,39.4,2026-09-08_01
304,2,Rest,,15:26:52,15:28:22,89.5,2026-09-08_01
305,11,Rest,,15:26:57,15:28:37,100.3,2026-09-08_01
306,18,Rest,,15:27:00,15:27:03,2.8,2026-09-08_01
307,18,Fluidizing,Mixing,15:27:03,15:28:28,85.3,2026-09-08_01
308,3,Equipment,Maneuvering,15:27:44,15:27:48,3.9,2026-09-08_01
309,3,Rest,,15:27:48,15:44:26,998.3,2026-09-08_01
310,2,Equipment,Cleaning,15:28:22,15:29:55,93.3,2026-09-08_01
311,18,Extraction,Removing sludge,15:28:28,15:44:12,943.9,2026-09-08_01
312,11,Travel,On errand,15:28:37,15:38:54,617,2026-09-08_01
313,2,Extraction,Removing sludge,15:29:55,15:33:36,220.7,2026-09-08_01
314,2,Rest,,15:33:36,15:44:18,642.6,2026-09-08_01
315,11,Rest,,15:38:54,16:03:14,1459.9,2026-09-08_01
316,18,Rest,,15:44:12,15:44:32,20.1,2026-09-08_01
317,2,Extraction,Removing sludge,15:44:18,16:01:50,1051.5,2026-09-08_01
318,3,Fluidizing,Adding water,15:44:26,15:44:38,12,2026-09-08_01
319,18,Equipment,Maneuvering,15:44:32,15:45:15,42.4,2026-09-08_01
320,3,Rest,,15:44:38,15:52:00,442.3,2026-09-08_01
321,18,Fluidizing,Fetching water,15:45:15,15:47:29,134.6,2026-09-08_01
322,18,Equipment,Cleaning,15:47:29,15:58:25,656,2026-09-08_01
323,3,Equipment,Maneuvering,15:52:00,15:58:20,379.5,2026-09-08_01
324,3,Rest,,15:58:20,16:06:08,468.6,2026-09-08_01
325,18,Rest,,15:58:25,16:03:08,282.1,2026-09-08_01
326,2,Rest,,16:01:50,16:02:41,51.5,2026-09-08_01
327,2,Extraction,Removing sludge,16:02:41,16:09:56,434.7,2026-09-08_01
328,18,Equipment,Maneuvering,16:03:08,16:06:37,209.5,2026-09-08_01
329,11,Equipment,Cleaning,16:03:14,16:05:00,105.6,2026-09-08_01
330,11,Equipment,Maneuvering,16:05:00,16:06:17,76.8,2026-09-08_01
331,3,Equipment,Maneuvering,16:06:08,16:06:48,39.2,2026-09-08_01
332,11,Sludge handling,Container transport,16:06:17,16:08:16,119.2,2026-09-08_01
333,18,Sludge handling,Container transport,16:06:37,16:08:21,103.7,2026-09-08_01
334,3,Rest,,16:06:48,16:11:11,263.7,2026-09-08_01
335,11,Rest,,16:08:16,16:16:11,474.9,2026-09-08_01
336,18,Equipment,Cleaning,16:08:21,16:09:52,91.5,2026-09-08_01
337,18,Rest,,16:09:52,16:12:21,149.2,2026-09-08_01
338,2,Communication,With other gulper(s),16:09:56,16:11:06,70.2,2026-09-08_01
339,2,Superstructure,Cleaning,16:11:06,16:12:26,79.5,2026-09-08_01
340,3,Superstructure,Cleaning,16:11:11,16:12:30,78.7,2026-09-08_01
341,18,Superstructure,Cleaning,16:12:21,16:17:31,309.8,2026-09-08_01
342,2,Rest,,16:12:26,16:14:28,122,2026-09-08_01
343,3,Rest,,16:12:30,16:21:57,566.9,2026-09-08_01
344,2,Superstructure,Cleaning,16:14:28,16:16:52,144.4,2026-09-08_01
345,11,Equipment,Cleaning,16:16:11,16:25:46,575.4,2026-09-08_01
346,2,Extraction,Removing sludge,16:16:52,16:21:59,307.2,2026-09-08_01
347,18,Rest,,16:17:31,16:21:48,256.6,2026-09-08_01
348,18,Sludge handling,Container transport,16:21:48,16:25:23,215.4,2026-09-08_01
349,3,Equipment,Maneuvering,16:21:57,16:23:15,78.6,2026-09-08_01
350,2,Rest,,16:21:59,16:25:17,197.5,2026-09-08_01
351,3,Equipment,Cleaning,16:23:15,16:25:31,135.8,2026-09-08_01
352,2,Superstructure,Cleaning,16:25:17,16:31:41,384.1,2026-09-08_01
353,18,Equipment,Cleaning,16:25:23,16:32:58,454.4,2026-09-08_01
354,3,Superstructure,Cleaning,16:25:31,16:29:03,211.9,2026-09-08_01
355,11,Sludge handling,Container transport,16:25:46,16:29:07,200.6,2026-09-08_01
356,3,Rest,,16:29:03,16:31:50,166.4,2026-09-08_01
357,11,Rest,,16:29:07,16:36:16,429.3,2026-09-08_01
358,2,Equipment,Maneuvering,16:31:41,16:36:24,282.7,2026-09-08_01
359,3,Equipment,Maneuvering,16:31:50,16:53:16,1286.4,2026-09-08_01
360,18,Superstructure,Cleaning,16:32:58,16:37:12,254.8,2026-09-08_01
361,11,Equipment,Maneuvering,16:36:16,16:38:29,133,2026-09-08_01
362,2,Rest,,16:36:24,16:53:25,1021,2026-09-08_01
363,18,Equipment,Maneuvering,16:37:12,16:38:22,69.6,2026-09-08_01
364,18,Fluidizing,Fetching water,16:38:22,16:53:20,897.7,2026-09-08_01
365,11,Rest,,16:38:29,16:53:12,883.1,2026-09-08_01
366,11,Travel,Travel to disposal site,16:53:12,17:39:14,2761.8,2026-09-08_01
367,3,Travel,Travel to disposal site,16:53:16,17:39:16,2759.9,2026-09-08_01
368,18,Travel,Travel to disposal site,16:53:20,17:39:12,2752,2026-09-08_01
369,2,Travel,Travel to disposal site,16:53:25,17:39:08,2743.6,2026-09-08_01
370,2,Disposal,,17:39:08,17:44:39,330.8,2026-09-08_01
371,18,Disposal,,17:39:12,17:44:51,339.6,2026-09-08_01
372,11,Disposal,,17:39:14,17:44:49,334.8,2026-09-08_01
373,3,Disposal,,17:39:16,17:44:43,327.7,2026-09-08_01
374,2,Equipment,Cleaning,17:44:39,17:50:21,341.8,2026-09-08_01
375,3,Equipment,Cleaning,17:44:43,17:50:21,337.5,2026-09-08_01
376,11,Equipment,Cleaning,17:44:49,17:50:21,332.3,2026-09-08_01
377,18,Equipment,Cleaning,17:44:51,17:50:21,329.6,2026-09-08_01
